"pattern","density_profile","noise_type","replicate","family","dimensions","samples","noise","minority","scenario","method","n","classes","initial_accuracy","accuracy","accuracy_gain","error_reduction","ari","macro_recall","worst_recall","sparse_region_accuracy","dense_region_accuracy","boundary_accuracy","interior_accuracy","correction_recall","damage_rate","changed_precision","changed_fraction","unresolved_fraction","seconds","density_ratio"
"branching","extreme","boundary",1,"geometric",2,1,0.25,NA,1,"FiberMargin",6000,5,0.75,0.794833333333333,0.0448333333333333,0.179333333333333,0.47954184911257,0.809905520536665,0.577777777777778,0.870967741935484,0.696269982238011,0.100833333333333,0.968333333333333,0.179333333333333,0,0.295279912184413,0.151833333333333,0,0.0229999999999999,108.967741935484
"branching","extreme","boundary",2,"geometric",2,1,0.25,NA,2,"FiberMargin",6000,5,0.75,0.783333333333333,0.0333333333333333,0.133333333333333,0.521069296646858,0.735114834074611,0.548192771084337,0.807017543859649,0.85264862364099,0.0708333333333333,0.961458333333333,0.133333333333333,0,0.244498777506112,0.136333333333333,0,0.0199999999999999,75.8421052631579
"branching","extreme","boundary",3,"geometric",2,3,0.25,NA,3,"FiberMargin",6000,5,0.75,0.847666666666667,0.0976666666666667,0.390666666666667,0.725864331548169,0.873021020540185,0.708756652152879,0.938356164383562,0.948514851485148,0.32,0.979583333333333,0.393333333333333,0.000888888888888889,0.555032925682032,0.177166666666667,0,0.0229999999999999,17.2945205479452
"branching","extreme","patch",1,"geometric",2,1,0.25,NA,4,"FiberMargin",6000,5,0.75,0.780666666666667,0.0306666666666666,0.122666666666666,0.61084937441872,0.894366874957124,0.637245981195026,0.946808510638298,0.637245981195026,0.644166666666667,0.814791666666667,0.133333333333333,0.00355555555555556,0.208550573514077,0.159833333333333,0,0.022,35.0744680851064
"branching","extreme","patch",2,"geometric",2,1,0.25,NA,5,"FiberMargin",6000,5,0.75,0.794,0.044,0.176,0.584883912981537,0.838212011869473,0.729160486502522,0.772727272727273,0.729160486502522,0.8425,0.781875,0.194,0.006,0.302494802494802,0.160333333333333,0,0.018,76.6136363636364
"branching","extreme","patch",3,"geometric",2,3,0.25,NA,6,"FiberMargin",6000,5,0.75,0.812166666666667,0.0621666666666667,0.248666666666667,0.635753095906429,0.849795241267459,0.765376782077393,0.934959349593496,0.765376782077393,0.698333333333333,0.840625,0.276,0.00911111111111111,0.405484818805093,0.170166666666667,0,0.0190000000000001,19.9593495934959
"branching","extreme","random",1,"geometric",2,1,0.25,NA,7,"FiberMargin",6000,5,0.75,0.987833333333333,0.237833333333333,0.951333333333333,0.973102685617877,0.954632697750785,0.908450704225352,0.927835051546392,0.998824635637047,0.961666666666667,0.994375,0.969333333333333,0.006,0.97257525083612,0.249166666666667,0,0.0199999999999998,43.8556701030928
"branching","extreme","random",2,"geometric",2,1,0.25,NA,8,"FiberMargin",6000,5,0.75,0.991833333333333,0.241833333333333,0.967333333333333,0.983236268143721,0.945067931446774,0.873949579831933,0.896103896103896,0.999364406779661,0.97,0.997291666666667,0.977333333333333,0.00333333333333333,0.981258366800535,0.249,0,0.0189999999999999,61.2987012987013
"branching","extreme","random",3,"geometric",2,3,0.25,NA,9,"FiberMargin",6000,5,0.75,0.9905,0.2405,0.962,0.985956546607244,0.891924949265807,0.733333333333333,0.733333333333333,0.999262899262899,0.966666666666667,0.996458333333333,0.975333333333333,0.00444444444444444,0.975333333333333,0.25,0,0.0189999999999999,135.666666666667
"branching","extreme","region",1,"geometric",2,1,0.25,NA,10,"FiberMargin",6000,5,0.75,0.746333333333333,-0.00366666666666671,-0.0146666666666668,0.523771141952618,0.88654033175044,0.673943661971831,0.968253968253968,0.673943661971831,0.831666666666667,0.725,0.0153333333333333,0.01,0.338235294117647,0.0113333333333333,0,0.02,67.6190476190476
"branching","extreme","region",2,"geometric",2,1,0.25,NA,11,"FiberMargin",6000,5,0.75,0.747166666666667,-0.00283333333333335,-0.0113333333333334,0.510440500691148,0.820369377412406,0.674683544303798,0.887218045112782,0.674683544303798,0.715,0.755208333333333,0.018,0.00977777777777778,0.346153846153846,0.013,0,0.0169999999999999,17.8195488721805
"branching","extreme","region",3,"geometric",2,3,0.25,NA,12,"FiberMargin",6000,5,0.75,0.749666666666667,-0.000333333333333297,-0.00133333333333319,0.342220984682931,0.883203098127947,0.691308243727599,0.918367346938776,0.691308243727599,0.835,0.728333333333333,0.0166666666666667,0.006,0.454545454545455,0.00916666666666667,0,0.0189999999999999,91.1020408163265
"branching","hotspot","boundary",1,"geometric",2,1,0.25,NA,13,"FiberMargin",6000,5,0.75,0.7855,0.0355,0.142,0.724235993312563,0.739185160238736,0.30174081237911,0.887788778877888,0.87963963963964,0.0758333333333333,0.962916666666667,0.144,0.000666666666666667,0.254117647058824,0.141666666666667,0,0.02,9.15841584158416
"branching","hotspot","boundary",2,"geometric",2,1,0.25,NA,14,"FiberMargin",6000,5,0.75,0.7945,0.0445,0.178,0.709764195691335,0.678191159260668,0.21826280623608,0.804878048780488,0.919117647058823,0.095,0.969375,0.179333333333333,0.000444444444444444,0.298557158712542,0.150166666666667,0,0.018,16.5853658536585
"branching","hotspot","boundary",3,"geometric",2,3,0.25,NA,15,"FiberMargin",6000,5,0.75,0.837166666666667,0.0871666666666666,0.348666666666666,0.711136229688218,0.768479434917487,0.323711340206186,0.323711340206186,0.902876585214971,0.275,0.977708333333333,0.352,0.00111111111111111,0.535496957403651,0.164333333333333,0,0.02,6.6659793814433
"branching","hotspot","patch",1,"geometric",2,1,0.25,NA,16,"FiberMargin",6000,5,0.75,0.787166666666667,0.0371666666666667,0.148666666666667,0.515580066288016,0.805247903906403,0.595628415300546,0.595628415300546,0.690499510284035,0.889166666666667,0.761666666666667,0.165333333333333,0.00555555555555556,0.256198347107438,0.161333333333333,0,0.0190000000000001,8.36885245901639
"branching","hotspot","patch",2,"geometric",2,1,0.25,NA,17,"FiberMargin",6000,5,0.75,0.798666666666667,0.0486666666666666,0.194666666666667,0.558289742143832,0.843853670332935,0.668316831683168,0.941176470588235,0.731774415405777,0.800833333333333,0.798125,0.219333333333333,0.00822222222222222,0.3212890625,0.170666666666667,0,0.0189999999999999,15.5508021390374
"branching","hotspot","patch",3,"geometric",2,3,0.25,NA,18,"FiberMargin",6000,5,0.75,0.825166666666667,0.0751666666666667,0.300666666666667,0.647755182762321,0.82421177708446,0.670967741935484,0.670967741935484,0.790438533429188,0.819166666666667,0.826666666666667,0.338666666666667,0.0126666666666667,0.447971781305115,0.189,0,0.0189999999999999,17.9483870967742
"branching","hotspot","random",1,"geometric",2,1,0.25,NA,19,"FiberMargin",6000,5,0.75,0.9915,0.2415,0.966,0.982317218584604,0.987082633421965,0.967787114845938,0.985,0.997752808988764,0.960833333333333,0.999166666666667,0.986666666666667,0.00688888888888889,0.974967061923584,0.253,0,0.0189999999999999,11.125
"branching","hotspot","random",2,"geometric",2,1,0.25,NA,20,"FiberMargin",6000,5,0.75,0.985666666666667,0.235666666666667,0.942666666666667,0.965097468645861,0.9821499679521,0.971514242878561,0.973509933774834,0.990371389270977,0.9425,0.996458333333333,0.97,0.00911111111111111,0.95976253298153,0.252666666666667,0,0.0210000000000001,4.81456953642384
"branching","hotspot","random",3,"geometric",2,3,0.25,NA,21,"FiberMargin",6000,5,0.75,0.979,0.229,0.916,0.952805757725567,0.9591827415606,0.891304347826087,0.891304347826087,0.982658959537572,0.9175,0.994375,0.956,0.0133333333333333,0.935420743639922,0.2555,0,0.02,8.27391304347826
"branching","hotspot","region",1,"geometric",2,1,0.25,NA,22,"FiberMargin",6000,5,0.75,0.748833333333333,-0.00116666666666665,-0.0046666666666666,0.470526611000599,0.808250826333081,0.671003717472119,0.920245398773006,0.671003717472119,0.840833333333333,0.725833333333333,0.018,0.00755555555555556,0.435483870967742,0.0103333333333333,0,0.0210000000000001,16.5030674846626
"branching","hotspot","region",2,"geometric",2,1,0.25,NA,23,"FiberMargin",6000,5,0.75,0.742666666666667,-0.0073333333333333,-0.0293333333333332,0.504750919537187,0.784854687231101,0.610193826274228,0.983695652173913,0.765513733468973,0.783333333333333,0.7325,0.0246666666666667,0.018,0.308333333333333,0.02,0,0.022,10.6847826086957
"branching","hotspot","region",3,"geometric",2,3,0.25,NA,24,"FiberMargin",6000,5,0.75,0.759333333333333,0.0093333333333333,0.0373333333333332,0.524956101834383,0.839718990933557,0.593277945619335,0.920245398773006,0.593277945619335,0.789166666666667,0.751875,0.113333333333333,0.0253333333333333,0.598591549295775,0.0473333333333333,0,0.02,8.12269938650307
"branching","moderate","boundary",1,"geometric",2,1,0.25,NA,25,"FiberMargin",6000,5,0.75,0.818166666666667,0.0681666666666667,0.272666666666667,0.59511360994286,0.845123922528226,0.622280243690165,0.961672473867596,0.721465968586387,0.180833333333333,0.9775,0.273333333333333,0.000222222222222222,0.39272030651341,0.174,0,0.0209999999999999,6.65505226480836
"branching","moderate","boundary",2,"geometric",2,1,0.25,NA,26,"FiberMargin",6000,5,0.75,0.824333333333333,0.0743333333333334,0.297333333333333,0.661384593775189,0.838363606856251,0.619105939987753,0.9272030651341,0.933102081268583,0.225,0.974166666666667,0.3,0.000888888888888889,0.45,0.166666666666667,0,0.0189999999999997,3.86590038314176
"branching","moderate","boundary",3,"geometric",2,3,0.25,NA,27,"FiberMargin",6000,5,0.75,0.857333333333333,0.107333333333333,0.429333333333333,0.697987292231573,0.837052251623301,0.641247833622184,0.641247833622184,0.978168587022438,0.345,0.985416666666667,0.431333333333333,0.000666666666666667,0.587647593097184,0.1835,0,0.0210000000000004,2.8578856152513
"branching","moderate","patch",1,"geometric",2,1,0.25,NA,28,"FiberMargin",6000,5,0.75,0.8005,0.0505,0.202,0.597096030143196,0.841152479575598,0.679284963196635,0.963768115942029,0.679284963196635,0.893333333333333,0.777291666666667,0.226666666666667,0.00822222222222222,0.329138431752178,0.172166666666667,0,0.0180000000000002,6.89130434782609
"branching","moderate","patch",2,"geometric",2,1,0.25,NA,29,"FiberMargin",6000,5,0.75,0.7795,0.0295,0.118,0.585767248672202,0.820579913821848,0.66516208453016,0.923076923076923,0.66516208453016,0.791666666666667,0.776458333333333,0.141333333333333,0.00777777777777778,0.221063607924922,0.159833333333333,0,0.02,6.94301994301994
"branching","moderate","patch",3,"geometric",2,3,0.25,NA,30,"FiberMargin",6000,5,0.75,0.843833333333333,0.0938333333333333,0.375333333333333,0.64952150979978,0.851259431207112,0.76898566117897,0.789046653144016,0.868551587301587,0.783333333333333,0.858958333333333,0.412,0.0122222222222222,0.54353562005277,0.1895,0,0.0190000000000001,4.08924949290061
"branching","moderate","random",1,"geometric",2,1,0.25,NA,31,"FiberMargin",6000,5,0.75,0.985666666666667,0.235666666666667,0.942666666666667,0.964930408654512,0.984997448336813,0.976483762597984,0.992633517495396,0.99440488301119,0.9425,0.996458333333333,0.976666666666667,0.0113333333333333,0.958142576847613,0.254833333333333,0,0.0219999999999998,3.62062615101289
"branching","moderate","random",2,"geometric",2,1,0.25,NA,32,"FiberMargin",6000,5,0.75,0.989166666666667,0.239166666666667,0.956666666666667,0.980861499982124,0.972857625899776,0.925465838509317,0.947521865889213,1,0.948333333333333,0.999375,0.982,0.00844444444444444,0.964005235602094,0.254666666666667,0,0.0179999999999998,6.88921282798834
"branching","moderate","random",3,"geometric",2,3,0.25,NA,33,"FiberMargin",6000,5,0.75,0.981333333333333,0.231333333333333,0.925333333333333,0.966144492056825,0.959561666934219,0.888513513513513,0.888513513513513,0.995672868887927,0.92,0.996666666666667,0.964666666666667,0.0131111111111111,0.940220922677063,0.2565,0,0.06,7.80743243243243
"branching","moderate","region",1,"geometric",2,1,0.25,NA,34,"FiberMargin",6000,5,0.75,0.749166666666667,-0.000833333333333353,-0.00333333333333341,0.514423632016862,0.759297243228411,0.686015831134565,0.75875486381323,0.686015831134565,0.803333333333333,0.735625,0.032,0.0117777777777778,0.461538461538462,0.0173333333333333,0,0.0180000000000002,7.37354085603113
"branching","moderate","region",2,"geometric",2,1,0.25,NA,35,"FiberMargin",6000,5,0.75,0.744,-0.006,-0.024,0.508266656263604,0.757801379796981,0.689905591866376,0.815217391304348,0.749465811965812,0.8025,0.729375,0.0306666666666667,0.0182222222222222,0.359375,0.0213333333333333,0,0.052,6.78260869565217
"branching","moderate","region",3,"geometric",2,3,0.25,NA,36,"FiberMargin",6000,5,0.75,0.752666666666667,0.00266666666666671,0.0106666666666668,0.465415038455521,0.763825736737255,0.639571518588532,0.715767634854772,0.639571518588532,0.688333333333333,0.76875,0.0773333333333333,0.0222222222222222,0.534562211981567,0.0361666666666667,0,0.0549999999999997,1.64626556016598
"branching","strong","boundary",1,"geometric",2,1,0.25,NA,37,"FiberMargin",6000,5,0.75,0.787166666666667,0.0371666666666667,0.148666666666667,0.637747839707603,0.706925868641291,0.468152866242038,0.842592592592593,0.804403318442884,0.08,0.963958333333333,0.151333333333333,0.000888888888888889,0.277506112469438,0.136333333333333,0,0.0190000000000001,29.0185185185185
"branching","strong","boundary",2,"geometric",2,1,0.25,NA,38,"FiberMargin",6000,5,0.75,0.795333333333333,0.0453333333333333,0.181333333333333,0.681528081640755,0.703651127463131,0.491329479768786,0.87375415282392,0.887186261558785,0.095,0.970416666666667,0.182,0.000222222222222222,0.308474576271186,0.1475,0,0.0249999999999999,12.5747508305648
"branching","strong","boundary",3,"geometric",2,3,0.25,NA,39,"FiberMargin",6000,5,0.75,0.847666666666667,0.0976666666666667,0.390666666666667,0.622690200283596,0.904202341128248,0.753952950250675,0.951871657754011,0.753952950250675,0.3175,0.980208333333333,0.394,0.00111111111111111,0.547222222222222,0.18,0,0.02,6.9331550802139
"branching","strong","patch",1,"geometric",2,1,0.25,NA,40,"FiberMargin",6000,5,0.75,0.781666666666667,0.0316666666666666,0.126666666666666,0.542306862706141,0.835037042243037,0.743199129488575,0.912820512820513,0.743199129488575,0.731666666666667,0.794166666666667,0.14,0.00444444444444444,0.226781857451404,0.154333333333333,0,0.0190000000000001,18.8512820512821
"branching","strong","patch",2,"geometric",2,1,0.25,NA,41,"FiberMargin",6000,5,0.75,0.801,0.051,0.204,0.576122602407454,0.870266721878006,0.694247159090909,0.95,0.694247159090909,0.728333333333333,0.819166666666667,0.232666666666667,0.00955555555555555,0.320477502295684,0.1815,0,0.0180000000000002,28.16
"branching","strong","patch",3,"geometric",2,3,0.25,NA,42,"FiberMargin",6000,5,0.75,0.824666666666667,0.0746666666666667,0.298666666666667,0.617786237958451,0.85461659982631,0.774090909090909,0.798206278026906,0.805781391147245,0.774166666666667,0.837291666666667,0.338,0.0131111111111111,0.463436928702011,0.182333333333333,0,0.0180000000000002,9.92825112107623
"branching","strong","random",1,"geometric",2,1,0.25,NA,43,"FiberMargin",6000,5,0.75,0.987833333333333,0.237833333333333,0.951333333333333,0.973026501873056,0.977553434296384,0.942446043165468,0.964824120603015,0.998516320474777,0.948333333333333,0.997708333333333,0.973333333333333,0.00733333333333333,0.964970257766028,0.252166666666667,0,0.02,6.77386934673367
"branching","strong","random",2,"geometric",2,1,0.25,NA,44,"FiberMargin",6000,5,0.75,0.986,0.236,0.944,0.970589064790532,0.966874573508552,0.92018779342723,0.92018779342723,0.998902305159166,0.943333333333333,0.996666666666667,0.969333333333333,0.00844444444444444,0.960369881109643,0.252333333333333,0,0.0179999999999998,12.830985915493
"branching","strong","random",3,"geometric",2,3,0.25,NA,45,"FiberMargin",6000,5,0.75,0.982,0.232,0.928,0.965474929955741,0.920306323606591,0.714285714285714,0.714285714285714,0.998066511987626,0.928333333333333,0.995416666666667,0.964666666666667,0.0122222222222222,0.946370176586004,0.254833333333333,0,0.0169999999999999,14.2087912087912
"branching","strong","region",1,"geometric",2,1,0.25,NA,46,"FiberMargin",6000,5,0.75,0.748833333333333,-0.00116666666666665,-0.0046666666666666,0.434973519652148,0.860930236775592,0.646711884399882,0.972477064220184,0.646711884399882,0.8075,0.734166666666667,0.014,0.00622222222222222,0.428571428571429,0.00816666666666667,0,0.016,31.1100917431193
"branching","strong","region",2,"geometric",2,1,0.25,NA,47,"FiberMargin",6000,5,0.75,0.745666666666667,-0.0043333333333333,-0.0173333333333332,0.519043997276015,0.853990603399304,0.670384502494863,0.954773869346734,0.670384502494863,0.835833333333333,0.723125,0.02,0.0124444444444444,0.348837209302326,0.0143333333333333,0,0.0169999999999999,17.1206030150754
"branching","strong","region",3,"geometric",2,3,0.25,NA,48,"FiberMargin",6000,5,0.75,0.75,0,0,0.511907994575943,0.759396377629403,0.591854803010181,0.681818181818182,0.591854803010181,0.6475,0.775625,0.072,0.024,0.5,0.036,0,0.0169999999999999,17.1136363636364
"branching","uniform","boundary",1,"geometric",2,1,0.25,NA,49,"FiberMargin",6000,5,0.75,0.825333333333333,0.0753333333333334,0.301333333333333,0.675887445901926,0.799911724285116,0.566912539515279,0.865853658536585,0.962040332147094,0.216666666666667,0.9775,0.302666666666667,0.000444444444444444,0.444227005870841,0.170333333333333,0,0.016,2.93728222996516
"branching","uniform","boundary",2,"geometric",2,1,0.25,NA,50,"FiberMargin",6000,5,0.75,0.831833333333333,0.0818333333333333,0.327333333333333,0.673095865097469,0.811194869405065,0.590526315789474,0.898275862068965,0.914029850746269,0.226666666666667,0.983125,0.328,0.000222222222222222,0.469465648854962,0.174666666666667,0,0.0189999999999997,2.88793103448276
"branching","uniform","boundary",3,"geometric",2,3,0.25,NA,51,"FiberMargin",6000,5,0.75,0.846,0.096,0.384,0.699655383910791,0.830279689281038,0.59745347698335,0.91395793499044,0.976941747572815,0.299166666666667,0.982708333333333,0.384666666666667,0.000222222222222222,0.527422303473492,0.182333333333333,0,0.0169999999999999,3.15105162523901
"branching","uniform","patch",1,"geometric",2,1,0.25,NA,52,"FiberMargin",6000,5,0.75,0.793166666666667,0.0431666666666667,0.172666666666667,0.594325880986896,0.777553000762235,0.568791946308725,0.568791946308725,0.726290516206483,0.8125,0.788333333333333,0.201333333333333,0.00955555555555555,0.294060370009737,0.171166666666667,0,0.0169999999999999,2.79530201342282
"branching","uniform","patch",2,"geometric",2,1,0.25,NA,53,"FiberMargin",6000,5,0.75,0.8,0.05,0.2,0.599304578747715,0.796926066575351,0.693454846727423,0.849462365591398,0.811377245508982,0.835833333333333,0.791041666666667,0.226666666666667,0.00888888888888889,0.322886989553656,0.1755,0,0.0179999999999998,2.99283154121864
"branching","uniform","patch",3,"geometric",2,3,0.25,NA,54,"FiberMargin",6000,5,0.75,0.8375,0.0875,0.35,0.665185891219788,0.85994524451003,0.741681790683606,0.986817325800377,0.864146485528647,0.835833333333333,0.837916666666667,0.391333333333333,0.0137777777777778,0.501709401709402,0.195,0,0.016,3.18832391713748
"branching","uniform","random",1,"geometric",2,1,0.25,NA,55,"FiberMargin",6000,5,0.75,0.989,0.239,0.956,0.975485683701124,0.986632007855092,0.979310344827586,0.979667282809612,0.995127892813642,0.949166666666667,0.998958333333333,0.976,0.00666666666666667,0.968253968253968,0.252,0,0.0180000000000002,3.03512014787431
"branching","uniform","random",2,"geometric",2,1,0.25,NA,56,"FiberMargin",6000,5,0.75,0.986333333333333,0.236333333333333,0.945333333333333,0.969713798729229,0.981834066555132,0.962550607287449,0.967117988394584,0.99578567128236,0.935,0.999166666666667,0.98,0.0115555555555556,0.957654723127036,0.255833333333333,0,0.0180000000000002,3.21276595744681
"branching","uniform","random",3,"geometric",2,3,0.25,NA,57,"FiberMargin",6000,5,0.75,0.9785,0.2285,0.914,0.951961825279868,0.973774926557717,0.946464646464646,0.959381044487427,0.987841945288754,0.905833333333333,0.996666666666667,0.955333333333333,0.0137777777777778,0.932942708333333,0.256,0,0.0169999999999999,3.18181818181818
"branching","uniform","region",1,"geometric",2,1,0.25,NA,58,"FiberMargin",6000,5,0.75,0.747333333333333,-0.00266666666666671,-0.0106666666666668,0.455430753661913,0.752114402489514,0.650371287128713,0.8,0.80023161551824,0.725,0.752916666666667,0.0373333333333333,0.016,0.424242424242424,0.022,0,0.0180000000000002,3.28952380952381
"branching","uniform","region",2,"geometric",2,1,0.25,NA,59,"FiberMargin",6000,5,0.75,0.745833333333333,-0.00416666666666665,-0.0166666666666666,0.53847578029843,0.776078754340227,0.617021276595745,0.807339449541284,0.637382075471698,0.795,0.733541666666667,0.0273333333333333,0.0146666666666667,0.383177570093458,0.0178333333333333,0,0.0189999999999997,3.11192660550459
"branching","uniform","region",3,"geometric",2,3,0.25,NA,60,"FiberMargin",6000,5,0.75,0.746666666666667,-0.0033333333333333,-0.0133333333333332,0.513482458051242,0.773129967569686,0.64454094292804,0.909893992932862,0.64454094292804,0.856666666666667,0.719166666666667,0.0713333333333333,0.0282222222222222,0.457264957264957,0.039,0,0.0169999999999999,2.84805653710247
"disconnected","extreme","boundary",1,"geometric",2,1,0.25,NA,61,"FiberMargin",6000,5,0.75,0.804,0.054,0.216,0.623197654351589,0.85016454907142,0.773246329526917,0.876923076923077,0.773246329526917,0.123333333333333,0.974166666666667,0.218,0.000666666666666667,0.355434782608696,0.153333333333333,0,0.0179999999999998,56.5846153846154
"disconnected","extreme","boundary",2,"geometric",2,1,0.25,NA,62,"FiberMargin",6000,5,0.75,0.799666666666667,0.0496666666666666,0.198666666666667,0.617045132600114,0.831877277364754,0.772714642956377,0.861111111111111,0.772714642956377,0.105833333333333,0.973125,0.200666666666667,0.000666666666666667,0.336312849162011,0.149166666666667,0,0.0179999999999998,49.9861111111111
"disconnected","extreme","boundary",3,"geometric",2,3,0.25,NA,63,"FiberMargin",6000,5,0.75,0.857333333333333,0.107333333333333,0.429333333333333,0.715700419773985,0.854079705883701,0.843951324266285,0.854166666666667,0.86220169361047,0.375,0.977916666666667,0.434666666666667,0.00177777777777778,0.653961885656971,0.166166666666667,0,0.0180000000000007,81.1875
"disconnected","extreme","patch",1,"geometric",2,1,0.25,NA,64,"FiberMargin",6000,5,0.75,0.779333333333333,0.0293333333333333,0.117333333333333,0.49936377346575,0.879661742883322,0.746964856230032,0.953846153846154,0.756540309663641,0.841666666666667,0.76375,0.142,0.00822222222222222,0.23202614379085,0.153,0,0.0190000000000001,57.6307692307692
"disconnected","extreme","patch",2,"geometric",2,1,0.25,NA,65,"FiberMargin",6000,5,0.75,0.781833333333333,0.0318333333333334,0.127333333333334,0.582125692168927,0.869589744543528,0.714625760380852,0.9,0.714625760380852,0.8225,0.771666666666667,0.144666666666667,0.00577777777777778,0.236641221374046,0.152833333333333,0,0.0179999999999998,63.0166666666667
"disconnected","extreme","patch",3,"geometric",2,3,0.25,NA,66,"FiberMargin",6000,5,0.75,0.830833333333333,0.0808333333333333,0.323333333333333,0.622484269970546,0.882469185003748,0.78029689608637,0.873239436619718,0.78029689608637,0.86,0.823541666666667,0.36,0.0122222222222222,0.491355777979982,0.183166666666667,0,0.0200000000000005,52.1830985915493
"disconnected","extreme","random",1,"geometric",2,1,0.25,NA,67,"FiberMargin",6000,5,0.75,0.991,0.241,0.964,0.982560750250329,0.959042508102319,0.905405405405405,0.905405405405405,0.999465383587276,0.964166666666667,0.997708333333333,0.971333333333333,0.00244444444444444,0.982467970330411,0.247166666666667,0,0.0179999999999998,50.5540540540541
"disconnected","extreme","random",2,"geometric",2,1,0.25,NA,68,"FiberMargin",6000,5,0.75,0.989166666666667,0.239166666666667,0.956666666666667,0.979190531651031,0.923602571064632,0.770491803278688,0.770491803278688,0.999461352006464,0.9625,0.995833333333333,0.972666666666667,0.00533333333333333,0.975919732441472,0.249166666666667,0,0.0179999999999998,60.8688524590164
"disconnected","extreme","random",3,"geometric",2,3,0.25,NA,69,"FiberMargin",6000,5,0.75,0.978333333333333,0.228333333333333,0.913333333333334,0.953258734912321,0.891826661391743,0.689655172413793,0.689655172413793,0.998162729658793,0.924166666666667,0.991875,0.947333333333333,0.0113333333333333,0.942307692307692,0.251333333333333,0,0.0170000000000003,65.6896551724138
"disconnected","extreme","region",1,"geometric",2,1,0.25,NA,70,"FiberMargin",6000,5,0.75,0.746666666666667,-0.0033333333333333,-0.0133333333333332,0.558054586824376,0.832454167607805,0.672339276066991,0.871794871794872,0.672339276066991,0.773333333333333,0.74,0.03,0.0144444444444444,0.409090909090909,0.0183333333333333,0,0.0170000000000003,47.4615384615385
"disconnected","extreme","region",2,"geometric",2,1,0.25,NA,71,"FiberMargin",6000,5,0.75,0.744,-0.006,-0.024,0.449804823662785,0.835037177180425,0.688349007314525,0.873015873015873,0.688349007314525,0.754166666666667,0.741458333333333,0.022,0.0153333333333333,0.302752293577982,0.0181666666666667,0,0.0179999999999998,60.7619047619048
"disconnected","extreme","region",3,"geometric",2,3,0.25,NA,72,"FiberMargin",6000,5,0.75,0.745666666666667,-0.0043333333333333,-0.0173333333333332,0.566123667624187,0.790711341836241,0.63817097415507,0.758620689655172,0.758993778739519,0.764166666666667,0.741041666666667,0.0406666666666667,0.0193333333333333,0.403973509933775,0.0251666666666667,0,0.0190000000000001,63.7413793103448
"disconnected","hotspot","boundary",1,"geometric",2,1,0.25,NA,73,"FiberMargin",6000,5,0.75,0.829833333333333,0.0798333333333333,0.319333333333333,0.649303707410043,0.849858746886225,0.768644747393745,0.833009708737864,0.768644747393745,0.215,0.983541666666667,0.321333333333333,0.000666666666666667,0.467961165048544,0.171666666666667,0,0.0199999999999996,4.84271844660194
"disconnected","hotspot","boundary",2,"geometric",2,1,0.25,NA,74,"FiberMargin",6000,5,0.75,0.831333333333333,0.0813333333333334,0.325333333333333,0.662148983420682,0.838408312407877,0.805059523809524,0.89344262295082,0.813320369470102,0.230833333333333,0.981458333333333,0.326666666666667,0.000444444444444444,0.471607314725698,0.173166666666667,0,0.0189999999999992,4.21516393442623
"disconnected","hotspot","boundary",3,"geometric",2,3,0.25,NA,75,"FiberMargin",6000,5,0.75,0.878833333333333,0.128833333333333,0.515333333333333,0.74245172130425,0.892659938101814,0.80406779661017,0.94279176201373,0.890238611713666,0.435,0.989791666666667,0.519333333333333,0.00133333333333333,0.676215277777778,0.192,0,0.0200000000000005,5.2745995423341
"disconnected","hotspot","patch",1,"geometric",2,1,0.25,NA,76,"FiberMargin",6000,5,0.75,0.787333333333333,0.0373333333333333,0.149333333333333,0.571519564167,0.810701498033044,0.681655595298927,0.876565295169946,0.681655595298927,0.781666666666667,0.78875,0.177333333333333,0.00933333333333333,0.257502420135528,0.172166666666667,0,0.0209999999999999,3.50089445438283
"disconnected","hotspot","patch",2,"geometric",2,1,0.25,NA,77,"FiberMargin",6000,5,0.75,0.790666666666667,0.0406666666666666,0.162666666666667,0.536714463763391,0.844073988936512,0.692159692159692,0.966592427616927,0.692159692159692,0.864166666666667,0.772291666666667,0.2,0.0124444444444444,0.294985250737463,0.1695,0,0.0170000000000003,4.63028953229399
"disconnected","hotspot","patch",3,"geometric",2,3,0.25,NA,78,"FiberMargin",6000,5,0.75,0.828166666666667,0.0781666666666667,0.312666666666667,0.655992667691628,0.835069477743305,0.708206686930091,0.915601023017903,0.792301184433164,0.790833333333333,0.8375,0.360666666666667,0.016,0.474145486415425,0.190166666666667,0,0.0190000000000001,6.0460358056266
"disconnected","hotspot","random",1,"geometric",2,1,0.25,NA,79,"FiberMargin",6000,5,0.75,0.988666666666667,0.238666666666667,0.954666666666667,0.974995068902906,0.982790867748083,0.964523281596452,0.964523281596452,0.997085964060223,0.954166666666667,0.997291666666667,0.972,0.00577777777777778,0.974598930481283,0.249333333333333,0,0.0190000000000001,4.56541019955654
"disconnected","hotspot","random",2,"geometric",2,1,0.25,NA,80,"FiberMargin",6000,5,0.75,0.9835,0.2335,0.934,0.962319478260501,0.97610888178617,0.946428571428571,0.946428571428571,0.992321589882565,0.920833333333333,0.999166666666667,0.969333333333333,0.0117777777777778,0.950326797385621,0.255,0,0.0170000000000003,5.64795918367347
"disconnected","hotspot","random",3,"geometric",2,3,0.25,NA,81,"FiberMargin",6000,5,0.75,0.973833333333333,0.223833333333333,0.895333333333333,0.94626890827216,0.964374670198158,0.919107391910739,0.972602739726027,0.99639152007217,0.8875,0.995416666666667,0.958,0.0208888888888889,0.923521850899743,0.259333333333333,0,0.0199999999999996,3.79623287671233
"disconnected","hotspot","region",1,"geometric",2,1,0.25,NA,82,"FiberMargin",6000,5,0.75,0.743333333333333,-0.00666666666666671,-0.0266666666666668,0.467499300820119,0.779454664329903,0.636142230881637,0.83010752688172,0.636142230881637,0.776666666666667,0.735,0.026,0.0175555555555556,0.330508474576271,0.0196666666666667,0,0.0169999999999995,4.41505376344086
"disconnected","hotspot","region",2,"geometric",2,1,0.25,NA,83,"FiberMargin",6000,5,0.75,0.743666666666667,-0.0063333333333333,-0.0253333333333332,0.427668543880486,0.782510207576631,0.650809220205983,0.894865525672372,0.650809220205983,0.765833333333333,0.738125,0.028,0.0177777777777778,0.344262295081967,0.0203333333333333,0,0.0199999999999996,4.98533007334963
"disconnected","hotspot","region",3,"geometric",2,3,0.25,NA,84,"FiberMargin",6000,5,0.75,0.743333333333333,-0.00666666666666671,-0.0266666666666668,0.462388001572078,0.800945960861599,0.496786950074147,0.912343470483005,0.496786950074147,0.786666666666667,0.7325,0.0793333333333333,0.0353333333333333,0.421985815602837,0.047,0,0.0170000000000003,3.61896243291592
"disconnected","moderate","boundary",1,"geometric",2,1,0.25,NA,85,"FiberMargin",6000,5,0.75,0.884333333333333,0.134333333333333,0.537333333333333,0.740522782348525,0.886595965537128,0.863366336633663,0.904220779220779,0.888669950738916,0.450833333333333,0.992708333333333,0.539333333333333,0.000666666666666667,0.687340696686491,0.196166666666667,0,0.0179999999999998,3.29545454545455
"disconnected","moderate","boundary",2,"geometric",2,1,0.25,NA,86,"FiberMargin",6000,5,0.75,0.872666666666667,0.122666666666667,0.490666666666667,0.713899141837899,0.882516409495913,0.823174080175728,0.884488448844885,0.823174080175728,0.405,0.989583333333333,0.495333333333333,0.00155555555555556,0.622799664710813,0.198833333333333,0,0.0190000000000001,3.0049504950495
"disconnected","moderate","boundary",3,"geometric",2,3,0.25,NA,87,"FiberMargin",6000,5,0.75,0.905166666666667,0.155166666666667,0.620666666666667,0.795028603312008,0.9026896703769,0.884192240880139,0.892424242424242,0.884192240880139,0.563333333333333,0.990625,0.623333333333333,0.000888888888888889,0.777870216306156,0.200333333333333,0,0.0179999999999998,2.61666666666667
"disconnected","moderate","patch",1,"geometric",2,1,0.25,NA,88,"FiberMargin",6000,5,0.75,0.79,0.04,0.16,0.548240445107713,0.820359691633664,0.66045142296369,0.867601246105919,0.66045142296369,0.808333333333333,0.785416666666667,0.198666666666667,0.0128888888888889,0.291300097751711,0.1705,0,0.0170000000000003,3.17445482866044
"disconnected","moderate","patch",2,"geometric",2,1,0.25,NA,89,"FiberMargin",6000,5,0.75,0.793333333333333,0.0433333333333333,0.173333333333333,0.563101845939565,0.817344977440521,0.739086803813347,0.8352,0.739086803813347,0.73,0.809166666666667,0.219333333333333,0.0153333333333333,0.30921052631579,0.177333333333333,0,0.0180000000000007,3.1888
"disconnected","moderate","patch",3,"geometric",2,3,0.25,NA,90,"FiberMargin",6000,5,0.75,0.831333333333333,0.0813333333333334,0.325333333333333,0.631505733983447,0.84160197196276,0.750274423710209,0.867867867867868,0.750274423710209,0.735833333333333,0.855208333333333,0.400666666666667,0.0251111111111111,0.49021207177814,0.204333333333333,0,0.0179999999999998,2.73573573573574
"disconnected","moderate","random",1,"geometric",2,1,0.25,NA,91,"FiberMargin",6000,5,0.75,0.9805,0.2305,0.922,0.954235426410588,0.976933067762981,0.956738768718802,0.956738768718802,0.990684931506849,0.905833333333333,0.999166666666667,0.964,0.014,0.942019543973941,0.255833333333333,0,0.0190000000000001,3.03660565723794
"disconnected","moderate","random",2,"geometric",2,1,0.25,NA,92,"FiberMargin",6000,5,0.75,0.982333333333333,0.232333333333333,0.929333333333333,0.960371306241738,0.976420006109276,0.945558739255014,0.945558739255014,0.99446401610468,0.9125,0.999791666666667,0.962666666666667,0.0111111111111111,0.951251646903821,0.253,0,0.0190000000000001,2.84670487106017
"disconnected","moderate","random",3,"geometric",2,3,0.25,NA,93,"FiberMargin",6000,5,0.75,0.968333333333333,0.218333333333333,0.873333333333334,0.930577266104521,0.962122895818534,0.924137931034483,0.924137931034483,0.989502762430939,0.8625,0.994791666666667,0.937333333333333,0.0213333333333333,0.905927835051546,0.258666666666667,0,0.0190000000000001,2.49655172413793
"disconnected","moderate","region",1,"geometric",2,1,0.25,NA,94,"FiberMargin",6000,5,0.75,0.746,-0.004,-0.016,0.469033162804243,0.749542055974864,0.650466045272969,0.731907894736842,0.766412213740458,0.716666666666667,0.753333333333333,0.0273333333333333,0.0144444444444444,0.383177570093458,0.0178333333333333,0,0.0190000000000001,3.23190789473684
"disconnected","moderate","region",2,"geometric",2,1,0.25,NA,95,"FiberMargin",6000,5,0.75,0.746666666666667,-0.0033333333333333,-0.0133333333333332,0.491003653996269,0.726942479060166,0.601197604790419,0.68993288590604,0.811059907834101,0.693333333333333,0.76,0.034,0.0157777777777778,0.414634146341463,0.0205,0,0.0179999999999989,2.62147651006711
"disconnected","moderate","region",3,"geometric",2,3,0.25,NA,96,"FiberMargin",6000,5,0.75,0.749,-0.001,-0.004,0.481598215683344,0.768487811399475,0.662725575606721,0.916176470588235,0.752030319436925,0.700833333333333,0.761041666666667,0.0973333333333333,0.0337777777777778,0.47557003257329,0.0511666666666667,0,0.0180000000000007,2.71617647058824
"disconnected","strong","boundary",1,"geometric",2,1,0.25,NA,97,"FiberMargin",6000,5,0.75,0.8365,0.0865,0.346,0.661763629954443,0.862946085363607,0.804061275382971,0.850877192982456,0.804061275382971,0.265833333333333,0.979166666666667,0.353333333333333,0.00244444444444444,0.515063168124393,0.1715,0,0.0189999999999984,12.3114035087719
"disconnected","strong","boundary",2,"geometric",2,1,0.25,NA,98,"FiberMargin",6000,5,0.75,0.8295,0.0795,0.318,0.654825249362628,0.852621181040301,0.810104529616725,0.848979591836735,0.810104529616725,0.2125,0.98375,0.321333333333333,0.00111111111111111,0.475814412635735,0.168833333333333,0,0.0199999999999996,11.7142857142857
"disconnected","strong","boundary",3,"geometric",2,3,0.25,NA,99,"FiberMargin",6000,5,0.75,0.884833333333333,0.134833333333333,0.539333333333333,0.760482403511109,0.89092692895055,0.860775588048315,0.868421052631579,0.883859649122807,0.481666666666667,0.985625,0.546,0.00222222222222222,0.712173913043478,0.191666666666667,0,0.0190000000000001,12.5
"disconnected","strong","patch",1,"geometric",2,1,0.25,NA,100,"FiberMargin",6000,5,0.75,0.7755,0.0255,0.102,0.549594812086593,0.838074757070855,0.646408839779006,0.938271604938272,0.646408839779006,0.815833333333333,0.765416666666667,0.137333333333333,0.0117777777777778,0.213914849428868,0.1605,0,0.0179999999999989,11.917695473251
"disconnected","strong","patch",2,"geometric",2,1,0.25,NA,101,"FiberMargin",6000,5,0.75,0.782166666666667,0.0321666666666667,0.128666666666667,0.54192386168183,0.849971639264286,0.692050520059435,0.888888888888889,0.692050520059435,0.694166666666667,0.804166666666667,0.158,0.00977777777777778,0.240121580547112,0.1645,0,0.0179999999999989,10.3141762452107
"disconnected","strong","patch",3,"geometric",2,3,0.25,NA,102,"FiberMargin",6000,5,0.75,0.810666666666667,0.0606666666666666,0.242666666666667,0.602026815265381,0.84213101514013,0.737370118237191,0.853448275862069,0.737370118237191,0.755833333333333,0.824375,0.32,0.0257777777777778,0.412017167381974,0.194166666666667,0,0.0199999999999996,12.0301724137931
"disconnected","strong","random",1,"geometric",2,1,0.25,NA,103,"FiberMargin",6000,5,0.75,0.986166666666667,0.236166666666667,0.944666666666667,0.975608264816103,0.961835533130624,0.901287553648069,0.901287553648069,0.997582872928177,0.945,0.996458333333333,0.97,0.00844444444444444,0.962938451356717,0.251833333333333,0,0.0190000000000001,12.4291845493562
"disconnected","strong","random",2,"geometric",2,1,0.25,NA,104,"FiberMargin",6000,5,0.75,0.982833333333333,0.232833333333333,0.931333333333333,0.961328827631288,0.962331992672265,0.913636363636364,0.913636363636364,0.999660095173351,0.919166666666667,0.99875,0.97,0.0128888888888889,0.944805194805195,0.256666666666667,0,0.0180000000000007,13.3727272727273
"disconnected","strong","random",3,"geometric",2,3,0.25,NA,105,"FiberMargin",6000,5,0.75,0.969666666666667,0.219666666666667,0.878666666666667,0.940662972729801,0.92158285915564,0.836575875486381,0.836575875486381,0.997066373303997,0.8825,0.991458333333333,0.930666666666667,0.0173333333333333,0.917214191852825,0.253666666666667,0,0.0169999999999995,10.6108949416342
"disconnected","strong","region",1,"geometric",2,1,0.25,NA,106,"FiberMargin",6000,5,0.75,0.7415,-0.00849999999999995,-0.0339999999999998,0.408102917910428,0.799313991753465,0.484923076923077,0.922779922779923,0.810672514619883,0.799166666666667,0.727083333333333,0.016,0.0166666666666667,0.24,0.0166666666666667,0,0.0179999999999989,10.5637065637066
"disconnected","strong","region",2,"geometric",2,1,0.25,NA,107,"FiberMargin",6000,5,0.75,0.750333333333333,0.000333333333333297,0.00133333333333319,0.5333825197795,0.796748145382549,0.626131221719457,0.868312757201646,0.768094534711965,0.718333333333333,0.758333333333333,0.0373333333333333,0.012,0.5,0.0186666666666667,0,0.0179999999999989,11.1440329218107
"disconnected","strong","region",3,"geometric",2,3,0.25,NA,108,"FiberMargin",6000,5,0.75,0.747666666666667,-0.0023333333333333,-0.00933333333333319,0.47468198815603,0.81389232082652,0.627130681818182,0.87732342007435,0.627130681818182,0.6925,0.761458333333333,0.082,0.0304444444444444,0.467680608365019,0.0438333333333333,0,0.0190000000000001,10.4684014869888
"disconnected","uniform","boundary",1,"geometric",2,1,0.25,NA,109,"FiberMargin",6000,5,0.75,0.881166666666667,0.131166666666667,0.524666666666667,0.72995856918334,0.879790197854283,0.839721254355401,0.858761987794246,0.902037617554859,0.4375,0.992083333333333,0.528666666666667,0.00133333333333333,0.677198975234842,0.195166666666667,0,0.0530000000000008,1.11246730601569
"disconnected","uniform","boundary",2,"geometric",2,1,0.25,NA,110,"FiberMargin",6000,5,0.75,0.8905,0.1405,0.562,0.749990014790595,0.889452556846194,0.859019264448336,0.880597014925373,0.899607843137255,0.49,0.990625,0.564,0.000666666666666667,0.722459436379163,0.195166666666667,0,0.0180000000000007,1.11940298507463
"disconnected","uniform","boundary",3,"geometric",2,3,0.25,NA,111,"FiberMargin",6000,5,0.75,0.913,0.163,0.652,0.798316484689552,0.911825036403672,0.891267123287671,0.897959183673469,0.946495855312736,0.603333333333333,0.990416666666667,0.656666666666667,0.00155555555555556,0.794354838709677,0.206666666666667,0,0.0540000000000003,1.17746228926353
"disconnected","uniform","patch",1,"geometric",2,1,0.25,NA,112,"FiberMargin",6000,5,0.75,0.793833333333333,0.0438333333333333,0.175333333333333,0.574768456631242,0.795594927644708,0.704819277108434,0.891168599464764,0.708333333333333,0.714166666666667,0.81375,0.208,0.0108888888888889,0.30379746835443,0.171166666666667,0,0.0169999999999995,1.19892952720785
"disconnected","uniform","patch",2,"geometric",2,1,0.25,NA,113,"FiberMargin",6000,5,0.75,0.780833333333333,0.0308333333333334,0.123333333333334,0.555362938443175,0.77946985075767,0.691555555555556,0.691555555555556,0.763550667714061,0.783333333333333,0.780208333333333,0.160666666666667,0.0124444444444444,0.243188698284561,0.165166666666667,0,0.0179999999999989,1.13155555555556
"disconnected","uniform","patch",3,"geometric",2,3,0.25,NA,114,"FiberMargin",6000,5,0.75,0.827166666666667,0.0771666666666667,0.308666666666667,0.627119389416948,0.828804933032294,0.708171206225681,0.766519823788546,0.708171206225681,0.761666666666667,0.843541666666667,0.371333333333333,0.0208888888888889,0.471634208298052,0.196833333333333,0,0.0169999999999995,1.13215859030837
"disconnected","uniform","random",1,"geometric",2,1,0.25,NA,115,"FiberMargin",6000,5,0.75,0.982,0.232,0.928,0.955419794103798,0.981942295105527,0.968321917808219,0.988546255506608,0.981552651806303,0.911666666666667,0.999583333333333,0.964,0.012,0.945716154349248,0.254833333333333,0,0.0169999999999995,1.14625550660793
"disconnected","uniform","random",2,"geometric",2,1,0.25,NA,116,"FiberMargin",6000,5,0.75,0.982166666666667,0.232166666666667,0.928666666666667,0.955749066047577,0.982009425134404,0.962994112699748,0.980548187444739,0.990915972747918,0.910833333333333,1,0.960666666666667,0.0106666666666667,0.945538057742782,0.254,0,0.0220000000000002,1.16799292661362
"disconnected","uniform","random",3,"geometric",2,3,0.25,NA,117,"FiberMargin",6000,5,0.75,0.9635,0.2135,0.854,0.911261404668122,0.96350987734961,0.958745874587459,0.969618055555556,0.965927099841521,0.844166666666667,0.993333333333333,0.929333333333333,0.0251111111111111,0.894162924951892,0.259833333333333,0,0.0240000000000009,1.09548611111111
"disconnected","uniform","region",1,"geometric",2,1,0.25,NA,118,"FiberMargin",6000,5,0.75,0.748333333333333,-0.0016666666666667,-0.00666666666666682,0.469151783787827,0.749135983913312,0.594754653130288,0.79750223015165,0.724270353302611,0.715833333333333,0.756458333333333,0.0373333333333333,0.0146666666666667,0.455284552845528,0.0205,0,0.0220000000000002,1.1614629794826
"disconnected","uniform","region",2,"geometric",2,1,0.25,NA,119,"FiberMargin",6000,5,0.75,0.749666666666667,-0.000333333333333297,-0.00133333333333319,0.460384449720495,0.75131055923905,0.613583138173302,0.739366515837104,0.613583138173302,0.685833333333333,0.765625,0.044,0.0151111111111111,0.492537313432836,0.0223333333333333,0,0.0229999999999997,1.15927601809955
"disconnected","uniform","region",3,"geometric",2,3,0.25,NA,120,"FiberMargin",6000,5,0.75,0.7505,0.000499999999999945,0.00199999999999978,0.478452641743499,0.749133798374524,0.681654676258993,0.681654676258993,0.710667689946278,0.713333333333333,0.759791666666667,0.0866666666666667,0.0282222222222222,0.492424242424242,0.044,0,0.0199999999999996,1.17176258992806
"intermixed","extreme","boundary",1,"geometric",2,1,0.25,NA,121,"FiberMargin",6000,5,0.75,0.910833333333333,0.160833333333333,0.643333333333334,0.797836334339326,0.77680911756215,0.516129032258065,0.516129032258065,0.946002621231979,0.66,0.973541666666667,0.686666666666667,0.0144444444444444,0.803432137285491,0.213666666666667,0,0.0179999999999989,61.5322580645161
"intermixed","extreme","boundary",2,"geometric",2,1,0.25,NA,122,"FiberMargin",6000,5,0.75,0.913166666666667,0.163166666666667,0.652666666666667,0.796730022645531,0.804838609270964,0.674846625766871,0.702702702702703,0.947819106234948,0.665,0.975208333333333,0.682,0.00977777777777778,0.833740831295844,0.2045,0,0.0180000000000007,50.5
"intermixed","extreme","boundary",3,"geometric",2,3,0.25,NA,123,"FiberMargin",6000,5,0.75,0.871166666666667,0.121166666666667,0.484666666666667,0.699010873484775,0.621513158181716,0.305084745762712,0.305084745762712,0.955846279640229,0.615833333333333,0.935,0.643333333333333,0.0528888888888889,0.659603554340396,0.243833333333333,0,0.0190000000000001,62.1864406779661
"intermixed","extreme","patch",1,"geometric",2,1,0.25,NA,124,"FiberMargin",6000,5,0.75,0.743333333333333,-0.00666666666666671,-0.0266666666666668,0.507027037145448,0.714812074119463,0.616666666666667,0.616666666666667,0.759023066485753,0.715833333333333,0.750208333333333,0.0866666666666667,0.0377777777777778,0.123691722169363,0.175166666666667,0,0.0190000000000001,61.4166666666667
"intermixed","extreme","patch",2,"geometric",2,1,0.25,NA,125,"FiberMargin",6000,5,0.75,0.7405,-0.00949999999999995,-0.0379999999999998,0.497797728446427,0.627920850675403,0.405228758169935,0.5,0.755197505197505,0.675833333333333,0.756666666666667,0.086,0.0413333333333333,0.121583411875589,0.176833333333333,0,0.0179999999999989,60.125
"intermixed","extreme","patch",3,"geometric",2,3,0.25,NA,126,"FiberMargin",6000,5,0.75,0.703833333333333,-0.0461666666666667,-0.184666666666667,0.35196085807177,0.465706028950069,0.0757575757575758,0.0757575757575758,0.742212674543502,0.6725,0.711666666666667,0.106,0.0968888888888889,0.120181405895692,0.2205,0,0.0190000000000001,56.4242424242424
"intermixed","extreme","random",1,"geometric",2,1,0.25,NA,127,"FiberMargin",6000,5,0.75,0.941333333333333,0.191333333333333,0.765333333333333,0.874341107871949,0.752018913457598,0.471428571428571,0.471428571428571,0.991790254237288,0.8625,0.961041666666667,0.865333333333333,0.0333333333333333,0.847258485639687,0.255333333333333,0,0.016,53.9428571428571
"intermixed","extreme","random",2,"geometric",2,1,0.25,NA,128,"FiberMargin",6000,5,0.75,0.939166666666667,0.189166666666667,0.756666666666667,0.875761867206375,0.737450641862841,0.421875,0.421875,0.995776135163675,0.873333333333333,0.955625,0.861333333333333,0.0348888888888889,0.844996729888816,0.254833333333333,0,0.0180000000000007,59.1875
"intermixed","extreme","random",3,"geometric",2,3,0.25,NA,129,"FiberMargin",6000,5,0.75,0.8595,0.1095,0.438,0.656013287920879,0.537913127732483,0.123076923076923,0.123076923076923,0.970430107526882,0.8,0.874375,0.728666666666667,0.0968888888888889,0.629971181556196,0.289166666666667,0,0.0169999999999995,57.2307692307692
"intermixed","extreme","region",1,"geometric",2,1,0.25,NA,130,"FiberMargin",6000,5,0.75,0.722833333333333,-0.0271666666666667,-0.108666666666667,0.438223270887567,0.655967884516547,0.34375,0.34375,0.70856835885039,0.704166666666667,0.7275,0.0273333333333333,0.0453333333333333,0.149090909090909,0.0458333333333333,0,0.0190000000000001,58.171875
"intermixed","extreme","region",2,"geometric",2,1,0.25,NA,131,"FiberMargin",6000,5,0.75,0.715333333333333,-0.0346666666666666,-0.138666666666666,0.50580820383154,0.647446449926093,0.456140350877193,0.640625,0.711725955204216,0.679166666666667,0.724375,0.0113333333333333,0.05,0.0702479338842975,0.0403333333333333,0,0.0169999999999995,59.296875
"intermixed","extreme","region",3,"geometric",2,3,0.25,NA,132,"FiberMargin",6000,5,0.75,0.678666666666667,-0.0713333333333334,-0.285333333333333,0.316678231688811,0.432539090159123,0.0625,0.0625,0.714247951361353,0.641666666666667,0.687916666666667,0.0706666666666667,0.118666666666667,0.164086687306502,0.107666666666667,0,0.0169999999999995,59.109375
"intermixed","hotspot","boundary",1,"geometric",2,1,0.25,NA,133,"FiberMargin",6000,5,0.75,0.887666666666667,0.137666666666667,0.550666666666667,0.759158074075786,0.849795359957688,0.734553775743707,0.734553775743707,0.93368700265252,0.591666666666667,0.961666666666667,0.620666666666667,0.0233333333333333,0.688609467455621,0.225333333333333,0,0.0170000000000012,5.17620137299771
"intermixed","hotspot","boundary",2,"geometric",2,1,0.25,NA,134,"FiberMargin",6000,5,0.75,0.868666666666667,0.118666666666667,0.474666666666667,0.718975010022674,0.828611498417495,0.725705329153605,0.73943661971831,0.910597470562582,0.545833333333333,0.949375,0.562,0.0291111111111111,0.644988523335884,0.217833333333333,0,0.0199999999999996,5.38262910798122
"intermixed","hotspot","boundary",3,"geometric",2,3,0.25,NA,135,"FiberMargin",6000,5,0.75,0.773833333333333,0.0238333333333334,0.0953333333333335,0.537404455484413,0.701442982698389,0.478957915831663,0.478957915831663,0.887946428571429,0.4975,0.842916666666667,0.504666666666667,0.136444444444444,0.425759280089989,0.296333333333333,0,0.0180000000000007,4.48897795591182
"intermixed","hotspot","patch",1,"geometric",2,1,0.25,NA,136,"FiberMargin",6000,5,0.75,0.717333333333333,-0.0326666666666666,-0.130666666666666,0.426899981504299,0.699688814978246,0.566964285714286,0.566964285714286,0.701195219123506,0.629166666666667,0.739375,0.106,0.0788888888888889,0.121004566210046,0.219,0,0.0179999999999989,5.04241071428571
"intermixed","hotspot","patch",2,"geometric",2,1,0.25,NA,137,"FiberMargin",6000,5,0.75,0.728166666666667,-0.0218333333333334,-0.0873333333333335,0.478486290886787,0.695969171507647,0.595132743362832,0.595132743362832,0.809079338141706,0.65,0.747708333333333,0.116,0.0677777777777778,0.137767220902613,0.2105,0,0.0179999999999989,5.2146017699115
"intermixed","hotspot","patch",3,"geometric",2,3,0.25,NA,138,"FiberMargin",6000,5,0.75,0.661333333333333,-0.0886666666666667,-0.354666666666667,0.359467918080435,0.614472149097453,0.4136460554371,0.4136460554371,0.690496575342466,0.605833333333333,0.675208333333333,0.146,0.166888888888889,0.127771295215869,0.285666666666667,0,0.0170000000000012,4.98081023454158
"intermixed","hotspot","random",1,"geometric",2,1,0.25,NA,139,"FiberMargin",6000,5,0.75,0.8975,0.1475,0.59,0.784851565416982,0.845317469866996,0.676595744680851,0.676595744680851,0.970538001707942,0.75,0.934375,0.802666666666667,0.0708888888888889,0.718377088305489,0.279333333333333,0,0.0180000000000007,4.98297872340426
"intermixed","hotspot","random",2,"geometric",2,1,0.25,NA,140,"FiberMargin",6000,5,0.75,0.896166666666667,0.146166666666667,0.584666666666667,0.778814084920302,0.844482190266905,0.688195991091314,0.688195991091314,0.968534482758621,0.764166666666667,0.929166666666667,0.79,0.0684444444444444,0.714716525934861,0.276333333333333,0,0.0180000000000007,5.16703786191537
"intermixed","hotspot","random",3,"geometric",2,3,0.25,NA,141,"FiberMargin",6000,5,0.75,0.765333333333333,0.0153333333333333,0.0613333333333332,0.524380227329613,0.656697158161308,0.37070938215103,0.37070938215103,0.92743288590604,0.654166666666667,0.793125,0.666,0.201555555555556,0.46036866359447,0.361666666666667,0,0.0190000000000001,5.45537757437071
"intermixed","hotspot","region",1,"geometric",2,1,0.25,NA,142,"FiberMargin",6000,5,0.75,0.698,-0.052,-0.208,0.362583559688953,0.675949866295709,0.611713665943601,0.611713665943601,0.723754448398576,0.596666666666667,0.723333333333333,0.0493333333333333,0.0857777777777778,0.151020408163265,0.0816666666666667,0,0.0179999999999989,4.8763557483731
"intermixed","hotspot","region",2,"geometric",2,1,0.25,NA,143,"FiberMargin",6000,5,0.75,0.7055,-0.0445,-0.178,0.417375615634478,0.694808653963866,0.61822125813449,0.61822125813449,0.696082651743435,0.615,0.728125,0.0686666666666667,0.0822222222222222,0.217299578059072,0.079,0,0.0190000000000001,5.03904555314534
"intermixed","hotspot","region",3,"geometric",2,3,0.25,NA,144,"FiberMargin",6000,5,0.75,0.6305,-0.1195,-0.478,0.289261566075816,0.548889120267704,0.325167037861915,0.325167037861915,0.697496817988969,0.583333333333333,0.642291666666667,0.0993333333333333,0.192444444444444,0.14272030651341,0.174,0,0.0180000000000007,5.24944320712695
"intermixed","moderate","boundary",1,"geometric",2,1,0.25,NA,145,"FiberMargin",6000,5,0.75,0.859833333333333,0.109833333333333,0.439333333333333,0.688770729980827,0.84634763522754,0.765354330708661,0.765354330708661,0.88931718061674,0.4875,0.952916666666667,0.508666666666667,0.0231111111111111,0.589189189189189,0.215833333333333,0,0.0180000000000007,2.85984251968504
"intermixed","moderate","boundary",2,"geometric",2,1,0.25,NA,146,"FiberMargin",6000,5,0.75,0.857333333333333,0.107333333333333,0.429333333333333,0.684459324679622,0.84372178438366,0.783004552352049,0.783004552352049,0.8892490545651,0.4975,0.947291666666667,0.514666666666667,0.0284444444444444,0.596599690880989,0.215666666666667,0,0.0180000000000007,2.80880121396055
"intermixed","moderate","boundary",3,"geometric",2,3,0.25,NA,147,"FiberMargin",6000,5,0.75,0.74,-0.01,-0.04,0.471084472367608,0.689756715636059,0.475894245723173,0.475894245723173,0.876315789473684,0.406666666666667,0.823333333333333,0.425333333333333,0.155111111111111,0.351902923331495,0.302166666666667,0,0.0190000000000001,2.95489891135303
"intermixed","moderate","patch",1,"geometric",2,1,0.25,NA,148,"FiberMargin",6000,5,0.75,0.7195,-0.0305,-0.122,0.441970755239446,0.715234399678479,0.679549114331723,0.679549114331723,0.706098843322818,0.645833333333333,0.737916666666667,0.0933333333333333,0.0717777777777778,0.110062893081761,0.212,0,0.0180000000000007,3.06280193236715
"intermixed","moderate","patch",2,"geometric",2,1,0.25,NA,149,"FiberMargin",6000,5,0.75,0.737,-0.013,-0.052,0.484022105889038,0.724773689869035,0.604327666151468,0.604327666151468,0.757433489827856,0.628333333333333,0.764166666666667,0.155333333333333,0.0691111111111111,0.184627575277338,0.210333333333333,0,0.0180000000000007,2.9629057187017
"intermixed","moderate","patch",3,"geometric",2,3,0.25,NA,150,"FiberMargin",6000,5,0.75,0.6435,-0.1065,-0.426,0.317602226779713,0.605129882176595,0.460122699386503,0.460122699386503,0.728533333333333,0.5275,0.6725,0.168666666666667,0.198222222222222,0.133228014744602,0.3165,0,0.0169999999999995,2.87576687116564
"intermixed","moderate","random",1,"geometric",2,1,0.25,NA,151,"FiberMargin",6000,5,0.75,0.8865,0.1365,0.546,0.756403059612288,0.859075691421069,0.73071104387292,0.73071104387292,0.947314578005115,0.720833333333333,0.927916666666667,0.797333333333333,0.0837777777777778,0.699415204678363,0.285,0,0.0170000000000012,2.95763993948563
"intermixed","moderate","random",2,"geometric",2,1,0.25,NA,152,"FiberMargin",6000,5,0.75,0.883666666666667,0.133666666666667,0.534666666666667,0.752430111337494,0.854481931154726,0.724755700325733,0.724755700325733,0.952662721893491,0.71,0.927083333333333,0.786666666666667,0.084,0.692488262910798,0.284,0,0.0180000000000007,3.02768729641694
"intermixed","moderate","random",3,"geometric",2,3,0.25,NA,153,"FiberMargin",6000,5,0.75,0.716,-0.034,-0.136,0.440973061455103,0.653383043750317,0.456906729634002,0.469953775038521,0.897142857142857,0.571666666666667,0.752083333333333,0.570666666666667,0.235555555555556,0.375603334795963,0.379833333333333,0,0.0169999999999995,2.96610169491525
"intermixed","moderate","region",1,"geometric",2,1,0.25,NA,154,"FiberMargin",6000,5,0.75,0.702166666666667,-0.0478333333333333,-0.191333333333333,0.386206351166699,0.687791932704937,0.583076923076923,0.583076923076923,0.698378378378378,0.64,0.717708333333333,0.0706666666666667,0.0873333333333333,0.211576846307385,0.0835,0,0.0180000000000007,2.84615384615385
"intermixed","moderate","region",2,"geometric",2,1,0.25,NA,155,"FiberMargin",6000,5,0.75,0.701166666666667,-0.0488333333333333,-0.195333333333333,0.412102982584526,0.694636810669068,0.603857566765579,0.603857566765579,0.704286489419425,0.610833333333333,0.72375,0.0513333333333333,0.0822222222222222,0.171492204899777,0.0748333333333333,0,0.0170000000000012,2.73442136498516
"intermixed","moderate","region",3,"geometric",2,3,0.25,NA,156,"FiberMargin",6000,5,0.75,0.607666666666667,-0.142333333333333,-0.569333333333333,0.253182490701133,0.578101318342312,0.386259541984733,0.386259541984733,0.652509652509653,0.529166666666667,0.627291666666667,0.110666666666667,0.226666666666667,0.137645107794362,0.201,0,0.0180000000000007,2.76793893129771
"intermixed","strong","boundary",1,"geometric",2,1,0.25,NA,157,"FiberMargin",6000,5,0.75,0.882333333333333,0.132333333333333,0.529333333333333,0.762874124980718,0.8057291235666,0.631782945736434,0.631782945736434,0.940158615717376,0.591666666666667,0.955,0.604,0.0248888888888889,0.693721286370597,0.217666666666667,0,0.0179999999999989,10.7519379844961
"intermixed","strong","boundary",2,"geometric",2,1,0.25,NA,158,"FiberMargin",6000,5,0.75,0.892666666666667,0.142666666666667,0.570666666666667,0.767722214435049,0.821922492236012,0.619834710743802,0.619834710743802,0.944068400427503,0.604166666666667,0.964791666666667,0.628666666666667,0.0193333333333333,0.716565349544073,0.219333333333333,0,0.0169999999999995,11.599173553719
"intermixed","strong","boundary",3,"geometric",2,3,0.25,NA,159,"FiberMargin",6000,5,0.75,0.804,0.054,0.216,0.591615038773622,0.623749234103967,0.291479820627803,0.291479820627803,0.919642857142857,0.538333333333333,0.870416666666667,0.55,0.111333333333333,0.48758865248227,0.282,0,0.0190000000000001,13.0582959641256
"intermixed","strong","patch",1,"geometric",2,1,0.25,NA,160,"FiberMargin",6000,5,0.75,0.725333333333333,-0.0246666666666666,-0.0986666666666665,0.498076891774217,0.684805467415332,0.527777777777778,0.527777777777778,0.734635879218473,0.676666666666667,0.7375,0.096,0.0648888888888889,0.122448979591837,0.196,0,0.0170000000000012,11.1706349206349
"intermixed","strong","patch",2,"geometric",2,1,0.25,NA,161,"FiberMargin",6000,5,0.75,0.721,-0.029,-0.116,0.457501821549182,0.674792119514642,0.493023255813954,0.493023255813954,0.714901256732495,0.655833333333333,0.737291666666667,0.09,0.0686666666666667,0.110294117647059,0.204,0,0.0200000000000014,12.953488372093
"intermixed","strong","patch",3,"geometric",2,3,0.25,NA,162,"FiberMargin",6000,5,0.75,0.661333333333333,-0.0886666666666667,-0.354666666666667,0.36548048451554,0.512571632149855,0.226495726495726,0.226495726495726,0.776119402985075,0.5925,0.678541666666667,0.126666666666667,0.160444444444444,0.115291262135922,0.274666666666667,0,0.0190000000000001,12.025641025641
"intermixed","strong","random",1,"geometric",2,1,0.25,NA,163,"FiberMargin",6000,5,0.75,0.909,0.159,0.636,0.809822543498285,0.782533278213675,0.457142857142857,0.457142857142857,0.987155963302752,0.784166666666667,0.940208333333333,0.833333333333333,0.0657777777777778,0.752558699578567,0.276833333333333,0,0.0180000000000007,11.1224489795918
"intermixed","strong","random",2,"geometric",2,1,0.25,NA,164,"FiberMargin",6000,5,0.75,0.897666666666667,0.147666666666667,0.590666666666666,0.792942868434808,0.779139244644339,0.495934959349593,0.495934959349593,0.980113636363636,0.7825,0.926458333333333,0.806666666666667,0.072,0.720238095238095,0.28,0,0.0169999999999995,11.4471544715447
"intermixed","strong","random",3,"geometric",2,3,0.25,NA,165,"FiberMargin",6000,5,0.75,0.7725,0.0225,0.0899999999999999,0.522761145805177,0.572613280786268,0.152,0.152,0.945394976337823,0.653333333333333,0.802291666666667,0.644666666666667,0.184888888888889,0.461795606494747,0.349,0,0.0190000000000001,10.988
"intermixed","strong","region",1,"geometric",2,1,0.25,NA,166,"FiberMargin",6000,5,0.75,0.705166666666667,-0.0448333333333333,-0.179333333333333,0.41752586913069,0.636649705439056,0.420289855072464,0.420289855072464,0.728620689655172,0.625833333333333,0.725,0.06,0.0797777777777778,0.2,0.075,0,0.0179999999999989,14.0096618357488
"intermixed","strong","region",2,"geometric",2,1,0.25,NA,167,"FiberMargin",6000,5,0.75,0.707333333333333,-0.0426666666666666,-0.170666666666667,0.403825287113014,0.643270114953108,0.509433962264151,0.509433962264151,0.751892635925671,0.65,0.721666666666667,0.0406666666666667,0.0704444444444444,0.146634615384615,0.0693333333333333,0,0.0190000000000001,13.7075471698113
"intermixed","strong","region",3,"geometric",2,3,0.25,NA,168,"FiberMargin",6000,5,0.75,0.631,-0.119,-0.476,0.307593583018155,0.452550088582078,0.0410958904109589,0.0410958904109589,0.756410256410256,0.576666666666667,0.644583333333333,0.1,0.192,0.14591439688716,0.171333333333333,0,0.0190000000000001,13.1780821917808
"intermixed","uniform","boundary",1,"geometric",2,1,0.25,NA,169,"FiberMargin",6000,5,0.75,0.864333333333333,0.114333333333333,0.457333333333333,0.689901255702823,0.864103563944056,0.839409722222222,0.839409722222222,0.85587044534413,0.505833333333333,0.953958333333333,0.53,0.0242222222222222,0.613899613899614,0.215833333333333,0,0.0179999999999989,1.07204861111111
"intermixed","uniform","boundary",2,"geometric",2,1,0.25,NA,170,"FiberMargin",6000,5,0.75,0.854666666666667,0.104666666666667,0.418666666666667,0.670042807691978,0.853882321948149,0.817610062893082,0.817610062893082,0.853247794707298,0.485833333333333,0.946875,0.508,0.0297777777777778,0.583014537107881,0.217833333333333,0,0.0170000000000012,1.1203953279425
"intermixed","uniform","boundary",3,"geometric",2,3,0.25,NA,171,"FiberMargin",6000,5,0.75,0.731833333333333,-0.0181666666666667,-0.0726666666666667,0.442803641228312,0.731646224122205,0.697224558452481,0.732804232804233,0.724249797242498,0.38,0.819791666666667,0.389333333333333,0.154,0.323008849557522,0.301333333333333,0,0.0180000000000007,1.08730158730159
"intermixed","uniform","patch",1,"geometric",2,1,0.25,NA,172,"FiberMargin",6000,5,0.75,0.727166666666667,-0.0228333333333334,-0.0913333333333335,0.440561563362909,0.727006481022751,0.68671679197995,0.757758620689655,0.753543307086614,0.628333333333333,0.751875,0.109333333333333,0.0668888888888889,0.129032258064516,0.211833333333333,0,0.0190000000000001,1.0948275862069
"intermixed","uniform","patch",2,"geometric",2,1,0.25,NA,173,"FiberMargin",6000,5,0.75,0.728666666666667,-0.0213333333333333,-0.0853333333333333,0.442655260824459,0.728711520103254,0.702270815811606,0.761986301369863,0.7296,0.6325,0.752708333333333,0.13,0.0717777777777778,0.149196633511859,0.217833333333333,0,0.0190000000000001,1.07020547945205
"intermixed","uniform","patch",3,"geometric",2,3,0.25,NA,174,"FiberMargin",6000,5,0.75,0.641166666666667,-0.108833333333333,-0.435333333333333,0.30703143441003,0.639186680130634,0.587619877942459,0.58974358974359,0.70735524256651,0.525833333333333,0.67,0.122,0.185777777777778,0.100882028665932,0.302333333333333,0,0.0180000000000007,1.12997347480106
"intermixed","uniform","random",1,"geometric",2,1,0.25,NA,175,"FiberMargin",6000,5,0.75,0.879833333333333,0.129833333333333,0.519333333333333,0.722399019280664,0.879648319955232,0.849315068493151,0.887237762237762,0.883647798742138,0.678333333333333,0.930208333333333,0.785333333333333,0.0886666666666667,0.666666666666667,0.2945,0,0.0190000000000001,1.11188811188811
"intermixed","uniform","random",2,"geometric",2,1,0.25,NA,176,"FiberMargin",6000,5,0.75,0.881,0.131,0.524,0.725023210480256,0.880760885691642,0.863519313304721,0.863519313304721,0.892369477911647,0.703333333333333,0.925416666666667,0.782666666666667,0.0862222222222222,0.678220681686886,0.2885,0,0.0180000000000007,1.068669527897
"intermixed","uniform","random",3,"geometric",2,3,0.25,NA,177,"FiberMargin",6000,5,0.75,0.693666666666667,-0.0563333333333333,-0.225333333333333,0.382308365059169,0.693041123735188,0.642477876106195,0.642477876106195,0.720219435736677,0.535833333333333,0.733125,0.539333333333333,0.254888888888889,0.342651418890301,0.3935,0,0.0180000000000007,1.12920353982301
"intermixed","uniform","region",1,"geometric",2,1,0.25,NA,178,"FiberMargin",6000,5,0.75,0.712833333333333,-0.0371666666666667,-0.148666666666667,0.389278594362288,0.712132316384097,0.657391304347826,0.657391304347826,0.68715524034673,0.618333333333333,0.736458333333333,0.0466666666666667,0.0651111111111111,0.188679245283019,0.0618333333333333,0,0.0180000000000007,1.10347826086957
"intermixed","uniform","region",2,"geometric",2,1,0.25,NA,179,"FiberMargin",6000,5,0.75,0.711166666666667,-0.0388333333333334,-0.155333333333334,0.396457448419113,0.711708227429702,0.653290529695024,0.663157894736842,0.712470214455917,0.616666666666667,0.734791666666667,0.064,0.0731111111111111,0.220689655172414,0.0725,0,0.0169999999999995,1.10438596491228
"intermixed","uniform","region",3,"geometric",2,3,0.25,NA,180,"FiberMargin",6000,5,0.75,0.610833333333333,-0.139166666666667,-0.556666666666667,0.237090728941841,0.608929299252542,0.557335581787521,0.576759966072943,0.761111111111111,0.519166666666667,0.63375,0.0866666666666667,0.214444444444444,0.11754068716094,0.184333333333333,0,0.0179999999999989,1.06870229007634
"islands","extreme","boundary",1,"geometric",2,1,0.25,NA,181,"FiberMargin",6000,5,0.75,0.793166666666667,0.0431666666666667,0.172666666666667,0.562473951362472,0.696796784634281,0.602564102564103,0.628571428571429,0.950683105631456,0.0875,0.969583333333333,0.172666666666667,0,0.292655367231638,0.1475,0,0.0179999999999989,85.7428571428571
"islands","extreme","boundary",2,"geometric",2,1,0.25,NA,182,"FiberMargin",6000,5,0.75,0.7965,0.0465,0.186,0.577931374058415,0.72248628685268,0.644410723318159,0.694444444444444,0.951923076923077,0.0858333333333333,0.974166666666667,0.186666666666667,0.000222222222222222,0.308030803080308,0.1515,0,0.0180000000000007,80.8888888888889
"islands","extreme","boundary",3,"geometric",2,3,0.25,NA,183,"FiberMargin",6000,5,0.75,0.8235,0.0735,0.294,0.538052807189688,0.707858660043627,0.515503875968992,0.794117647058823,0.95326409495549,0.223333333333333,0.973541666666667,0.294666666666667,0.000222222222222222,0.491657397107898,0.149833333333333,0,0.0169999999999995,118.941176470588
"islands","extreme","patch",1,"geometric",2,1,0.25,NA,184,"FiberMargin",6000,5,0.75,0.7795,0.0295,0.118,0.347021843272496,0.85723176446861,0.702127659574468,0.9375,0.781497149163141,0.761666666666667,0.783958333333333,0.128,0.00333333333333333,0.228571428571429,0.14,0,0.0169999999999995,339.8125
"islands","extreme","patch",2,"geometric",2,1,0.25,NA,185,"FiberMargin",6000,5,0.75,0.7785,0.0285,0.114,0.450684940690018,0.718182137365997,0.484732824427481,0.633333333333333,0.915592620672226,0.594166666666667,0.824583333333333,0.135333333333333,0.00711111111111111,0.228089887640449,0.148333333333333,0,0.0170000000000012,131.9
"islands","extreme","patch",3,"geometric",2,3,0.25,NA,186,"FiberMargin",6000,5,0.75,0.787,0.037,0.148,0.124902187148137,0.781058150302765,0.588235294117647,0.588235294117647,0.78507871321013,0.788333333333333,0.786666666666667,0.170666666666667,0.00755555555555556,0.299765807962529,0.142333333333333,0,0.0199999999999996,343.764705882353
"islands","extreme","random",1,"geometric",2,1,0.25,NA,187,"FiberMargin",6000,5,0.75,0.987333333333333,0.237333333333333,0.949333333333333,0.966767225185123,0.988711719433991,0.968025949953661,0.980861244019139,0.968025949953661,0.950833333333333,0.996458333333333,0.970666666666667,0.00711111111111111,0.96551724137931,0.251333333333333,0,0.0179999999999989,10.3253588516746
"islands","extreme","random",2,"geometric",2,1,0.25,NA,188,"FiberMargin",6000,5,0.75,0.993666666666667,0.243666666666667,0.974666666666667,0.910137044208716,0.787513634463049,0.588235294117647,0.615384615384615,0.998961758089635,0.97,0.999583333333333,0.983333333333333,0.00288888888888889,0.985303941215765,0.2495,0,0.0190000000000001,444.538461538462
"islands","extreme","random",3,"geometric",2,3,0.25,NA,189,"FiberMargin",6000,5,0.75,0.978833333333333,0.228833333333333,0.915333333333333,0.939254848886262,0.919300451010977,0.645833333333333,0.645833333333333,0.967171717171717,0.913333333333333,0.995208333333333,0.958666666666667,0.0144444444444444,0.936807817589577,0.255833333333333,0,0.0179999999999989,66
"islands","extreme","region",1,"geometric",2,1,0.25,NA,190,"FiberMargin",6000,5,0.75,0.744,-0.006,-0.024,0.612676575189777,0.72734728874113,0.566001899335233,0.76953125,0.942590120160214,0.6675,0.763125,0.0246666666666667,0.0162222222222222,0.310924369747899,0.0198333333333333,0,0.0180000000000007,8.77734375
"islands","extreme","region",2,"geometric",2,1,0.25,NA,191,"FiberMargin",6000,5,0.75,0.743,-0.00700000000000001,-0.028,0.657553486590881,0.72071104930071,0.400537634408602,0.948717948717949,0.901861252115059,0.673333333333333,0.760416666666667,0.01,0.0126666666666667,0.202702702702703,0.0123333333333333,0,0.0169999999999995,75.7692307692308
"islands","extreme","region",3,"geometric",2,3,0.25,NA,192,"FiberMargin",6000,5,0.75,0.743666666666667,-0.0063333333333333,-0.0253333333333332,0.629982118199405,0.704143630148276,0.36,0.765765765765766,0.91398243045388,0.6625,0.763958333333333,0.0546666666666667,0.0266666666666667,0.403940886699507,0.0338333333333333,0,0.016,4.92252252252252
"islands","hotspot","boundary",1,"geometric",2,1,0.25,NA,193,"FiberMargin",6000,5,0.75,0.776833333333333,0.0268333333333334,0.107333333333334,0.511575376532138,0.523246668834737,0.347972972972973,0.416666666666667,0.847202727090435,0.0241666666666667,0.965,0.108,0.000222222222222222,0.190588235294118,0.141666666666667,0,0.0169999999999995,59.3690476190476
"islands","hotspot","boundary",2,"geometric",2,1,0.25,NA,194,"FiberMargin",6000,5,0.75,0.798833333333333,0.0488333333333333,0.195333333333333,0.656723501991826,0.659456284970753,0.546296296296296,0.546296296296296,0.896698349174587,0.0908333333333333,0.975833333333333,0.195333333333333,0,0.324115044247788,0.150666666666667,0,0.0190000000000001,18.5092592592593
"islands","hotspot","boundary",3,"geometric",2,3,0.25,NA,195,"FiberMargin",6000,5,0.75,0.8055,0.0555,0.222,0.400920326373352,0.607775515111934,0.456175298804781,0.653846153846154,0.850934044986656,0.133333333333333,0.973541666666667,0.222,0,0.420454545454545,0.132,0,0.0179999999999989,100.884615384615
"islands","hotspot","patch",1,"geometric",2,1,0.25,NA,196,"FiberMargin",6000,5,0.75,0.770833333333333,0.0208333333333334,0.0833333333333335,0.44621743682565,0.890698644242668,0.725992855641942,0.956730769230769,0.725992855641942,0.780833333333333,0.768333333333333,0.0973333333333333,0.00466666666666667,0.158868335146899,0.153166666666667,0,0.0179999999999989,22.8798076923077
"islands","hotspot","patch",2,"geometric",2,1,0.25,NA,197,"FiberMargin",6000,5,0.75,0.787333333333333,0.0373333333333333,0.149333333333333,0.530746657602312,0.761383969486724,0.438515081206497,1,0.864167478091529,0.669166666666667,0.816875,0.166666666666667,0.00577777777777778,0.274423710208562,0.151833333333333,0,0.0180000000000007,17.2605042016807
"islands","hotspot","patch",3,"geometric",2,3,0.25,NA,198,"FiberMargin",6000,5,0.75,0.827666666666667,0.0776666666666667,0.310666666666667,0.420664303820527,0.860914397563852,0.777777777777778,0.777777777777778,0.822018004501125,0.831666666666667,0.826666666666667,0.336666666666667,0.00866666666666667,0.519547325102881,0.162,0,0.020999999999999,98.7407407407407
"islands","hotspot","random",1,"geometric",2,1,0.25,NA,199,"FiberMargin",6000,5,0.75,0.993166666666667,0.243166666666667,0.972666666666667,0.971397246245328,0.971240733455458,0.942857142857143,0.942857142857143,0.996444795575746,0.968333333333333,0.999375,0.982666666666667,0.00333333333333333,0.983978638184246,0.249666666666667,0,0.0180000000000007,48.2190476190476
"islands","hotspot","random",2,"geometric",2,1,0.25,NA,200,"FiberMargin",6000,5,0.75,0.9935,0.2435,0.974,0.976964148139433,0.992181595182706,0.981481481481482,0.991379310344828,0.994430162810626,0.969166666666667,0.999583333333333,0.984,0.00333333333333333,0.985313751668892,0.249666666666667,0,0.0190000000000001,40.2413793103448
"islands","hotspot","random",3,"geometric",2,3,0.25,NA,201,"FiberMargin",6000,5,0.75,0.9875,0.2375,0.95,0.911571536381628,0.879539550596864,0.627906976744186,0.627906976744186,0.994955863808323,0.943333333333333,0.998541666666667,0.964,0.00466666666666667,0.971774193548387,0.248,0,0.0169999999999995,129.093023255814
"islands","hotspot","region",1,"geometric",2,1,0.25,NA,202,"FiberMargin",6000,5,0.75,0.748,-0.002,-0.00800000000000001,0.491629992603766,0.766249603036453,0.360058309037901,1,0.79719703215169,0.624166666666667,0.778958333333333,0.00533333333333333,0.00444444444444444,0.285714285714286,0.00466666666666667,0,0.0180000000000007,62.2051282051282
"islands","hotspot","region",2,"geometric",2,1,0.25,NA,203,"FiberMargin",6000,5,0.75,0.7465,-0.00349999999999995,-0.0139999999999998,0.241026379062356,0.890990901156367,0.733178239083751,0.947368421052632,0.733178239083751,0.723333333333333,0.752291666666667,0.000666666666666667,0.00488888888888889,0.04,0.00416666666666667,0,0.0179999999999989,147.052631578947
"islands","hotspot","region",3,"geometric",2,3,0.25,NA,204,"FiberMargin",6000,5,0.75,0.752333333333333,0.0023333333333333,0.00933333333333319,0.50187356802359,0.749455860051058,0.452431289640592,0.823529411764706,0.757491438356164,0.633333333333333,0.782083333333333,0.0406666666666667,0.0104444444444444,0.559633027522936,0.0181666666666667,0,0.0169999999999995,39.2605042016807
"islands","moderate","boundary",1,"geometric",2,1,0.25,NA,205,"FiberMargin",6000,5,0.75,0.774333333333333,0.0243333333333333,0.0973333333333333,0.339019577417751,0.37988347193389,0.168,0.206896551724138,0.819204937375204,0.0183333333333333,0.963333333333333,0.100666666666667,0.00111111111111111,0.182147165259349,0.138166666666667,0,0.0180000000000007,47.4913793103448
"islands","moderate","boundary",2,"geometric",2,1,0.25,NA,206,"FiberMargin",6000,5,0.75,0.772833333333333,0.0228333333333334,0.0913333333333335,0.415325879471356,0.46035319917125,0.307017543859649,0.377777777777778,0.830392714854866,0.0233333333333333,0.960208333333333,0.092,0.000222222222222222,0.170792079207921,0.134666666666667,0,0.0229999999999997,58.5666666666667
"islands","moderate","boundary",3,"geometric",2,3,0.25,NA,207,"FiberMargin",6000,5,0.75,0.851666666666667,0.101666666666667,0.406666666666667,0.673977258494526,0.695096483011182,0.558425584255843,0.645454545454546,0.939303710490151,0.323333333333333,0.98375,0.409333333333333,0.000888888888888889,0.617706237424547,0.165666666666667,0,0.0180000000000007,19.8454545454545
"islands","moderate","patch",1,"geometric",2,1,0.25,NA,208,"FiberMargin",6000,5,0.75,0.773166666666667,0.0231666666666667,0.0926666666666667,0.344133143220794,0.787157078778563,0.43359375,0.978947368421053,0.783317535545024,0.698333333333333,0.791875,0.108666666666667,0.00533333333333333,0.204773869346734,0.132666666666667,0,0.0179999999999989,55.5263157894737
"islands","moderate","patch",2,"geometric",2,1,0.25,NA,209,"FiberMargin",6000,5,0.75,0.771833333333333,0.0218333333333334,0.0873333333333335,0.296383133526935,0.868159749756681,0.738317757009346,0.945945945945946,0.759956355701037,0.723333333333333,0.783958333333333,0.0933333333333333,0.002,0.173053152039555,0.134833333333333,0,0.0179999999999989,74.3108108108108
"islands","moderate","patch",3,"geometric",2,3,0.25,NA,210,"FiberMargin",6000,5,0.75,0.816166666666667,0.0661666666666667,0.264666666666667,0.548449649218271,0.714106927697205,0.380239520958084,0.994219653179191,0.858418102553457,0.688333333333333,0.848125,0.298666666666667,0.0113333333333333,0.462809917355372,0.161333333333333,0,0.0190000000000001,27.8439306358381
"islands","moderate","random",1,"geometric",2,1,0.25,NA,211,"FiberMargin",6000,5,0.75,0.993166666666667,0.243166666666667,0.972666666666667,0.958453407903061,0.938717725483891,0.857142857142857,0.857142857142857,0.997991967871486,0.965833333333333,1,0.982,0.00311111111111111,0.984625668449198,0.249333333333333,0,0.0170000000000012,86.952380952381
"islands","moderate","random",2,"geometric",2,1,0.25,NA,212,"FiberMargin",6000,5,0.75,0.99,0.24,0.96,0.96786482412616,0.988400848859842,0.97737556561086,0.97737556561086,0.989264504339881,0.951666666666667,0.999583333333333,0.979333333333333,0.00644444444444444,0.96963696369637,0.2525,0,0.0179999999999989,19.8099547511312
"islands","moderate","random",3,"geometric",2,3,0.25,NA,213,"FiberMargin",6000,5,0.75,0.9855,0.2355,0.942,0.904016050968767,0.8626604264584,0.630769230769231,0.630769230769231,0.997434487813817,0.933333333333333,0.998541666666667,0.96,0.006,0.959360426382412,0.250166666666667,0,0.0190000000000001,83.9538461538462
"islands","moderate","region",1,"geometric",2,1,0.25,NA,214,"FiberMargin",6000,5,0.75,0.7485,-0.00149999999999995,-0.00599999999999978,0.390764572151852,0.754337779660395,0.584650112866817,0.82051282051282,0.758574181117534,0.643333333333333,0.774791666666667,0.006,0.004,0.333333333333333,0.0045,0,0.0179999999999989,66.5384615384615
"islands","moderate","region",2,"geometric",2,1,0.25,NA,215,"FiberMargin",6000,5,0.75,0.749333333333333,-0.000666666666666704,-0.00266666666666682,0.292898503576814,0.897744409004085,0.733236151603499,1,0.733236151603499,0.829166666666667,0.729375,0.002,0.00155555555555556,0.3,0.00166666666666667,0,0.0180000000000007,70.3589743589744
"islands","moderate","region",3,"geometric",2,3,0.25,NA,216,"FiberMargin",6000,5,0.75,0.747666666666667,-0.0023333333333333,-0.00933333333333319,0.382705496062714,0.886539624041502,0.718961843889212,0.981012658227848,0.718961843889212,0.868333333333333,0.7175,0.02,0.00977777777777778,0.4,0.0125,0,0.016,32.6772151898734
"islands","strong","boundary",1,"geometric",2,1,0.25,NA,217,"FiberMargin",6000,5,0.75,0.799,0.049,0.196,0.586364021844125,0.677811729003161,0.547770700636943,0.727272727272727,0.924523441524987,0.0933333333333333,0.975416666666667,0.196,0,0.344262295081967,0.142333333333333,0,0.0190000000000001,44.1136363636364
"islands","strong","boundary",2,"geometric",2,1,0.25,NA,218,"FiberMargin",6000,5,0.75,0.787833333333333,0.0378333333333334,0.151333333333334,0.218969503840415,0.436693277519561,0.268292682926829,0.428571428571429,0.814318462352319,0.0241666666666667,0.97875,0.152,0.000222222222222222,0.266666666666667,0.1425,0,0.0199999999999996,202.535714285714
"islands","strong","boundary",3,"geometric",2,3,0.25,NA,219,"FiberMargin",6000,5,0.75,0.8475,0.0975,0.39,0.747495913574238,0.712739975300661,0.592885375494071,0.726190476190476,0.945919610231425,0.303333333333333,0.983541666666667,0.390666666666667,0.000222222222222222,0.586,0.166666666666667,0,0.0219999999999985,48.8690476190476
"islands","strong","patch",1,"geometric",2,1,0.25,NA,220,"FiberMargin",6000,5,0.75,0.779833333333333,0.0298333333333334,0.119333333333334,0.485052796385445,0.778299535325858,0.636111111111111,0.87719298245614,0.793910062512603,0.643333333333333,0.813958333333333,0.129333333333333,0.00333333333333333,0.224277456647399,0.144166666666667,0,0.020999999999999,87
"islands","strong","patch",2,"geometric",2,1,0.25,NA,221,"FiberMargin",6000,5,0.75,0.769,0.019,0.0760000000000001,0.188106833234805,0.809838086117614,0.6,0.6,0.764829396325459,0.784166666666667,0.765208333333333,0.0853333333333333,0.00311111111111111,0.161616161616162,0.132,0,0.0220000000000002,285.75
"islands","strong","patch",3,"geometric",2,3,0.25,NA,222,"FiberMargin",6000,5,0.75,0.824166666666667,0.0741666666666667,0.296666666666667,0.74283121416942,0.74539639651428,0.458725182863114,0.820175438596491,0.942558007923033,0.6825,0.859583333333333,0.328,0.0104444444444444,0.458100558659218,0.179,0,0.0180000000000007,7.75
"islands","strong","random",1,"geometric",2,1,0.25,NA,223,"FiberMargin",6000,5,0.75,0.990333333333333,0.240333333333333,0.961333333333333,0.971901679101871,0.995000745285885,0.98368728839643,1,0.98368728839643,0.958333333333333,0.998333333333333,0.979333333333333,0.006,0.971560846560847,0.252,0,0.0220000000000002,14.5044642857143
"islands","strong","random",2,"geometric",2,1,0.25,NA,224,"FiberMargin",6000,5,0.75,0.992333333333333,0.242333333333333,0.969333333333333,0.959122226515774,0.916930890287268,0.702702702702703,0.702702702702703,0.996020466173962,0.961666666666667,1,0.982666666666667,0.00444444444444444,0.978102189781022,0.251166666666667,0,0.0199999999999996,142.621621621622
"islands","strong","random",3,"geometric",2,3,0.25,NA,225,"FiberMargin",6000,5,0.75,0.981166666666667,0.231166666666667,0.924666666666667,0.943311535775176,0.928579690496106,0.701149425287356,0.701149425287356,0.982147165259349,0.923333333333333,0.995625,0.956666666666667,0.0106666666666667,0.943458251150559,0.2535,0,0.0199999999999996,47.6436781609195
"islands","strong","region",1,"geometric",2,1,0.25,NA,226,"FiberMargin",6000,5,0.75,0.748833333333333,-0.00116666666666665,-0.0046666666666666,0.206171886629104,0.885399745173762,0.727272727272727,0.727272727272727,0.738560950052393,0.788333333333333,0.738958333333333,0.000666666666666667,0.00177777777777778,0.1,0.00166666666666667,0,0.0200000000000014,260.272727272727
"islands","strong","region",2,"geometric",2,1,0.25,NA,227,"FiberMargin",6000,5,0.75,0.749666666666667,-0.000333333333333297,-0.00133333333333319,0.198352981119825,0.795688572649911,0.472312703583062,0.974358974358974,0.777054204175445,0.7125,0.758958333333333,0.006,0.00244444444444444,0.45,0.00333333333333333,0,0.0190000000000001,133.871794871795
"islands","strong","region",3,"geometric",2,3,0.25,NA,228,"FiberMargin",6000,5,0.75,0.747333333333333,-0.00266666666666671,-0.0106666666666668,0.310256104411396,0.781026665866013,0.455696202531646,0.830508474576271,0.756969919295671,0.7725,0.741041666666667,0.0106666666666667,0.00711111111111111,0.333333333333333,0.008,0,0.0190000000000001,92.406779661017
"islands","uniform","boundary",1,"geometric",2,1,0.25,NA,229,"FiberMargin",6000,5,0.75,0.774166666666667,0.0241666666666667,0.0966666666666667,0.469690159806,0.428118329642278,0.253731343283582,0.37984496124031,0.849591916051302,0.0225,0.962083333333333,0.0973333333333333,0.000222222222222222,0.188387096774194,0.129166666666667,0,0.0199999999999996,39.8914728682171
"islands","uniform","boundary",2,"geometric",2,1,0.25,NA,230,"FiberMargin",6000,5,0.75,0.778,0.028,0.112,0.461083199129776,0.456942379992453,0.32122905027933,0.392156862745098,0.852170512319124,0.0266666666666667,0.965833333333333,0.112,0,0.204379562043796,0.137,0,0.0169999999999995,33.4248366013072
"islands","uniform","boundary",3,"geometric",2,3,0.25,NA,231,"FiberMargin",6000,5,0.75,0.820666666666667,0.0706666666666667,0.282666666666667,0.555369294945473,0.536252708870212,0.333333333333333,0.333333333333333,0.882974559686888,0.199166666666667,0.976041666666667,0.285333333333333,0.000888888888888889,0.507109004739337,0.140666666666667,0,0.0180000000000007,40.5555555555556
"islands","uniform","patch",1,"geometric",2,1,0.25,NA,232,"FiberMargin",6000,5,0.75,0.779666666666667,0.0296666666666666,0.118666666666666,0.41947249300055,0.76774562124867,0.506493506493506,0.506493506493506,0.780487804878049,0.754166666666667,0.786041666666667,0.129333333333333,0.00355555555555556,0.225058004640371,0.143666666666667,0,0.0199999999999996,33.012987012987
"islands","uniform","patch",2,"geometric",2,1,0.25,NA,233,"FiberMargin",6000,5,0.75,0.7785,0.0285,0.114,0.444208433330772,0.685006619844733,0.311827956989247,0.460526315789474,0.787932044522554,0.663333333333333,0.807291666666667,0.125333333333333,0.00377777777777778,0.21123595505618,0.148333333333333,0,0.0190000000000001,33.6907894736842
"islands","uniform","patch",3,"geometric",2,3,0.25,NA,234,"FiberMargin",6000,5,0.75,0.818666666666667,0.0686666666666667,0.274666666666667,0.470606913497244,0.825014259196564,0.724358974358974,0.724358974358974,0.816928751698699,0.690833333333333,0.850625,0.29,0.00511111111111111,0.456453305351522,0.158833333333333,0,0.0179999999999989,33.0192307692308
"islands","uniform","random",1,"geometric",2,1,0.25,NA,235,"FiberMargin",6000,5,0.75,0.9915,0.2415,0.966,0.959887993634233,0.963889366648951,0.945,0.9625,0.997476708074534,0.9575,1,0.974666666666667,0.00288888888888889,0.975316877918612,0.249833333333333,0,0.0190000000000001,32.2
"islands","uniform","random",2,"geometric",2,1,0.25,NA,236,"FiberMargin",6000,5,0.75,0.992,0.242,0.968,0.963744763245745,0.978410006224897,0.952380952380952,0.979310344827586,0.994944584872642,0.960833333333333,0.999791666666667,0.974666666666667,0.00222222222222222,0.98252688172043,0.248,0,0.0179999999999989,35.4689655172414
"islands","uniform","random",3,"geometric",2,3,0.25,NA,237,"FiberMargin",6000,5,0.75,0.986833333333333,0.236833333333333,0.947333333333333,0.939056663261659,0.959283931891609,0.930693069306931,0.969924812030075,0.992435996896819,0.935833333333333,0.999583333333333,0.960666666666667,0.00444444444444444,0.964524765729585,0.249,0,0.0180000000000007,38.7669172932331
"islands","uniform","region",1,"geometric",2,1,0.25,NA,238,"FiberMargin",6000,5,0.75,0.746666666666667,-0.0033333333333333,-0.0133333333333332,0.411883206215842,0.892159444043576,0.715850258861012,0.993975903614458,0.715850258861012,0.89,0.710833333333333,0.00333333333333333,0.00555555555555556,0.166666666666667,0.005,0,0.0179999999999989,30.2530120481928
"islands","uniform","region",2,"geometric",2,1,0.25,NA,239,"FiberMargin",6000,5,0.75,0.748833333333333,-0.00116666666666665,-0.0046666666666666,0.41203877309127,0.664184733676646,0.316715542521994,1,0.780089441959946,0.600833333333333,0.785833333333333,0.00533333333333333,0.00333333333333333,0.347826086956522,0.00383333333333333,0,0.0180000000000007,34.9863945578231
"islands","uniform","region",3,"geometric",2,3,0.25,NA,240,"FiberMargin",6000,5,0.75,0.745,-0.005,-0.02,0.389590605034426,0.669368406633433,0.364705882352941,1,0.768273716951788,0.6375,0.771875,0.00733333333333333,0.00911111111111111,0.211538461538462,0.00866666666666667,0,0.0170000000000012,34.9931972789116
"jagged_stripes","extreme","boundary",1,"geometric",2,1,0.25,NA,241,"FiberMargin",6000,5,0.75,0.886833333333333,0.136833333333333,0.547333333333333,0.762249518043025,0.843684649685416,0.77027027027027,0.77027027027027,0.877197727887476,0.514166666666667,0.98,0.565333333333333,0.006,0.72914875322442,0.193833333333333,0,0.0180000000000007,49.9594594594595
"jagged_stripes","extreme","boundary",2,"geometric",2,1,0.25,NA,242,"FiberMargin",6000,5,0.75,0.861833333333333,0.111833333333333,0.447333333333333,0.708542684226898,0.792386033105981,0.691489361702128,0.836065573770492,0.925168236877524,0.411666666666667,0.974375,0.462666666666667,0.00511111111111111,0.629193109700816,0.183833333333333,0,0.0190000000000001,60.9016393442623
"jagged_stripes","extreme","boundary",3,"geometric",2,3,0.25,NA,243,"FiberMargin",6000,5,0.75,0.910666666666667,0.160666666666667,0.642666666666666,0.779096325249567,0.809481991850106,0.459016393442623,0.459016393442623,0.951943844492441,0.685,0.967083333333333,0.704,0.0204444444444444,0.766884531590414,0.2295,0,0.0170000000000012,60.7213114754098
"jagged_stripes","extreme","patch",1,"geometric",2,1,0.25,NA,244,"FiberMargin",6000,5,0.75,0.777666666666667,0.0276666666666666,0.110666666666666,0.523370448056035,0.771603391923185,0.701086956521739,0.706666666666667,0.784748512709573,0.726666666666667,0.790416666666667,0.168,0.0191111111111111,0.245374878286271,0.171166666666667,0,0.016,49.3066666666667
"jagged_stripes","extreme","patch",2,"geometric",2,1,0.25,NA,245,"FiberMargin",6000,5,0.75,0.757,0.00700000000000001,0.028,0.494641151619569,0.734981523695995,0.529761904761905,0.64,0.667383127350887,0.735833333333333,0.762291666666667,0.116,0.0293333333333333,0.166986564299424,0.173666666666667,0,0.0169999999999995,74.44
"jagged_stripes","extreme","patch",3,"geometric",2,3,0.25,NA,246,"FiberMargin",6000,5,0.75,0.778,0.028,0.112,0.579684212118192,0.670876155409542,0.27027027027027,0.27027027027027,0.751395905344323,0.7875,0.775625,0.222,0.0366666666666667,0.301357466063348,0.184166666666667,0,0.0169999999999995,50.8243243243243
"jagged_stripes","extreme","random",1,"geometric",2,1,0.25,NA,247,"FiberMargin",6000,5,0.75,0.964333333333333,0.214333333333333,0.857333333333334,0.90769207065479,0.898542490450655,0.727272727272727,0.727272727272727,0.994333513221803,0.884166666666667,0.984375,0.918,0.0202222222222222,0.901768172888016,0.2545,0,0.0180000000000007,56.1515151515151
"jagged_stripes","extreme","random",2,"geometric",2,1,0.25,NA,248,"FiberMargin",6000,5,0.75,0.9725,0.2225,0.89,0.966769486631446,0.802292195257112,0.397058823529412,0.397058823529412,1,0.929166666666667,0.983333333333333,0.940666666666667,0.0168888888888889,0.928900592495063,0.253166666666667,0,0.0170000000000012,54.8676470588235
"jagged_stripes","extreme","random",3,"geometric",2,3,0.25,NA,249,"FiberMargin",6000,5,0.75,0.933833333333333,0.183833333333333,0.735333333333333,0.850058658356841,0.821447647521009,0.560975609756098,0.560975609756098,0.989638682252922,0.818333333333333,0.962708333333333,0.864666666666667,0.0431111111111111,0.818296529968454,0.264166666666667,0,0.0180000000000007,45.9024390243902
"jagged_stripes","extreme","region",1,"geometric",2,1,0.25,NA,250,"FiberMargin",6000,5,0.75,0.735333333333333,-0.0146666666666667,-0.0586666666666669,0.517610187547303,0.78607099090333,0.666666666666667,0.666666666666667,0.680793991416309,0.680833333333333,0.748958333333333,0.0186666666666667,0.0257777777777778,0.193103448275862,0.0241666666666667,0,0.0200000000000014,51.7777777777778
"jagged_stripes","extreme","region",2,"geometric",2,1,0.25,NA,251,"FiberMargin",6000,5,0.75,0.733833333333333,-0.0161666666666667,-0.0646666666666667,0.492090721297113,0.770378152885771,0.578947368421053,0.578947368421053,0.633136094674556,0.761666666666667,0.726875,0.0173333333333333,0.0273333333333333,0.174496644295302,0.0248333333333333,0,0.0190000000000001,65.2280701754386
"jagged_stripes","extreme","region",3,"geometric",2,3,0.25,NA,252,"FiberMargin",6000,5,0.75,0.714,-0.036,-0.144,0.420307592092934,0.693070967453954,0.32258064516129,0.32258064516129,0.684854937450093,0.665833333333333,0.726041666666667,0.0286666666666667,0.0575555555555556,0.142384105960265,0.0503333333333333,0,0.0179999999999989,60.5967741935484
"jagged_stripes","hotspot","boundary",1,"geometric",2,1,0.25,NA,253,"FiberMargin",6000,5,0.75,0.893666666666667,0.143666666666667,0.574666666666667,0.799696554728922,0.859307781876824,0.735660847880299,0.735660847880299,0.932557205941389,0.5325,0.983958333333333,0.588,0.00444444444444444,0.72176759410802,0.203666666666667,0,0.0190000000000019,6.21197007481297
"jagged_stripes","hotspot","boundary",2,"geometric",2,1,0.25,NA,254,"FiberMargin",6000,5,0.75,0.893166666666667,0.143166666666667,0.572666666666667,0.756784863737666,0.89747199755731,0.857519788918206,0.945233265720081,0.859515899383009,0.550833333333333,0.97875,0.592666666666667,0.00666666666666667,0.715205148833467,0.207166666666667,0,0.0180000000000007,4.27383367139959
"jagged_stripes","hotspot","boundary",3,"geometric",2,3,0.25,NA,255,"FiberMargin",6000,5,0.75,0.878666666666667,0.128666666666667,0.514666666666667,0.726176832723899,0.848242984256633,0.638888888888889,0.638888888888889,0.882969034608379,0.616666666666667,0.944166666666667,0.643333333333333,0.0428888888888889,0.657805044308112,0.2445,0,0.0169999999999995,4.69230769230769
"jagged_stripes","hotspot","patch",1,"geometric",2,1,0.25,NA,256,"FiberMargin",6000,5,0.75,0.767,0.017,0.0680000000000001,0.522909093803938,0.805735939452091,0.714487300094073,0.895104895104895,0.714487300094073,0.715833333333333,0.779791666666667,0.174666666666667,0.0355555555555556,0.234767025089606,0.186,0,0.0180000000000007,4.95571095571096
"jagged_stripes","hotspot","patch",2,"geometric",2,1,0.25,NA,257,"FiberMargin",6000,5,0.75,0.7795,0.0295,0.118,0.53317780068529,0.784435068381808,0.659650694133453,0.688976377952756,0.659650694133453,0.713333333333333,0.796041666666667,0.206666666666667,0.0295555555555556,0.287303058387396,0.179833333333333,0,0.0169999999999995,4.39566929133858
"jagged_stripes","hotspot","patch",3,"geometric",2,3,0.25,NA,258,"FiberMargin",6000,5,0.75,0.779333333333333,0.0293333333333333,0.117333333333333,0.547237962972013,0.803812561771863,0.703994293865906,0.802690582959641,0.739357080799305,0.716666666666667,0.795,0.316666666666667,0.0664444444444444,0.356071964017991,0.222333333333333,0,0.017000000000003,5.16143497757847
"jagged_stripes","hotspot","random",1,"geometric",2,1,0.25,NA,259,"FiberMargin",6000,5,0.75,0.956,0.206,0.824,0.898024286767056,0.9425324373591,0.904183535762483,0.905747126436782,0.981399468556244,0.865,0.97875,0.927333333333333,0.0344444444444444,0.863438857852266,0.2685,0,0.0180000000000007,5.19080459770115
"jagged_stripes","hotspot","random",2,"geometric",2,1,0.25,NA,260,"FiberMargin",6000,5,0.75,0.944333333333333,0.194333333333333,0.777333333333333,0.868095986843962,0.92277462885331,0.759916492693111,0.759916492693111,0.949005609382968,0.84,0.970416666666667,0.906666666666667,0.0431111111111111,0.833844267320662,0.271833333333333,0,0.0189999999999984,4.09394572025052
"jagged_stripes","hotspot","random",3,"geometric",2,3,0.25,NA,261,"FiberMargin",6000,5,0.75,0.910833333333333,0.160833333333333,0.643333333333334,0.822985727338922,0.881218353035926,0.708163265306123,0.708163265306123,0.968923933209648,0.76,0.948541666666667,0.864,0.0735555555555556,0.745255894192064,0.289833333333333,0,0.0179999999999971,4.4
"jagged_stripes","hotspot","region",1,"geometric",2,1,0.25,NA,262,"FiberMargin",6000,5,0.75,0.7375,-0.0125,-0.0499999999999998,0.507132114009758,0.725673307061526,0.597938144329897,0.597938144329897,0.722735674676525,0.675,0.753125,0.0493333333333333,0.0331111111111111,0.330357142857143,0.0373333333333333,0,0.0229999999999997,5.57731958762887
"jagged_stripes","hotspot","region",2,"geometric",2,1,0.25,NA,263,"FiberMargin",6000,5,0.75,0.724,-0.026,-0.104,0.483328269382126,0.768087453607735,0.654176904176904,0.879432624113475,0.68844914864243,0.7,0.73,0.024,0.0426666666666667,0.157894736842105,0.038,0,0.0190000000000019,5.1371158392435
"jagged_stripes","hotspot","region",3,"geometric",2,3,0.25,NA,264,"FiberMargin",6000,5,0.75,0.7035,-0.0465,-0.186,0.420085590094934,0.692409597942172,0.505376344086022,0.505376344086022,0.654702407996365,0.673333333333333,0.711041666666667,0.0486666666666667,0.0782222222222222,0.169373549883991,0.0718333333333333,0,0.0180000000000007,4.73333333333333
"jagged_stripes","moderate","boundary",1,"geometric",2,1,0.25,NA,265,"FiberMargin",6000,5,0.75,0.891833333333333,0.141833333333333,0.567333333333333,0.762056510219514,0.888352730375905,0.835930339138405,0.842647058823529,0.87111801242236,0.555,0.976041666666667,0.593333333333333,0.00866666666666667,0.699685534591195,0.212,0,0.0190000000000019,2.84117647058824
"jagged_stripes","moderate","boundary",2,"geometric",2,1,0.25,NA,266,"FiberMargin",6000,5,0.75,0.898666666666667,0.148666666666667,0.594666666666666,0.756975406260326,0.902453714807912,0.876850605652759,0.932475884244373,0.903069466882068,0.575833333333333,0.979375,0.618666666666667,0.008,0.716602316602317,0.215833333333333,0,0.0219999999999985,2.98553054662379
"jagged_stripes","moderate","boundary",3,"geometric",2,3,0.25,NA,267,"FiberMargin",6000,5,0.75,0.869,0.119,0.476,0.702228254007109,0.868435449907031,0.776699029126214,0.918918918918919,0.887039838628341,0.584166666666667,0.940208333333333,0.602666666666667,0.0422222222222222,0.616223585548739,0.2445,0,0.0180000000000007,2.97747747747748
"jagged_stripes","moderate","patch",1,"geometric",2,1,0.25,NA,268,"FiberMargin",6000,5,0.75,0.766333333333333,0.0163333333333333,0.0653333333333332,0.513877410637848,0.774216729052169,0.727929788332473,0.792393026941363,0.727929788332473,0.680833333333333,0.787708333333333,0.181333333333333,0.0386666666666667,0.235497835497836,0.1925,0,0.0189999999999984,3.06973058637084
"jagged_stripes","moderate","patch",2,"geometric",2,1,0.25,NA,269,"FiberMargin",6000,5,0.75,0.7705,0.0205,0.0819999999999999,0.538448221850968,0.779327882520808,0.711659663865546,0.745985401459854,0.711659663865546,0.6925,0.79,0.189333333333333,0.0357777777777778,0.242320819112628,0.195333333333333,0,0.0180000000000007,2.77956204379562
"jagged_stripes","moderate","patch",3,"geometric",2,3,0.25,NA,270,"FiberMargin",6000,5,0.75,0.762333333333333,0.0123333333333333,0.0493333333333332,0.498456853711567,0.774710438704917,0.695573622402891,0.848998459167951,0.702205882352941,0.629166666666667,0.795625,0.298,0.0828888888888889,0.311281337047354,0.239333333333333,0,0.0169999999999995,2.93374422187982
"jagged_stripes","moderate","random",1,"geometric",2,1,0.25,NA,271,"FiberMargin",6000,5,0.75,0.944333333333333,0.194333333333333,0.777333333333333,0.869246829333154,0.929467828264574,0.847398843930636,0.904984423676013,0.978113600833768,0.818333333333333,0.975833333333333,0.908666666666667,0.0437777777777778,0.831604636973765,0.273166666666667,0,0.0180000000000007,2.98909657320872
"jagged_stripes","moderate","random",2,"geometric",2,1,0.25,NA,272,"FiberMargin",6000,5,0.75,0.945333333333333,0.195333333333333,0.781333333333333,0.884254337413101,0.934223303929873,0.847826086956522,0.847826086956522,0.974345818368394,0.789166666666667,0.984375,0.9,0.0395555555555556,0.837468982630273,0.268666666666667,0,0.0190000000000019,3.02639751552795
"jagged_stripes","moderate","random",3,"geometric",2,3,0.25,NA,273,"FiberMargin",6000,5,0.75,0.898,0.148,0.592,0.796894342449295,0.863296213299883,0.66510172143975,0.66510172143975,0.973460721868365,0.735833333333333,0.938541666666667,0.859333333333333,0.0891111111111111,0.710976282404854,0.302166666666667,0,0.0169999999999995,2.94835680751174
"jagged_stripes","moderate","region",1,"geometric",2,1,0.25,NA,274,"FiberMargin",6000,5,0.75,0.723166666666667,-0.0268333333333334,-0.107333333333334,0.532245069886989,0.7528416337091,0.527530152071316,0.796875,0.527530152071316,0.600833333333333,0.75375,0.0253333333333333,0.0442222222222222,0.146718146718147,0.0431666666666667,0,0.0169999999999995,2.9796875
"jagged_stripes","moderate","region",2,"geometric",2,1,0.25,NA,275,"FiberMargin",6000,5,0.75,0.728,-0.022,-0.0880000000000001,0.434472260362097,0.743542808421913,0.6223440712817,0.81969696969697,0.721174004192872,0.6975,0.735625,0.0366666666666667,0.0415555555555556,0.225409836065574,0.0406666666666667,0,0.0180000000000007,2.89090909090909
"jagged_stripes","moderate","region",3,"geometric",2,3,0.25,NA,276,"FiberMargin",6000,5,0.75,0.695833333333333,-0.0541666666666667,-0.216666666666667,0.399427119924812,0.656692111877903,0.320433436532508,0.320433436532508,0.715841045182363,0.574166666666667,0.72625,0.0826666666666667,0.0997777777777778,0.209106239460371,0.0988333333333333,0,0.0180000000000007,2.84365325077399
"jagged_stripes","strong","boundary",1,"geometric",2,1,0.25,NA,277,"FiberMargin",6000,5,0.75,0.876333333333333,0.126333333333333,0.505333333333333,0.740601670951113,0.822821676706813,0.654008438818565,0.654008438818565,0.92829525483304,0.46,0.980416666666667,0.524,0.00622222222222222,0.650662251655629,0.201333333333333,0,0.0189999999999984,12.0042194092827
"jagged_stripes","strong","boundary",2,"geometric",2,1,0.25,NA,278,"FiberMargin",6000,5,0.75,0.885,0.135,0.54,0.750961422569706,0.854715755972424,0.693333333333333,0.693333333333333,0.863715580341582,0.500833333333333,0.981041666666667,0.560666666666667,0.00688888888888889,0.683184402924452,0.205166666666667,0,0.0189999999999984,12.7511111111111
"jagged_stripes","strong","boundary",3,"geometric",2,3,0.25,NA,279,"FiberMargin",6000,5,0.75,0.8845,0.1345,0.538,0.785176789802056,0.809623163053035,0.626637554585153,0.75609756097561,0.926621765331443,0.619166666666667,0.950833333333333,0.651333333333333,0.0377777777777778,0.685614035087719,0.2375,0,0.0180000000000007,11.4674796747967
"jagged_stripes","strong","patch",1,"geometric",2,1,0.25,NA,280,"FiberMargin",6000,5,0.75,0.774333333333333,0.0243333333333333,0.0973333333333333,0.592650426272665,0.791022558099006,0.666666666666667,0.666666666666667,0.703729767769177,0.809166666666667,0.765625,0.192666666666667,0.0317777777777778,0.255978742249779,0.188166666666667,0,0.0169999999999995,11.8416666666667
"jagged_stripes","strong","patch",2,"geometric",2,1,0.25,NA,281,"FiberMargin",6000,5,0.75,0.751666666666667,0.0016666666666667,0.00666666666666682,0.475846209805125,0.803660800378083,0.678019662921348,0.778846153846154,0.678019662921348,0.705,0.763333333333333,0.115333333333333,0.0362222222222222,0.161833489242282,0.178166666666667,0,0.0179999999999971,13.6923076923077
"jagged_stripes","strong","patch",3,"geometric",2,3,0.25,NA,282,"FiberMargin",6000,5,0.75,0.776833333333333,0.0268333333333334,0.107333333333334,0.567127629946723,0.732238391150355,0.40983606557377,0.40983606557377,0.736450584484591,0.7425,0.785416666666667,0.331333333333333,0.0746666666666667,0.363304093567251,0.228,0,0.0180000000000007,11.5696721311475
"jagged_stripes","strong","random",1,"geometric",2,1,0.25,NA,283,"FiberMargin",6000,5,0.75,0.959833333333333,0.209833333333333,0.839333333333333,0.920296497769389,0.877955202430342,0.586497890295359,0.586497890295359,0.993011879804333,0.890833333333333,0.977083333333333,0.934,0.0315555555555556,0.87892095357591,0.265666666666667,0,0.0169999999999995,12.0759493670886
"jagged_stripes","strong","random",2,"geometric",2,1,0.25,NA,284,"FiberMargin",6000,5,0.75,0.946166666666667,0.196166666666667,0.784666666666667,0.875357171861395,0.90598598068873,0.834061135371179,0.834061135371179,0.987040280210158,0.821666666666667,0.977291666666667,0.897333333333333,0.0375555555555556,0.842302878598248,0.266333333333333,0,0.0180000000000007,12.4672489082969
"jagged_stripes","strong","random",3,"geometric",2,3,0.25,NA,285,"FiberMargin",6000,5,0.75,0.923166666666667,0.173166666666667,0.692666666666667,0.883987679415041,0.761845237406738,0.320987654320988,0.320987654320988,0.995111731843575,0.83,0.946458333333333,0.874666666666667,0.0606666666666667,0.777711914641375,0.281166666666667,0,0.0190000000000019,11.7860082304527
"jagged_stripes","strong","region",1,"geometric",2,1,0.25,NA,286,"FiberMargin",6000,5,0.75,0.7335,-0.0165,-0.0659999999999998,0.389603615343401,0.763632511995386,0.625550660792952,0.625550660792952,0.69740932642487,0.665833333333333,0.750416666666667,0.0486666666666667,0.0382222222222222,0.294354838709677,0.0413333333333333,0,0.0199999999999996,12.7533039647577
"jagged_stripes","strong","region",2,"geometric",2,1,0.25,NA,287,"FiberMargin",6000,5,0.75,0.733,-0.017,-0.0680000000000001,0.452731686271654,0.779637481269981,0.69559585492228,0.841897233201581,0.69799114742935,0.711666666666667,0.738333333333333,0.0506666666666667,0.0395555555555556,0.294573643410853,0.043,0,0.0180000000000007,11.6086956521739
"jagged_stripes","strong","region",3,"geometric",2,3,0.25,NA,288,"FiberMargin",6000,5,0.75,0.706333333333333,-0.0436666666666666,-0.174666666666667,0.464383086933818,0.71337049451825,0.621802679658953,0.653696498054475,0.729293653639297,0.634166666666667,0.724375,0.046,0.0735555555555556,0.169950738916256,0.0676666666666667,0,0.0180000000000007,10.852140077821
"jagged_stripes","uniform","boundary",1,"geometric",2,1,0.25,NA,289,"FiberMargin",6000,5,0.75,0.888833333333333,0.138833333333333,0.555333333333333,0.748220819950095,0.888833333333333,0.828333333333333,0.9275,0.9275,0.529166666666667,0.97875,0.578,0.00755555555555556,0.702024291497976,0.205833333333333,0,0.0190000000000019,1
"jagged_stripes","uniform","boundary",2,"geometric",2,1,0.25,NA,290,"FiberMargin",6000,5,0.75,0.892333333333333,0.142333333333333,0.569333333333333,0.755840775305184,0.892333333333333,0.8375,0.933333333333333,0.933333333333333,0.5425,0.979791666666667,0.586,0.00555555555555556,0.687793427230047,0.213,0,0.0180000000000007,1
"jagged_stripes","uniform","boundary",3,"geometric",2,3,0.25,NA,291,"FiberMargin",6000,5,0.75,0.8555,0.1055,0.422,0.685085746130843,0.8555,0.783333333333333,0.909166666666667,0.909166666666667,0.521666666666667,0.938958333333333,0.545333333333333,0.0411111111111111,0.579320113314448,0.235333333333333,0,0.0180000000000007,1
"jagged_stripes","uniform","patch",1,"geometric",2,1,0.25,NA,292,"FiberMargin",6000,5,0.75,0.7605,0.0105,0.0419999999999998,0.514261780255914,0.7605,0.6775,0.803333333333333,0.803333333333333,0.631666666666667,0.792708333333333,0.180666666666667,0.0462222222222222,0.231031543052003,0.1955,0,0.0169999999999995,1
"jagged_stripes","uniform","patch",2,"geometric",2,1,0.25,NA,293,"FiberMargin",6000,5,0.75,0.775333333333333,0.0253333333333333,0.101333333333333,0.554083521205111,0.775333333333333,0.650833333333333,0.920833333333333,0.920833333333333,0.653333333333333,0.805833333333333,0.222,0.0402222222222222,0.278428093645485,0.199333333333333,0,0.0180000000000007,1
"jagged_stripes","uniform","patch",3,"geometric",2,3,0.25,NA,294,"FiberMargin",6000,5,0.75,0.766166666666667,0.0161666666666667,0.0646666666666667,0.514903162251326,0.766166666666667,0.739166666666667,0.739166666666667,0.739166666666667,0.648333333333333,0.795625,0.327333333333333,0.0875555555555556,0.333107191316147,0.245666666666667,0,0.0189999999999984,1
"jagged_stripes","uniform","random",1,"geometric",2,1,0.25,NA,295,"FiberMargin",6000,5,0.75,0.943,0.193,0.772,0.864419578746782,0.943,0.9225,0.951666666666667,0.951666666666667,0.788333333333333,0.981666666666667,0.891333333333333,0.0397777777777778,0.838244514106583,0.265833333333333,0,0.0180000000000007,1
"jagged_stripes","uniform","random",2,"geometric",2,1,0.25,NA,296,"FiberMargin",6000,5,0.75,0.942833333333333,0.192833333333333,0.771333333333333,0.864257082411772,0.942833333333333,0.92,0.940833333333333,0.940833333333333,0.784166666666667,0.9825,0.898666666666667,0.0424444444444444,0.83158544108575,0.270166666666667,0,0.0180000000000007,1
"jagged_stripes","uniform","random",3,"geometric",2,3,0.25,NA,297,"FiberMargin",6000,5,0.75,0.888333333333333,0.138333333333333,0.553333333333333,0.747923528950375,0.888333333333333,0.8425,0.915,0.915,0.709166666666667,0.933125,0.826666666666667,0.0911111111111111,0.684704583103258,0.301833333333333,0,0.0199999999999996,1
"jagged_stripes","uniform","region",1,"geometric",2,1,0.25,NA,298,"FiberMargin",6000,5,0.75,0.733166666666667,-0.0168333333333334,-0.0673333333333335,0.449135666003172,0.733166666666667,0.611666666666667,0.826666666666667,0.826666666666667,0.6625,0.750833333333333,0.0513333333333333,0.0395555555555556,0.297297297297297,0.0431666666666667,0,0.0189999999999984,1
"jagged_stripes","uniform","region",2,"geometric",2,1,0.25,NA,299,"FiberMargin",6000,5,0.75,0.727166666666667,-0.0228333333333334,-0.0913333333333335,0.459194818179963,0.727166666666667,0.534166666666667,0.9475,0.9475,0.645,0.747708333333333,0.044,0.0451111111111111,0.24,0.0458333333333333,0,0.0180000000000007,1
"jagged_stripes","uniform","region",3,"geometric",2,3,0.25,NA,300,"FiberMargin",6000,5,0.75,0.6935,-0.0565,-0.226,0.368544519842135,0.6935,0.5025,0.5025,0.5025,0.6075,0.715,0.0853333333333333,0.103777777777778,0.214046822742475,0.0996666666666667,0,0.0169999999999995,1
"layers3d","extreme","boundary",1,"geometric",3,1,0.25,NA,301,"FiberMargin",6000,5,0.75,0.950333333333333,0.200333333333333,0.801333333333333,0.916382867619186,0.787409871767385,0.5,0.666666666666667,0.988964792433,0.84,0.977916666666667,0.852666666666667,0.0171111111111111,0.878434065934066,0.242666666666667,0,0.0279999999999987,63.4333333333333
"layers3d","extreme","boundary",2,"geometric",3,1,0.25,NA,302,"FiberMargin",6000,5,0.75,0.915,0.165,0.66,0.798159212306382,0.70719089564584,0.175438596491228,0.175438596491228,0.958344388431945,0.67,0.97625,0.696666666666667,0.0122222222222222,0.792867981790592,0.219666666666667,0,0.0299999999999976,66.1228070175439
"layers3d","extreme","boundary",3,"geometric",3,3,0.25,NA,303,"FiberMargin",6000,5,0.75,0.907166666666667,0.157166666666667,0.628666666666667,0.790515868696146,0.678355295942752,0.312883435582822,0.739130434782609,0.985348961108151,0.82,0.928958333333333,0.825333333333333,0.0655555555555556,0.744437763078773,0.277166666666667,0,0.0289999999999999,54.4057971014493
"layers3d","extreme","patch",1,"geometric",3,1,0.25,NA,304,"FiberMargin",6000,5,0.75,0.803666666666667,0.0536666666666666,0.214666666666667,0.522277187527793,0.69674164737289,0.338983050847458,0.338983050847458,0.776182881446039,0.7575,0.815208333333333,0.353333333333333,0.0462222222222222,0.431947840260799,0.2045,0,0.032,63.7627118644068
"layers3d","extreme","patch",2,"geometric",3,1,0.25,NA,305,"FiberMargin",6000,5,0.75,0.771,0.021,0.0840000000000001,0.552986434783633,0.671732197295041,0.49738219895288,0.523076923076923,0.760944547625365,0.763333333333333,0.772916666666667,0.249333333333333,0.0551111111111111,0.307313064913722,0.202833333333333,0,0.0300000000000011,57.9846153846154
"layers3d","extreme","patch",3,"geometric",3,3,0.25,NA,306,"FiberMargin",6000,5,0.75,0.827833333333333,0.0778333333333333,0.311333333333333,0.665186664902468,0.601740906168277,0.0819672131147541,0.0819672131147541,0.826663132785582,0.789166666666667,0.8375,0.528,0.0722222222222222,0.543582704186685,0.242833333333333,0,0.0280000000000022,61.8524590163934
"layers3d","extreme","random",1,"geometric",3,1,0.25,NA,307,"FiberMargin",6000,5,0.75,0.940166666666667,0.190166666666667,0.760666666666667,0.839750266856525,0.764941620614166,0.302197802197802,0.678571428571429,0.995205114544486,0.876666666666667,0.956041666666667,0.889333333333333,0.0428888888888889,0.82549504950495,0.269333333333333,0,0.0289999999999999,67.0357142857143
"layers3d","extreme","random",2,"geometric",3,1,0.25,NA,308,"FiberMargin",6000,5,0.75,0.965,0.215,0.86,0.946628265249549,0.627863684634701,0.0172413793103448,0.0172413793103448,0.999473129610116,0.930833333333333,0.973541666666667,0.958666666666667,0.0328888888888889,0.887654320987654,0.27,0,0.0300000000000011,65.448275862069
"layers3d","extreme","random",3,"geometric",3,3,0.25,NA,309,"FiberMargin",6000,5,0.75,0.936,0.186,0.744,0.882271974723139,0.584520047940338,0.0967741935483871,0.0967741935483871,0.998408910103421,0.855833333333333,0.956041666666667,0.909333333333333,0.0551111111111111,0.807100591715976,0.281666666666667,0,0.032,60.8225806451613
"layers3d","extreme","region",1,"geometric",3,1,0.25,NA,310,"FiberMargin",6000,5,0.75,0.7225,-0.0275,-0.11,0.420848152732091,0.609052644564249,0.339622641509434,0.407407407407407,0.737874370527432,0.671666666666667,0.735208333333333,0.0726666666666667,0.0608888888888889,0.267156862745098,0.068,0,0.0300000000000011,69.8703703703704
"layers3d","extreme","region",2,"geometric",3,1,0.25,NA,311,"FiberMargin",6000,5,0.75,0.715,-0.035,-0.14,0.51166071197167,0.594982634969083,0.0602409638554217,0.636363636363636,0.681059602649007,0.705833333333333,0.717291666666667,0.05,0.0633333333333333,0.206043956043956,0.0606666666666667,0,0.0300000000000011,57.1969696969697
"layers3d","extreme","region",3,"geometric",3,3,0.25,NA,312,"FiberMargin",6000,5,0.75,0.703833333333333,-0.0461666666666667,-0.184666666666667,0.504232682819035,0.524065940959881,0,0,0.69206094627105,0.721666666666667,0.699375,0.0906666666666667,0.0917777777777778,0.245045045045045,0.0925,0,0.0300000000000011,56.6818181818182
"layers3d","hotspot","boundary",1,"geometric",3,1,0.25,NA,313,"FiberMargin",6000,5,0.75,0.897833333333333,0.147833333333333,0.591333333333333,0.827694105223062,0.833156754145982,0.636574074074074,0.636574074074074,0.978438982319966,0.636666666666667,0.963125,0.655333333333333,0.0213333333333333,0.718567251461988,0.228,0,0.0310000000000024,5.36805555555556
"layers3d","hotspot","boundary",2,"geometric",3,1,0.25,NA,314,"FiberMargin",6000,5,0.75,0.912833333333333,0.162833333333333,0.651333333333334,0.818795959838569,0.869749652559458,0.660287081339713,0.660287081339713,0.937719298245614,0.738333333333333,0.956458333333333,0.753333333333333,0.034,0.762483130904184,0.247,0,0.0289999999999999,5.45454545454545
"layers3d","hotspot","boundary",3,"geometric",3,3,0.25,NA,315,"FiberMargin",6000,5,0.75,0.840333333333333,0.0903333333333334,0.361333333333334,0.709446563278993,0.725816510226684,0.415360501567398,0.416666666666667,0.948205361199455,0.604166666666667,0.899375,0.611333333333333,0.0833333333333333,0.554748941318814,0.2755,0,0.0299999999999976,4.36706349206349
"layers3d","hotspot","patch",1,"geometric",3,1,0.25,NA,316,"FiberMargin",6000,5,0.75,0.768333333333333,0.0183333333333333,0.0733333333333333,0.524576755110161,0.778395219547769,0.635346756152125,0.635346756152125,0.688433632095604,0.6525,0.797291666666667,0.307333333333333,0.078,0.327880512091038,0.234333333333333,0,0.0309999999999988,5.24161073825503
"layers3d","hotspot","patch",2,"geometric",3,1,0.25,NA,317,"FiberMargin",6000,5,0.75,0.791666666666667,0.0416666666666666,0.166666666666667,0.589391463534458,0.770552186174234,0.593117408906883,0.593117408906883,0.770347558293005,0.680833333333333,0.819375,0.377333333333333,0.0702222222222222,0.408664259927798,0.230833333333333,0,0.0289999999999999,4.60121457489879
"layers3d","hotspot","patch",3,"geometric",3,3,0.25,NA,318,"FiberMargin",6000,5,0.75,0.761833333333333,0.0118333333333334,0.0473333333333334,0.476530137379944,0.7842598458144,0.717763751127142,0.837067209775967,0.718276515151515,0.6625,0.786666666666667,0.385333333333333,0.112666666666667,0.364668769716088,0.264166666666667,0,0.0279999999999987,4.30142566191446
"layers3d","hotspot","random",1,"geometric",3,1,0.25,NA,319,"FiberMargin",6000,5,0.75,0.906666666666667,0.156666666666667,0.626666666666666,0.783756155696103,0.883086818287988,0.703751617076326,0.881632653061225,0.947778286761338,0.793333333333333,0.935,0.858,0.0771111111111111,0.73458904109589,0.292,0,0.0300000000000011,4.45510204081633
"layers3d","hotspot","random",2,"geometric",3,1,0.25,NA,320,"FiberMargin",6000,5,0.75,0.9175,0.1675,0.67,0.848392817491875,0.86799083318976,0.710948905109489,0.813397129186603,0.986859395532194,0.794166666666667,0.948333333333333,0.860666666666667,0.0635555555555556,0.758073987081621,0.283833333333333,0,0.0309999999999988,5.46172248803828
"layers3d","hotspot","random",3,"geometric",3,3,0.25,NA,321,"FiberMargin",6000,5,0.75,0.870166666666667,0.120166666666667,0.480666666666667,0.740383827424049,0.737312884497001,0.131645569620253,0.131645569620253,0.981545064377682,0.7675,0.895833333333333,0.811333333333333,0.110222222222222,0.649413020277481,0.312333333333333,0,0.0299999999999976,5.89873417721519
"layers3d","hotspot","region",1,"geometric",3,1,0.25,NA,322,"FiberMargin",6000,5,0.75,0.7065,-0.0435,-0.174,0.386743521880698,0.704885532589892,0.541095890410959,0.849576271186441,0.712746858168761,0.650833333333333,0.720416666666667,0.056,0.0766666666666667,0.186666666666667,0.075,0,0.0289999999999999,4.72033898305085
"layers3d","hotspot","region",2,"geometric",3,1,0.25,NA,323,"FiberMargin",6000,5,0.75,0.716833333333333,-0.0331666666666667,-0.132666666666667,0.484317090284198,0.718118852734125,0.693654266958424,0.693654266958424,0.718291054739653,0.6475,0.734166666666667,0.0886666666666667,0.0737777777777778,0.281779661016949,0.0786666666666667,0,0.0289999999999999,4.91684901531729
"layers3d","hotspot","region",3,"geometric",3,3,0.25,NA,324,"FiberMargin",6000,5,0.75,0.68,-0.07,-0.28,0.41547416911491,0.650722726701117,0.402843601895735,0.402843601895735,0.679362267493357,0.5775,0.705625,0.122666666666667,0.134222222222222,0.230287859824781,0.133166666666667,0,0.0299999999999976,5.35071090047393
"layers3d","moderate","boundary",1,"geometric",3,1,0.25,NA,325,"FiberMargin",6000,5,0.75,0.8895,0.1395,0.558,0.787314561545044,0.855576868952923,0.66464339908953,0.66464339908953,0.974816369359916,0.625,0.955625,0.642,0.028,0.681528662420382,0.2355,0,0.0289999999999999,2.89226100151745
"layers3d","moderate","boundary",2,"geometric",3,1,0.25,NA,326,"FiberMargin",6000,5,0.75,0.883833333333333,0.133833333333333,0.535333333333333,0.73785049787023,0.881814821943522,0.795266272189349,0.927621861152142,0.9038974906567,0.591666666666667,0.956875,0.612666666666667,0.0257777777777778,0.673260073260073,0.2275,0,0.0289999999999999,2.76661742983752
"layers3d","moderate","boundary",3,"geometric",3,3,0.25,NA,327,"FiberMargin",6000,5,0.75,0.836166666666667,0.0861666666666666,0.344666666666666,0.623877446707929,0.841919716984342,0.718531468531469,0.885321100917431,0.860759493670886,0.554166666666667,0.906666666666667,0.568666666666667,0.0746666666666667,0.537492123503466,0.2645,0,0.0279999999999987,2.89908256880734
"layers3d","moderate","patch",1,"geometric",3,1,0.25,NA,328,"FiberMargin",6000,5,0.75,0.754,0.004,0.016,0.538465887941577,0.725872953349327,0.399350649350649,0.399350649350649,0.731536388140162,0.633333333333333,0.784166666666667,0.272666666666667,0.0855555555555556,0.288434414668547,0.236333333333333,0,0.0279999999999987,3.01136363636364
"layers3d","moderate","patch",2,"geometric",3,1,0.25,NA,329,"FiberMargin",6000,5,0.75,0.772666666666667,0.0226666666666666,0.0906666666666665,0.519071136465338,0.783238484393698,0.71606648199446,0.723809523809524,0.737203166226913,0.6225,0.810208333333333,0.308666666666667,0.0726666666666667,0.337217771303714,0.228833333333333,0,0.0289999999999999,3.00793650793651
"layers3d","moderate","patch",3,"geometric",3,3,0.25,NA,330,"FiberMargin",6000,5,0.75,0.740833333333333,-0.00916666666666666,-0.0366666666666666,0.494999984364998,0.747962941699871,0.482954545454545,0.883551673944687,0.672106068332483,0.623333333333333,0.770208333333333,0.348666666666667,0.128444444444444,0.315060240963855,0.276666666666667,0,0.0289999999999999,2.85443959243086
"layers3d","moderate","random",1,"geometric",3,1,0.25,NA,331,"FiberMargin",6000,5,0.75,0.896666666666667,0.146666666666667,0.586666666666666,0.772107066134732,0.862228421510823,0.648550724637681,0.826747720364742,0.976079043161726,0.750833333333333,0.933125,0.844,0.0857777777777778,0.71043771043771,0.297,0,0.0279999999999987,2.92249240121581
"layers3d","moderate","random",2,"geometric",3,1,0.25,NA,332,"FiberMargin",6000,5,0.75,0.8915,0.1415,0.566,0.771548187903441,0.865706620603313,0.604597701149425,0.888888888888889,0.95993756503642,0.715,0.935625,0.810666666666667,0.0815555555555556,0.696848137535817,0.290833333333333,0,0.0300000000000011,3.28547008547009
"layers3d","moderate","random",3,"geometric",3,3,0.25,NA,333,"FiberMargin",6000,5,0.75,0.8305,0.0805,0.322,0.667609676403156,0.798959769540341,0.6128,0.6128,0.937728937728938,0.668333333333333,0.871041666666667,0.725333333333333,0.134444444444444,0.558808423215203,0.3245,0,0.0289999999999999,3.0576
"layers3d","moderate","region",1,"geometric",3,1,0.25,NA,334,"FiberMargin",6000,5,0.75,0.710166666666667,-0.0398333333333334,-0.159333333333334,0.465351958298962,0.723524627986773,0.60053050397878,0.707667731629393,0.60053050397878,0.569166666666667,0.745416666666667,0.108666666666667,0.0893333333333333,0.283478260869565,0.0958333333333333,0,0.0289999999999999,3.0111821086262
"layers3d","moderate","region",2,"geometric",3,1,0.25,NA,335,"FiberMargin",6000,5,0.75,0.702666666666667,-0.0473333333333333,-0.189333333333333,0.396290297754385,0.736529953282409,0.623700623700624,0.859237536656892,0.655370177267988,0.571666666666667,0.735416666666667,0.0706666666666667,0.0866666666666667,0.212,0.0833333333333333,0,0.0300000000000011,2.81231671554252
"layers3d","moderate","region",3,"geometric",3,3,0.25,NA,336,"FiberMargin",6000,5,0.75,0.675666666666667,-0.0743333333333334,-0.297333333333333,0.38092859110489,0.621919754791996,0.2921875,0.2921875,0.787592008412198,0.57,0.702083333333333,0.155333333333333,0.150888888888889,0.250537634408602,0.155,0,0.0300000000000011,2.971875
"layers3d","strong","boundary",1,"geometric",3,1,0.25,NA,337,"FiberMargin",6000,5,0.75,0.902166666666667,0.152166666666667,0.608666666666667,0.759337036891425,0.870733739138339,0.784810126582278,0.784810126582278,0.932635253054101,0.659166666666667,0.962916666666667,0.678666666666667,0.0233333333333333,0.738751814223512,0.229666666666667,0,0.0279999999999987,12.0886075949367
"layers3d","strong","boundary",2,"geometric",3,1,0.25,NA,338,"FiberMargin",6000,5,0.75,0.900333333333333,0.150333333333333,0.601333333333333,0.77320819624898,0.847670410805188,0.636,0.636,0.934311670160727,0.6375,0.966041666666667,0.662666666666667,0.0204444444444444,0.734663710273466,0.2255,0,0.0330000000000013,11.448
"layers3d","strong","boundary",3,"geometric",3,3,0.25,NA,339,"FiberMargin",6000,5,0.75,0.877333333333333,0.127333333333333,0.509333333333333,0.799509981743318,0.730329180338005,0.267489711934156,0.267489711934156,0.982560167422393,0.6525,0.933541666666667,0.668666666666667,0.0531111111111111,0.659001314060447,0.253666666666667,0,0.027000000000001,11.798353909465
"layers3d","strong","patch",1,"geometric",3,1,0.25,NA,340,"FiberMargin",6000,5,0.75,0.789666666666667,0.0396666666666666,0.158666666666667,0.610438286037482,0.712455530731386,0.346774193548387,0.346774193548387,0.779661016949153,0.725,0.805833333333333,0.339333333333333,0.0602222222222222,0.39426800929512,0.215166666666667,0,0.0300000000000011,11.4193548387097
"layers3d","strong","patch",2,"geometric",3,1,0.25,NA,341,"FiberMargin",6000,5,0.75,0.765833333333333,0.0158333333333334,0.0633333333333335,0.480503819329835,0.792834034596601,0.718924581005587,0.80952380952381,0.718924581005587,0.65,0.794791666666667,0.248,0.0615555555555556,0.29951690821256,0.207,0,0.0289999999999999,12.3982683982684
"layers3d","strong","patch",3,"geometric",3,3,0.25,NA,342,"FiberMargin",6000,5,0.75,0.760666666666667,0.0106666666666667,0.0426666666666669,0.545913351346836,0.63233918118901,0.22972972972973,0.22972972972973,0.775922059846903,0.685,0.779583333333333,0.344666666666667,0.100666666666667,0.34979702300406,0.246333333333333,0,0.0279999999999987,12.9459459459459
"layers3d","strong","random",1,"geometric",3,1,0.25,NA,343,"FiberMargin",6000,5,0.75,0.916833333333333,0.166833333333333,0.667333333333333,0.848440999362303,0.78937172880966,0.52744630071599,0.643137254901961,0.992999649982499,0.833333333333333,0.937708333333333,0.857333333333333,0.0633333333333333,0.760496747486694,0.281833333333333,0,0.0300000000000011,11.2039215686275
"layers3d","strong","random",2,"geometric",3,1,0.25,NA,344,"FiberMargin",6000,5,0.75,0.917166666666667,0.167166666666667,0.668666666666667,0.868579571468711,0.750512107822533,0.130268199233716,0.130268199233716,0.999297506146821,0.841666666666667,0.936041666666667,0.877333333333333,0.0695555555555556,0.76734693877551,0.285833333333333,0,0.0329999999999977,10.9080459770115
"layers3d","strong","random",3,"geometric",3,3,0.25,NA,345,"FiberMargin",6000,5,0.75,0.899166666666667,0.149166666666667,0.596666666666667,0.802598213087983,0.706591248221121,0.0810810810810811,0.0810810810810811,0.993721660272061,0.8375,0.914583333333333,0.84,0.0811111111111111,0.713073005093379,0.2945,0,0.0279999999999987,12.9144144144144
"layers3d","strong","region",1,"geometric",3,1,0.25,NA,346,"FiberMargin",6000,5,0.75,0.720166666666667,-0.0298333333333334,-0.119333333333334,0.349871424452033,0.730930038150906,0.662447257383966,0.85,0.723115398356556,0.664166666666667,0.734166666666667,0.0766666666666667,0.0653333333333333,0.273809523809524,0.07,0,0.0299999999999976,12.7227272727273
"layers3d","strong","region",2,"geometric",3,1,0.25,NA,347,"FiberMargin",6000,5,0.75,0.706666666666667,-0.0433333333333333,-0.173333333333333,0.368990464799539,0.624657542671104,0.172727272727273,0.172727272727273,0.672535211267606,0.648333333333333,0.72125,0.0366666666666667,0.07,0.14745308310992,0.0621666666666667,0,0.0289999999999999,12.9090909090909
"layers3d","strong","region",3,"geometric",3,3,0.25,NA,348,"FiberMargin",6000,5,0.75,0.686166666666667,-0.0638333333333333,-0.255333333333333,0.496545375406188,0.630507404398284,0.345707656612529,0.588495575221239,0.654577464788732,0.635,0.698958333333333,0.128666666666667,0.128,0.248071979434447,0.129666666666667,0,0.0289999999999999,12.5663716814159
"layers3d","uniform","boundary",1,"geometric",3,1,0.25,NA,349,"FiberMargin",6000,5,0.75,0.874333333333333,0.124333333333333,0.497333333333333,0.723611175117869,0.874333333333333,0.766666666666667,0.946666666666667,0.946666666666667,0.561666666666667,0.9525,0.58,0.0275555555555556,0.640176600441501,0.2265,0,0.0289999999999999,1
"layers3d","uniform","boundary",2,"geometric",3,1,0.25,NA,350,"FiberMargin",6000,5,0.75,0.881166666666667,0.131166666666667,0.524666666666667,0.734528343841824,0.881166666666667,0.813333333333333,0.930833333333333,0.930833333333333,0.560833333333333,0.96125,0.588666666666667,0.0213333333333333,0.650220913107511,0.226333333333333,0,0.0279999999999987,1
"layers3d","uniform","boundary",3,"geometric",3,3,0.25,NA,351,"FiberMargin",6000,5,0.75,0.7945,0.0445,0.178,0.586084334008468,0.7945,0.615833333333333,0.91,0.91,0.470833333333333,0.875416666666667,0.48,0.100666666666667,0.441717791411043,0.271666666666667,0,0.0309999999999988,1
"layers3d","uniform","patch",1,"geometric",3,1,0.25,NA,352,"FiberMargin",6000,5,0.75,0.781666666666667,0.0316666666666666,0.126666666666666,0.548150504166756,0.781666666666667,0.676666666666667,0.865833333333333,0.865833333333333,0.634166666666667,0.818541666666667,0.330666666666667,0.068,0.364974245768948,0.2265,0,0.032,1
"layers3d","uniform","patch",2,"geometric",3,1,0.25,NA,353,"FiberMargin",6000,5,0.75,0.7765,0.0265,0.106,0.543496043794055,0.7765,0.610833333333333,0.864166666666667,0.864166666666667,0.6425,0.81,0.317333333333333,0.0704444444444444,0.346181818181818,0.229166666666667,0,0.0310000000000024,1
"layers3d","uniform","patch",3,"geometric",3,3,0.25,NA,354,"FiberMargin",6000,5,0.75,0.741833333333333,-0.00816666666666666,-0.0326666666666666,0.502839036286763,0.741833333333333,0.53,0.9375,0.9375,0.596666666666667,0.778125,0.355333333333333,0.129333333333333,0.317640047675805,0.279666666666667,0,0.0299999999999976,1
"layers3d","uniform","random",1,"geometric",3,1,0.25,NA,355,"FiberMargin",6000,5,0.75,0.902,0.152,0.608,0.776325152314788,0.902,0.860833333333333,0.9325,0.9325,0.7225,0.946875,0.823333333333333,0.0717777777777778,0.725616921269095,0.283666666666667,0,0.0289999999999999,1
"layers3d","uniform","random",2,"geometric",3,1,0.25,NA,356,"FiberMargin",6000,5,0.75,0.9,0.15,0.6,0.771515299871893,0.9,0.866666666666667,0.921666666666667,0.921666666666667,0.699166666666667,0.950208333333333,0.828666666666667,0.0762222222222222,0.714367816091954,0.29,0,0.0279999999999987,1
"layers3d","uniform","random",3,"geometric",3,3,0.25,NA,357,"FiberMargin",6000,5,0.75,0.829,0.079,0.316,0.637617619342562,0.829,0.754166666666667,0.899166666666667,0.899166666666667,0.666666666666667,0.869583333333333,0.73,0.138,0.566770186335404,0.322,0,0.0300000000000011,1
"layers3d","uniform","region",1,"geometric",3,1,0.25,NA,358,"FiberMargin",6000,5,0.75,0.714333333333333,-0.0356666666666666,-0.142666666666666,0.4093905347075,0.714333333333333,0.6525,0.683333333333333,0.683333333333333,0.629166666666667,0.735625,0.0886666666666667,0.0771111111111111,0.271428571428571,0.0816666666666667,0,0.0279999999999987,1
"layers3d","uniform","region",2,"geometric",3,1,0.25,NA,359,"FiberMargin",6000,5,0.75,0.706666666666667,-0.0433333333333333,-0.173333333333333,0.385975744534978,0.706666666666667,0.673333333333333,0.784166666666667,0.784166666666667,0.5875,0.736458333333333,0.0746666666666667,0.0826666666666667,0.229979466119097,0.0811666666666667,0,0.0289999999999999,1
"layers3d","uniform","region",3,"geometric",3,3,0.25,NA,360,"FiberMargin",6000,5,0.75,0.6635,-0.0865,-0.346,0.365411217196156,0.6635,0.594166666666667,0.610833333333333,0.610833333333333,0.5475,0.6925,0.124666666666667,0.156888888888889,0.206858407079646,0.150666666666667,0,0.0279999999999987,1
"lobes","extreme","boundary",1,"geometric",2,1,0.25,NA,361,"FiberMargin",6000,5,0.75,0.772166666666667,0.0221666666666667,0.0886666666666667,0.580814529270853,0.794064537680587,0.744635193133047,0.810810810810811,0.760666277030976,0.0216666666666667,0.959791666666667,0.0913333333333333,0.000888888888888889,0.159117305458769,0.1435,0,0.0190000000000019,46.2432432432432
"lobes","extreme","boundary",2,"geometric",2,1,0.25,NA,362,"FiberMargin",6000,5,0.75,0.773833333333333,0.0238333333333334,0.0953333333333335,0.560287014805921,0.774945677606793,0.756360832690825,0.761904761904762,0.777135980746089,0.0433333333333333,0.956458333333333,0.096,0.000222222222222222,0.168815943728019,0.142166666666667,0,0.0180000000000007,65.952380952381
"lobes","extreme","boundary",3,"geometric",2,3,0.25,NA,363,"FiberMargin",6000,5,0.75,0.802166666666667,0.0521666666666667,0.208666666666667,0.62012609755527,0.821946289220585,0.782964782964783,0.853658536585366,0.782964782964783,0.115833333333333,0.97375,0.211333333333333,0.000888888888888889,0.349118942731278,0.151333333333333,0,0.017000000000003,89.3414634146341
"lobes","extreme","patch",1,"geometric",2,1,0.25,NA,364,"FiberMargin",6000,5,0.75,0.794333333333333,0.0443333333333333,0.177333333333333,0.58762076880346,0.885246035370253,0.743568232662192,0.956521739130435,0.743568232662192,0.765,0.801666666666667,0.186666666666667,0.00311111111111111,0.298507462686567,0.156333333333333,0,0.0179999999999971,77.7391304347826
"lobes","extreme","patch",2,"geometric",2,1,0.25,NA,365,"FiberMargin",6000,5,0.75,0.788166666666667,0.0381666666666667,0.152666666666667,0.643422095754992,0.896007069666806,0.636133122028526,0.970588235294118,0.636133122028526,0.745833333333333,0.79875,0.163333333333333,0.00355555555555556,0.273743016759777,0.149166666666667,0,0.0180000000000007,46.3970588235294
"lobes","extreme","patch",3,"geometric",2,3,0.25,NA,366,"FiberMargin",6000,5,0.75,0.826166666666667,0.0761666666666667,0.304666666666667,0.615230641352573,0.897213389344204,0.760858955588092,0.872340425531915,0.760858955588092,0.753333333333333,0.844375,0.325333333333333,0.00688888888888889,0.474708171206226,0.171333333333333,0,0.0180000000000007,87.1914893617021
"lobes","extreme","random",1,"geometric",2,1,0.25,NA,367,"FiberMargin",6000,5,0.75,0.9925,0.2425,0.97,0.985054522893971,0.96443368460004,0.907407407407407,0.907407407407407,1,0.97,0.998125,0.98,0.00333333333333333,0.986577181208054,0.248333333333333,0,0.0180000000000007,70.7407407407407
"lobes","extreme","random",2,"geometric",2,1,0.25,NA,368,"FiberMargin",6000,5,0.75,0.990833333333333,0.240833333333333,0.963333333333333,0.977059381020128,0.970482602244145,0.929166666666667,0.948051948051948,0.998513232233125,0.961666666666667,0.998125,0.971333333333333,0.00266666666666667,0.979166666666667,0.248,0,0.0190000000000019,43.6753246753247
"lobes","extreme","random",3,"geometric",2,3,0.25,NA,369,"FiberMargin",6000,5,0.75,0.988,0.238,0.952,0.979840984450989,0.93975858293192,0.861538461538462,0.861538461538462,0.999718309859155,0.960833333333333,0.994791666666667,0.973333333333333,0.00711111111111111,0.96752816434725,0.2515,0,0.0189999999999984,54.6153846153846
"lobes","extreme","region",1,"geometric",2,1,0.25,NA,370,"FiberMargin",6000,5,0.75,0.747666666666667,-0.0023333333333333,-0.00933333333333319,0.486108263177767,0.8589569397743,0.706398706398706,0.971428571428571,0.706398706398706,0.6175,0.780208333333333,0.018,0.00911111111111111,0.397058823529412,0.0113333333333333,0,0.0169999999999995,61.8428571428571
"lobes","extreme","region",2,"geometric",2,1,0.25,NA,371,"FiberMargin",6000,5,0.75,0.745,-0.005,-0.02,0.423700531091126,0.868809941411151,0.629302736098853,0.936708860759494,0.629302736098853,0.761666666666667,0.740833333333333,0.0173333333333333,0.0124444444444444,0.317073170731707,0.0136666666666667,0,0.0169999999999995,43.0253164556962
"lobes","extreme","region",3,"geometric",2,3,0.25,NA,372,"FiberMargin",6000,5,0.75,0.7495,-0.000499999999999945,-0.00199999999999978,0.469980603859915,0.843499263344566,0.71066228276186,0.852459016393443,0.71066228276186,0.723333333333333,0.756041666666667,0.0486666666666667,0.0168888888888889,0.48993288590604,0.0248333333333333,0,0.0189999999999984,69.8032786885246
"lobes","hotspot","boundary",1,"geometric",2,1,0.25,NA,373,"FiberMargin",6000,5,0.75,0.787333333333333,0.0373333333333333,0.149333333333333,0.555308753041433,0.78923894490774,0.744082840236686,0.795955882352941,0.777956989247312,0.0416666666666667,0.97375,0.15,0.000222222222222222,0.246981339187706,0.151833333333333,0,0.0180000000000007,3.41911764705882
"lobes","hotspot","boundary",2,"geometric",2,1,0.25,NA,374,"FiberMargin",6000,5,0.75,0.789166666666667,0.0391666666666667,0.156666666666667,0.602271370096304,0.774342665906436,0.659942363112392,0.659942363112392,0.861342479176874,0.0525,0.973333333333333,0.157333333333333,0.000222222222222222,0.253763440860215,0.155,0,0.0180000000000007,5.88184438040346
"lobes","hotspot","boundary",3,"geometric",2,3,0.25,NA,375,"FiberMargin",6000,5,0.75,0.831333333333333,0.0813333333333334,0.325333333333333,0.641114063665426,0.84325314078436,0.779059829059829,0.796747967479675,0.779059829059829,0.224166666666667,0.983125,0.327333333333333,0.000666666666666667,0.478557504873294,0.171,0,0.0169999999999995,6.34146341463415
"lobes","hotspot","patch",1,"geometric",2,1,0.25,NA,376,"FiberMargin",6000,5,0.75,0.791833333333333,0.0418333333333333,0.167333333333333,0.593257846993764,0.81606235568953,0.710494571773221,0.836676217765043,0.716452742123687,0.825833333333333,0.783333333333333,0.180666666666667,0.00444444444444444,0.272910372608258,0.1655,0,0.0169999999999995,7.36676217765043
"lobes","hotspot","patch",2,"geometric",2,1,0.25,NA,377,"FiberMargin",6000,5,0.75,0.794166666666667,0.0441666666666667,0.176666666666667,0.573033771209293,0.830876839664604,0.597639484978541,0.955974842767296,0.597639484978541,0.7725,0.799583333333333,0.201333333333333,0.00822222222222222,0.296368989205103,0.169833333333333,0,0.0180000000000007,3.90775681341719
"lobes","hotspot","patch",3,"geometric",2,3,0.25,NA,378,"FiberMargin",6000,5,0.75,0.811666666666667,0.0616666666666666,0.246666666666667,0.649360625902809,0.82310719218763,0.645283018867924,0.959537572254335,0.8093808630394,0.813333333333333,0.81125,0.278,0.0104444444444444,0.40603700097371,0.171166666666667,0,0.0180000000000007,7.70231213872832
"lobes","hotspot","random",1,"geometric",2,1,0.25,NA,379,"FiberMargin",6000,5,0.75,0.9905,0.2405,0.962,0.978930735627661,0.981007171741341,0.950684931506849,0.950684931506849,0.996920708237105,0.956666666666667,0.998958333333333,0.976666666666667,0.00488888888888889,0.975366178428762,0.250333333333333,0,0.017000000000003,7.11780821917808
"lobes","hotspot","random",2,"geometric",2,1,0.25,NA,380,"FiberMargin",6000,5,0.75,0.993166666666667,0.243166666666667,0.972666666666667,0.985886203416714,0.985982090215974,0.954787234042553,0.954787234042553,1,0.966666666666667,0.999791666666667,0.986,0.00444444444444444,0.98207171314741,0.251,0,0.0190000000000019,7.34308510638298
"lobes","hotspot","random",3,"geometric",2,3,0.25,NA,381,"FiberMargin",6000,5,0.75,0.9875,0.2375,0.95,0.971863010091457,0.979022492276411,0.953571428571429,0.95850622406639,0.991106719367589,0.949166666666667,0.997083333333333,0.97,0.00666666666666667,0.962938451356717,0.251833333333333,0,0.022000000000002,4.19917012448133
"lobes","hotspot","region",1,"geometric",2,1,0.25,NA,382,"FiberMargin",6000,5,0.75,0.751166666666667,0.00116666666666665,0.0046666666666666,0.463703008389908,0.782053391923794,0.597789115646258,0.75,0.597789115646258,0.578333333333333,0.794375,0.02,0.00511111111111111,0.526315789473684,0.0095,0,0.0199999999999996,6.60674157303371
"lobes","hotspot","region",2,"geometric",2,1,0.25,NA,383,"FiberMargin",6000,5,0.75,0.749333333333333,-0.000666666666666704,-0.00266666666666682,0.479372950804602,0.843445689353791,0.60413914575077,0.97427652733119,0.60413914575077,0.701666666666667,0.76125,0.0373333333333333,0.0133333333333333,0.482758620689655,0.0193333333333333,0,0.0219999999999985,7.30225080385852
"lobes","hotspot","region",3,"geometric",2,3,0.25,NA,384,"FiberMargin",6000,5,0.75,0.759,0.00900000000000001,0.036,0.562374186166385,0.778392260153601,0.64730999146029,0.884097035040431,0.782608695652174,0.665,0.7825,0.08,0.0146666666666667,0.641711229946524,0.0311666666666667,0,0.0189999999999984,4.95956873315364
"lobes","moderate","boundary",1,"geometric",2,1,0.25,NA,385,"FiberMargin",6000,5,0.75,0.798166666666667,0.0481666666666667,0.192666666666667,0.611439715893344,0.791611751049965,0.766558089033659,0.770670826833073,0.815961622328827,0.0808333333333333,0.9775,0.194,0.000444444444444444,0.304075235109718,0.1595,0,0.0210000000000008,3.57722308892356
"lobes","moderate","boundary",2,"geometric",2,1,0.25,NA,386,"FiberMargin",6000,5,0.75,0.798666666666667,0.0486666666666666,0.194666666666667,0.613394649390014,0.798003994388432,0.754868270332188,0.803118908382066,0.791645177926766,0.101666666666667,0.972916666666667,0.196666666666667,0.000666666666666667,0.31183932346723,0.157666666666667,0,0.0210000000000008,3.77972709551657
"lobes","moderate","boundary",3,"geometric",2,3,0.25,NA,387,"FiberMargin",6000,5,0.75,0.8615,0.1115,0.446,0.684431375452147,0.871923064417442,0.81056466302368,0.93118756936737,0.81056466302368,0.368333333333333,0.984791666666667,0.452,0.002,0.614687216681777,0.183833333333333,0,0.0190000000000019,1.82796892341842
"lobes","moderate","patch",1,"geometric",2,1,0.25,NA,388,"FiberMargin",6000,5,0.75,0.796833333333333,0.0468333333333333,0.187333333333333,0.57932454222275,0.841077228774983,0.629470672389127,0.938775510204082,0.629470672389127,0.755833333333333,0.807083333333333,0.208666666666667,0.00711111111111111,0.305962854349951,0.1705,0,0.0159999999999982,3.29199372056515
"lobes","moderate","patch",2,"geometric",2,1,0.25,NA,389,"FiberMargin",6000,5,0.75,0.793666666666667,0.0436666666666666,0.174666666666667,0.581505847867284,0.814906506445228,0.648936170212766,0.902522935779816,0.799515445184736,0.8225,0.786458333333333,0.203333333333333,0.00955555555555555,0.298434442270059,0.170333333333333,0,0.0169999999999995,1.89334862385321
"lobes","moderate","patch",3,"geometric",2,3,0.25,NA,390,"FiberMargin",6000,5,0.75,0.817833333333333,0.0678333333333333,0.271333333333333,0.608440944668311,0.828001394840744,0.712380952380952,0.811355311355311,0.712380952380952,0.816666666666667,0.818125,0.316666666666667,0.0151111111111111,0.427158273381295,0.185333333333333,0,0.0190000000000019,2.88461538461538
"lobes","moderate","random",1,"geometric",2,1,0.25,NA,391,"FiberMargin",6000,5,0.75,0.988166666666667,0.238166666666667,0.952666666666667,0.969496008938692,0.987615118635418,0.98186215235792,0.988031914893617,0.984660766961652,0.941666666666667,0.999791666666667,0.978,0.00844444444444444,0.96704021094265,0.252833333333333,0,0.0190000000000019,2.25398936170213
"lobes","moderate","random",2,"geometric",2,1,0.25,NA,392,"FiberMargin",6000,5,0.75,0.9915,0.2415,0.966,0.980273563644337,0.990400778775967,0.986842105263158,0.986842105263158,0.995129079396006,0.9575,1,0.986666666666667,0.00688888888888889,0.973684210526316,0.253333333333333,0,0.0169999999999995,3.00146198830409
"lobes","moderate","random",3,"geometric",2,3,0.25,NA,393,"FiberMargin",6000,5,0.75,0.9825,0.2325,0.93,0.958872397411557,0.979379082140348,0.956371986222732,0.956371986222732,0.991761723700887,0.915833333333333,0.999166666666667,0.967333333333333,0.0124444444444444,0.944661458333333,0.256,0,0.0209999999999972,1.81171067738232
"lobes","moderate","region",1,"geometric",2,1,0.25,NA,394,"FiberMargin",6000,5,0.75,0.747833333333333,-0.00216666666666665,-0.0086666666666666,0.520813519123098,0.784860019613172,0.646420824295011,0.856287425149701,0.646420824295011,0.756666666666667,0.745625,0.0393333333333333,0.016,0.450381679389313,0.0218333333333333,0,0.0180000000000007,3.45059880239521
"lobes","moderate","region",2,"geometric",2,1,0.25,NA,395,"FiberMargin",6000,5,0.75,0.7515,0.00149999999999995,0.00599999999999978,0.470570981744325,0.789771277871233,0.564413265306122,0.847860538827258,0.718134715025907,0.78,0.744375,0.038,0.0106666666666667,0.542857142857143,0.0175,0,0.0180000000000007,3.05863708399366
"lobes","moderate","region",3,"geometric",2,3,0.25,NA,396,"FiberMargin",6000,5,0.75,0.753833333333333,0.00383333333333336,0.0153333333333334,0.50054670551657,0.782488036559421,0.67535853976532,0.945904173106646,0.67535853976532,0.765,0.751041666666667,0.0933333333333333,0.026,0.538461538461538,0.0433333333333333,0,0.0180000000000007,3.5564142194745
"lobes","strong","boundary",1,"geometric",2,1,0.25,NA,397,"FiberMargin",6000,5,0.75,0.783333333333333,0.0333333333333333,0.133333333333333,0.584115466461357,0.783735580641607,0.731511254019293,0.838983050847458,0.802620087336245,0.0475,0.967291666666667,0.134666666666667,0.000444444444444444,0.226966292134831,0.148333333333333,0,0.0199999999999996,14.5550847457627
"lobes","strong","boundary",2,"geometric",2,1,0.25,NA,398,"FiberMargin",6000,5,0.75,0.783666666666667,0.0336666666666666,0.134666666666666,0.556742831934349,0.788891612101953,0.704714640198511,0.814671814671815,0.800867052023121,0.045,0.968333333333333,0.136,0.000444444444444444,0.231818181818182,0.146666666666667,0,0.0160000000000018,13.3590733590734
"lobes","strong","boundary",3,"geometric",2,3,0.25,NA,399,"FiberMargin",6000,5,0.75,0.825333333333333,0.0753333333333334,0.301333333333333,0.659462102711442,0.834412763286807,0.813946216385241,0.826589595375723,0.813946216385241,0.210833333333333,0.978958333333333,0.302,0.000222222222222222,0.449851042701092,0.167833333333333,0,0.0180000000000007,18.485549132948
"lobes","strong","patch",1,"geometric",2,1,0.25,NA,400,"FiberMargin",6000,5,0.75,0.789333333333333,0.0393333333333333,0.157333333333333,0.523353307335653,0.852866050237945,0.675652545999144,0.942084942084942,0.675652545999144,0.853333333333333,0.773333333333333,0.175333333333333,0.006,0.267820773930754,0.163666666666667,0,0.0199999999999996,9.02316602316602
"lobes","strong","patch",2,"geometric",2,1,0.25,NA,401,"FiberMargin",6000,5,0.75,0.797166666666667,0.0471666666666667,0.188666666666667,0.610247085287894,0.880046339773184,0.640453834115806,0.982269503546099,0.640453834115806,0.725,0.815208333333333,0.212666666666667,0.008,0.317729083665339,0.167333333333333,0,0.022000000000002,9.06382978723404
"lobes","strong","patch",3,"geometric",2,3,0.25,NA,402,"FiberMargin",6000,5,0.75,0.849666666666667,0.0996666666666667,0.398666666666667,0.645794092891821,0.887635422712052,0.805023923444976,0.941379310344828,0.805023923444976,0.771666666666667,0.869166666666667,0.434,0.0117777777777778,0.578152753108348,0.187666666666667,0,0.0230000000000032,8.64827586206897
"lobes","strong","random",1,"geometric",2,1,0.25,NA,403,"FiberMargin",6000,5,0.75,0.9895,0.2395,0.958,0.980329812770471,0.976266632543864,0.948545861297539,0.964125560538117,0.997374562427071,0.956666666666667,0.997708333333333,0.973333333333333,0.00511111111111111,0.973333333333333,0.25,0,0.0219999999999985,15.372197309417
"lobes","strong","random",2,"geometric",2,1,0.25,NA,404,"FiberMargin",6000,5,0.75,0.991333333333333,0.241333333333333,0.965333333333333,0.981330778553332,0.980119458685029,0.939890710382514,0.939890710382514,0.996677740863787,0.956666666666667,1,0.982666666666667,0.00577777777777778,0.974223397224058,0.252166666666667,0,0.0189999999999984,16.448087431694
"lobes","strong","random",3,"geometric",2,3,0.25,NA,405,"FiberMargin",6000,5,0.75,0.9845,0.2345,0.938,0.961513814383063,0.973380795977389,0.929460580912863,0.929460580912863,0.994578815679733,0.929166666666667,0.998333333333333,0.967333333333333,0.00977777777777778,0.953977646285339,0.2535,0,0.0199999999999996,9.95020746887967
"lobes","strong","region",1,"geometric",2,1,0.25,NA,406,"FiberMargin",6000,5,0.75,0.746666666666667,-0.0033333333333333,-0.0133333333333332,0.448698695782437,0.813570575407998,0.559753276792598,0.93956043956044,0.719671007539411,0.655,0.769583333333333,0.012,0.00844444444444444,0.321428571428571,0.00933333333333333,0,0.0199999999999996,16.032967032967
"lobes","strong","region",2,"geometric",2,1,0.25,NA,407,"FiberMargin",6000,5,0.75,0.7475,-0.00249999999999995,-0.00999999999999979,0.431579457937984,0.780280331401508,0.52445652173913,0.952727272727273,0.836180124223602,0.680833333333333,0.764166666666667,0.0146666666666667,0.00822222222222222,0.333333333333333,0.011,0,0.0169999999999995,9.36727272727273
"lobes","strong","region",3,"geometric",2,3,0.25,NA,408,"FiberMargin",6000,5,0.75,0.747166666666667,-0.00283333333333335,-0.0113333333333334,0.580735111028558,0.817055849905864,0.571771291483407,0.956678700361011,0.571771291483407,0.7775,0.739583333333333,0.0486666666666667,0.02,0.447852760736196,0.0271666666666667,0,0.0190000000000019,9.02888086642599
"lobes","uniform","boundary",1,"geometric",2,1,0.25,NA,409,"FiberMargin",6000,5,0.75,0.802166666666667,0.0521666666666667,0.208666666666667,0.582230431579343,0.796292307885839,0.706653225806452,0.789795918367347,0.83355091383812,0.0875,0.980833333333333,0.208666666666667,0,0.322348094747683,0.161833333333333,0,0.0180000000000007,1.56326530612245
"lobes","uniform","boundary",2,"geometric",2,1,0.25,NA,410,"FiberMargin",6000,5,0.75,0.807333333333333,0.0573333333333333,0.229333333333333,0.598815931401321,0.801172787314188,0.728144989339019,0.728144989339019,0.834478450968145,0.115,0.980416666666667,0.230666666666667,0.000444444444444444,0.348790322580645,0.165333333333333,0,0.0179999999999971,1.70682302771855
"lobes","uniform","boundary",3,"geometric",2,3,0.25,NA,411,"FiberMargin",6000,5,0.75,0.881333333333333,0.131333333333333,0.525333333333333,0.733979037521214,0.876223106100164,0.804733727810651,0.859266600594648,0.917123287671233,0.441666666666667,0.99125,0.532,0.00222222222222222,0.663893510815308,0.200333333333333,0,0.0180000000000007,1.44697720515362
"lobes","uniform","patch",1,"geometric",2,1,0.25,NA,412,"FiberMargin",6000,5,0.75,0.789333333333333,0.0393333333333333,0.157333333333333,0.576899902824061,0.779771770617282,0.646153846153846,0.762448132780083,0.841819416157502,0.821666666666667,0.78125,0.19,0.0108888888888889,0.279138099902057,0.170166666666667,0,0.017000000000003,1.52800829875519
"lobes","uniform","patch",2,"geometric",2,1,0.25,NA,413,"FiberMargin",6000,5,0.75,0.794666666666667,0.0446666666666666,0.178666666666667,0.614482801306755,0.7867051195239,0.597710547833197,0.814285714285714,0.951347797501644,0.823333333333333,0.7875,0.197333333333333,0.00622222222222222,0.305785123966942,0.161333333333333,0,0.0180000000000007,1.55204081632653
"lobes","uniform","patch",3,"geometric",2,3,0.25,NA,414,"FiberMargin",6000,5,0.75,0.834166666666667,0.0841666666666666,0.336666666666666,0.658712012310971,0.820763959418923,0.604536489151874,0.604536489151874,0.922207446808511,0.699166666666667,0.867916666666667,0.389333333333333,0.0175555555555556,0.509598603839442,0.191,0,0.0189999999999984,1.48323471400394
"lobes","uniform","random",1,"geometric",2,1,0.25,NA,415,"FiberMargin",6000,5,0.75,0.988333333333333,0.238333333333333,0.953333333333333,0.971111670087402,0.988170207883292,0.983903420523139,0.98559670781893,0.985842985842986,0.941666666666667,1,0.973333333333333,0.00666666666666667,0.964970257766028,0.252166666666667,0,0.0169999999999995,1.59876543209877
"lobes","uniform","random",2,"geometric",2,1,0.25,NA,416,"FiberMargin",6000,5,0.75,0.988,0.238,0.952,0.970718475691902,0.987829719970966,0.982776089159068,0.982776089159068,0.988188976377953,0.941666666666667,0.999583333333333,0.969333333333333,0.00577777777777778,0.970627503337784,0.249666666666667,0,0.0189999999999984,1.54407294832827
"lobes","uniform","random",3,"geometric",2,3,0.25,NA,417,"FiberMargin",6000,5,0.75,0.984166666666667,0.234166666666667,0.936666666666667,0.962030457502026,0.98369045976023,0.971250971250971,0.979550102249489,0.992120814182535,0.924166666666667,0.999166666666667,0.966666666666667,0.01,0.953947368421053,0.253333333333333,0,0.0199999999999996,1.55725971370143
"lobes","uniform","region",1,"geometric",2,1,0.25,NA,418,"FiberMargin",6000,5,0.75,0.746,-0.004,-0.016,0.487547901201225,0.756465047789174,0.659987476518472,0.86989247311828,0.659987476518472,0.6775,0.763125,0.032,0.016,0.39344262295082,0.0203333333333333,0,0.0199999999999996,1.71720430107527
"lobes","uniform","region",2,"geometric",2,1,0.25,NA,419,"FiberMargin",6000,5,0.75,0.749333333333333,-0.000666666666666704,-0.00266666666666682,0.451338580658191,0.748130475249144,0.683518705763397,0.683518705763397,0.689723320158103,0.776666666666667,0.7425,0.0253333333333333,0.00933333333333333,0.475,0.0133333333333333,0,0.0190000000000019,1.53488372093023
"lobes","uniform","region",3,"geometric",2,3,0.25,NA,420,"FiberMargin",6000,5,0.75,0.753833333333333,0.00383333333333336,0.0153333333333334,0.451913519783782,0.7374597535669,0.48744769874477,0.48744769874477,0.868852459016393,0.654166666666667,0.77875,0.09,0.0248888888888889,0.54,0.0416666666666667,0,0.0190000000000019,1.59518828451883
"rings","extreme","boundary",1,"geometric",2,1,0.25,NA,421,"FiberMargin",6000,5,0.75,0.924333333333333,0.174333333333333,0.697333333333333,0.800832843910885,0.89610570961927,0.712328767123288,0.712328767123288,0.926907630522088,0.649166666666667,0.993125,0.699333333333333,0.000666666666666667,0.854930725346373,0.2045,0,0.0189999999999984,51.1643835616438
"rings","extreme","boundary",2,"geometric",2,1,0.25,NA,422,"FiberMargin",6000,5,0.75,0.871666666666667,0.121666666666667,0.486666666666667,0.781099611413924,0.837283572044235,0.677777777777778,0.924242424242424,0.909825033647376,0.415,0.985833333333333,0.492666666666667,0.002,0.680478821362799,0.181,0,0.0189999999999984,56.2878787878788
"rings","extreme","boundary",3,"geometric",2,3,0.25,NA,423,"FiberMargin",6000,5,0.75,0.857,0.107,0.428,0.713348762978984,0.70305587395231,0.465608465608466,0.584615384615385,0.871311475409836,0.419166666666667,0.966458333333333,0.458666666666667,0.0102222222222222,0.667313288069835,0.171833333333333,0,0.0180000000000007,56.3076923076923
"rings","extreme","patch",1,"geometric",2,1,0.25,NA,424,"FiberMargin",6000,5,0.75,0.771166666666667,0.0211666666666667,0.0846666666666667,0.573659276700585,0.819744924041339,0.721734503857409,0.868852459016393,0.721734503857409,0.7375,0.779583333333333,0.125333333333333,0.0135555555555556,0.205016357688113,0.152833333333333,0,0.0180000000000007,61.6229508196721
"rings","extreme","patch",2,"geometric",2,1,0.25,NA,425,"FiberMargin",6000,5,0.75,0.7795,0.0295,0.118,0.570194133557557,0.829850017411356,0.7,0.7,0.713977915432265,0.829166666666667,0.767083333333333,0.154,0.012,0.230309072781655,0.167166666666667,0,0.0180000000000007,61.8833333333333
"rings","extreme","patch",3,"geometric",2,3,0.25,NA,426,"FiberMargin",6000,5,0.75,0.7835,0.0335,0.134,0.564264968572827,0.763844037324983,0.453125,0.453125,0.731108144192256,0.739166666666667,0.794583333333333,0.194666666666667,0.0202222222222222,0.296446700507614,0.164166666666667,0,0.0189999999999984,58.515625
"rings","extreme","random",1,"geometric",2,1,0.25,NA,427,"FiberMargin",6000,5,0.75,0.982166666666667,0.232166666666667,0.928666666666667,0.973247693625952,0.8726537534858,0.647058823529412,0.647058823529412,1,0.929166666666667,0.995416666666667,0.96,0.0104444444444444,0.953011250827267,0.251833333333333,0,0.0169999999999995,54.75
"rings","extreme","random",2,"geometric",2,1,0.25,NA,428,"FiberMargin",6000,5,0.75,0.9735,0.2235,0.894,0.945921572207268,0.875394672171184,0.716417910447761,0.716417910447761,0.999466239658393,0.923333333333333,0.986041666666667,0.939333333333333,0.0151111111111111,0.925147734734078,0.253833333333333,0,0.0190000000000019,55.9253731343284
"rings","extreme","random",3,"geometric",2,3,0.25,NA,429,"FiberMargin",6000,5,0.75,0.965833333333333,0.215833333333333,0.863333333333333,0.956603092450466,0.782756535674499,0.533333333333333,0.564516129032258,0.999732262382865,0.911666666666667,0.979375,0.933333333333333,0.0233333333333333,0.904392764857881,0.258,0,0.0180000000000007,60.241935483871
"rings","extreme","region",1,"geometric",2,1,0.25,NA,430,"FiberMargin",6000,5,0.75,0.736333333333333,-0.0136666666666667,-0.0546666666666669,0.538474393308873,0.745188816795229,0.373333333333333,0.373333333333333,0.640533333333333,0.7525,0.732291666666667,0.0173333333333333,0.024,0.194029850746269,0.0223333333333333,0,0.0189999999999984,50
"rings","extreme","region",2,"geometric",2,1,0.25,NA,431,"FiberMargin",6000,5,0.75,0.741333333333333,-0.00866666666666671,-0.0346666666666668,0.409769368749424,0.806263534311006,0.691976305869682,0.852941176470588,0.691976305869682,0.745833333333333,0.740208333333333,0.02,0.0182222222222222,0.267857142857143,0.0186666666666667,0,0.0180000000000007,54.6176470588235
"rings","extreme","region",3,"geometric",2,3,0.25,NA,432,"FiberMargin",6000,5,0.75,0.719833333333333,-0.0301666666666667,-0.120666666666667,0.512746896424044,0.770568472140393,0.655102040816327,0.923076923076923,0.661419423692636,0.726666666666667,0.718125,0.038,0.0528888888888889,0.192567567567568,0.0493333333333333,0,0.0199999999999996,57.6615384615385
"rings","hotspot","boundary",1,"geometric",2,1,0.25,NA,433,"FiberMargin",6000,5,0.75,0.905333333333333,0.155333333333333,0.621333333333333,0.809893105087928,0.901613734088455,0.843243243243243,0.958415841584158,0.944761069706269,0.581666666666667,0.98625,0.624,0.000888888888888889,0.787216148023549,0.198166666666667,0,0.0180000000000007,4.51683168316832
"rings","hotspot","boundary",2,"geometric",2,1,0.25,NA,434,"FiberMargin",6000,5,0.75,0.9265,0.1765,0.706,0.836372467110661,0.929411866660089,0.89010989010989,0.89010989010989,0.900756143667297,0.659166666666667,0.993333333333333,0.707333333333333,0.000444444444444444,0.823757763975155,0.214666666666667,0,0.0180000000000007,4.65054945054945
"rings","hotspot","boundary",3,"geometric",2,3,0.25,NA,435,"FiberMargin",6000,5,0.75,0.897666666666667,0.147666666666667,0.590666666666666,0.826044943528739,0.850901728995565,0.750788643533123,0.772413793103448,0.970749542961609,0.599166666666667,0.972291666666667,0.625333333333333,0.0115555555555556,0.744444444444444,0.21,0,0.0190000000000019,5.02988505747126
"rings","hotspot","patch",1,"geometric",2,1,0.25,NA,436,"FiberMargin",6000,5,0.75,0.764,0.014,0.056,0.56212706857529,0.75110652098567,0.700842696629214,0.717241379310345,0.763618677042802,0.726666666666667,0.773333333333333,0.131333333333333,0.0251111111111111,0.188336520076482,0.174333333333333,0,0.0180000000000007,4.7264367816092
"rings","hotspot","patch",2,"geometric",2,1,0.25,NA,437,"FiberMargin",6000,5,0.75,0.7835,0.0335,0.134,0.575186790037043,0.799796806869234,0.748178506375228,0.896135265700483,0.748178506375228,0.7325,0.79625,0.19,0.0186666666666667,0.267605633802817,0.1775,0,0.0180000000000007,5.30434782608696
"rings","hotspot","patch",3,"geometric",2,3,0.25,NA,438,"FiberMargin",6000,5,0.75,0.784666666666667,0.0346666666666666,0.138666666666666,0.575174034118237,0.804967278506251,0.675400291120815,0.955128205128205,0.740971912617031,0.725833333333333,0.799375,0.273333333333333,0.0448888888888889,0.33469387755102,0.204166666666667,0,0.0180000000000007,4.79273504273504
"rings","hotspot","random",1,"geometric",2,1,0.25,NA,439,"FiberMargin",6000,5,0.75,0.967,0.217,0.868,0.93312798318917,0.935583389026134,0.816414686825054,0.816414686825054,0.99320882852292,0.875,0.99,0.936,0.0226666666666667,0.902313624678663,0.259333333333333,0,0.0180000000000007,5.08855291576674
"rings","hotspot","random",2,"geometric",2,1,0.25,NA,440,"FiberMargin",6000,5,0.75,0.965166666666667,0.215166666666667,0.860666666666666,0.937070741383912,0.92739629954207,0.816666666666667,0.816666666666667,0.999173212071104,0.861666666666667,0.991041666666667,0.938,0.0257777777777778,0.896749521988528,0.2615,0,0.0179999999999971,5.75952380952381
"rings","hotspot","random",3,"geometric",2,3,0.25,NA,441,"FiberMargin",6000,5,0.75,0.934,0.184,0.736,0.880509981284698,0.885768825060077,0.670281995661605,0.670281995661605,0.991792656587473,0.8175,0.963125,0.882666666666667,0.0488888888888889,0.811274509803922,0.272,0,0.0180000000000007,5.02169197396963
"rings","hotspot","region",1,"geometric",2,1,0.25,NA,442,"FiberMargin",6000,5,0.75,0.7385,-0.0115,-0.0459999999999998,0.431189453811238,0.764266491931486,0.585230769230769,0.910869565217391,0.781483106625713,0.664166666666667,0.757083333333333,0.0273333333333333,0.0244444444444444,0.261146496815287,0.0261666666666667,0,0.0179999999999971,4.95434782608696
"rings","hotspot","region",2,"geometric",2,1,0.25,NA,443,"FiberMargin",6000,5,0.75,0.739166666666667,-0.0108333333333334,-0.0433333333333334,0.541050945379296,0.799017226865798,0.566286215978929,0.883177570093458,0.566286215978929,0.749166666666667,0.736666666666667,0.0306666666666667,0.0246666666666667,0.292993630573248,0.0261666666666667,0,0.0190000000000019,5.32242990654206
"rings","hotspot","region",3,"geometric",2,3,0.25,NA,444,"FiberMargin",6000,5,0.75,0.715166666666667,-0.0348333333333334,-0.139333333333334,0.413180038222333,0.711263275033332,0.560283687943262,0.560283687943262,0.668348623853211,0.656666666666667,0.729791666666667,0.054,0.0644444444444444,0.2171581769437,0.0621666666666667,0,0.0169999999999995,5.15366430260047
"rings","moderate","boundary",1,"geometric",2,1,0.25,NA,445,"FiberMargin",6000,5,0.75,0.915666666666667,0.165666666666667,0.662666666666667,0.822220313037969,0.901786942788135,0.822966507177033,0.822966507177033,0.946265448683503,0.63,0.987083333333333,0.668666666666667,0.002,0.803685897435897,0.208,0,0.0210000000000008,2.96810207336523
"rings","moderate","boundary",2,"geometric",2,1,0.25,NA,446,"FiberMargin",6000,5,0.75,0.914333333333333,0.164333333333333,0.657333333333333,0.806869493722365,0.91680668133483,0.882080924855491,0.962204724409449,0.904761904761905,0.608333333333333,0.990833333333333,0.660666666666667,0.00111111111111111,0.801131770412288,0.206166666666667,0,0.0169999999999995,2.97637795275591
"rings","moderate","boundary",3,"geometric",2,3,0.25,NA,447,"FiberMargin",6000,5,0.75,0.900333333333333,0.150333333333333,0.601333333333333,0.804496955129557,0.876356912893014,0.76303317535545,0.76303317535545,0.948851774530271,0.6,0.975416666666667,0.64,0.0128888888888889,0.718025430067315,0.222833333333333,0,0.0180000000000007,3.02685624012638
"rings","moderate","patch",1,"geometric",2,1,0.25,NA,448,"FiberMargin",6000,5,0.75,0.772166666666667,0.0221666666666667,0.0886666666666667,0.553664215281037,0.782718230871913,0.652702702702703,0.78783151326053,0.77602523659306,0.768333333333333,0.773125,0.152,0.0211111111111111,0.22007722007722,0.172666666666667,0,0.0169999999999995,2.96723868954758
"rings","moderate","patch",2,"geometric",2,1,0.25,NA,449,"FiberMargin",6000,5,0.75,0.786333333333333,0.0363333333333333,0.145333333333333,0.581181683650734,0.794451811482294,0.696296296296296,0.779935275080906,0.696296296296296,0.741666666666667,0.7975,0.214,0.0228888888888889,0.301691729323308,0.177333333333333,0,0.0189999999999984,3.05825242718447
"rings","moderate","patch",3,"geometric",2,3,0.25,NA,450,"FiberMargin",6000,5,0.75,0.782166666666667,0.0321666666666667,0.128666666666667,0.535625905591567,0.8038605139311,0.695039164490862,0.836041358936484,0.695039164490862,0.675,0.808958333333333,0.278,0.0497777777777778,0.329123914759274,0.211166666666667,0,0.0189999999999984,2.82865583456425
"rings","moderate","random",1,"geometric",2,1,0.25,NA,451,"FiberMargin",6000,5,0.75,0.9675,0.2175,0.87,0.9361781265179,0.955818946979555,0.893481717011129,0.893481717011129,0.994364754098361,0.8575,0.995,0.936,0.022,0.906976744186046,0.258,0,0.017000000000003,3.1033386327504
"rings","moderate","random",2,"geometric",2,1,0.25,NA,452,"FiberMargin",6000,5,0.75,0.9635,0.2135,0.854,0.925845501444371,0.953488580746566,0.921052631578947,0.926470588235294,0.990913949759487,0.835,0.995625,0.924666666666667,0.0235555555555556,0.890243902439024,0.259666666666667,0,0.0190000000000019,2.75147058823529
"rings","moderate","random",3,"geometric",2,3,0.25,NA,453,"FiberMargin",6000,5,0.75,0.930333333333333,0.180333333333333,0.721333333333333,0.84898715493745,0.90941860424079,0.821640903686088,0.84399375975039,0.96903363587827,0.769166666666667,0.970625,0.887333333333333,0.0553333333333333,0.801324503311258,0.276833333333333,0,0.0169999999999995,2.9219968798752
"rings","moderate","region",1,"geometric",2,1,0.25,NA,454,"FiberMargin",6000,5,0.75,0.740166666666667,-0.00983333333333336,-0.0393333333333334,0.49771663862268,0.7367886522865,0.670309653916211,0.79320987654321,0.79628674574523,0.71,0.747708333333333,0.048,0.0291111111111111,0.352941176470588,0.034,0,0.0180000000000007,2.99228395061728
"rings","moderate","region",2,"geometric",2,1,0.25,NA,455,"FiberMargin",6000,5,0.75,0.7465,-0.00349999999999995,-0.0139999999999998,0.46250593111273,0.759873467978647,0.6101243339254,0.920062695924765,0.729744136460554,0.7075,0.75625,0.0446666666666667,0.0195555555555556,0.424050632911392,0.0263333333333333,0,0.0180000000000007,2.94043887147335
"rings","moderate","region",3,"geometric",2,3,0.25,NA,456,"FiberMargin",6000,5,0.75,0.716166666666667,-0.0338333333333334,-0.135333333333334,0.399982813260674,0.720015463418055,0.636979166666667,0.685714285714286,0.636979166666667,0.628333333333333,0.738125,0.03,0.0551111111111111,0.149006622516556,0.0503333333333333,0,0.0190000000000019,3.22689075630252
"rings","strong","boundary",1,"geometric",2,1,0.25,NA,457,"FiberMargin",6000,5,0.75,0.896666666666667,0.146666666666667,0.586666666666666,0.804546375402447,0.877073809205243,0.770491803278688,0.770491803278688,0.916285613788252,0.540833333333333,0.985625,0.594,0.00244444444444444,0.765463917525773,0.194,0,0.0169999999999995,11.6516393442623
"rings","strong","boundary",2,"geometric",2,1,0.25,NA,458,"FiberMargin",6000,5,0.75,0.922833333333333,0.172833333333333,0.691333333333333,0.834679770624561,0.920692274644993,0.888636363636364,0.933884297520661,0.907589599437807,0.6475,0.991666666666667,0.692666666666667,0.000444444444444444,0.839935327405012,0.206166666666667,0,0.0189999999999984,11.7603305785124
"rings","strong","boundary",3,"geometric",2,3,0.25,NA,459,"FiberMargin",6000,5,0.75,0.909333333333333,0.159333333333333,0.637333333333333,0.795708033386561,0.855832531596546,0.587443946188341,0.587443946188341,0.925388967468175,0.6325,0.978541666666667,0.666666666666667,0.00977777777777778,0.777604976671851,0.214333333333333,0,0.0189999999999984,12.6816143497758
"rings","strong","patch",1,"geometric",2,1,0.25,NA,460,"FiberMargin",6000,5,0.75,0.779666666666667,0.0296666666666666,0.118666666666666,0.523687201164148,0.841086246142863,0.695885509838998,0.814516129032258,0.695885509838998,0.775,0.780833333333333,0.172666666666667,0.018,0.249758919961427,0.172833333333333,0,0.0180000000000007,11.2701612903226
"rings","strong","patch",2,"geometric",2,1,0.25,NA,461,"FiberMargin",6000,5,0.75,0.782333333333333,0.0323333333333333,0.129333333333333,0.590049517659329,0.784709861835701,0.679678530424799,0.860262008733624,0.731374606505771,0.718333333333333,0.798333333333333,0.190666666666667,0.0204444444444444,0.269811320754717,0.176666666666667,0,0.0180000000000007,12.4847161572052
"rings","strong","patch",3,"geometric",2,3,0.25,NA,462,"FiberMargin",6000,5,0.75,0.780333333333333,0.0303333333333333,0.121333333333333,0.581009713776873,0.768508040536363,0.575757575757576,0.762295081967213,0.735809390329362,0.7125,0.797291666666667,0.248,0.0422222222222222,0.319039451114923,0.194333333333333,0,0.0199999999999996,11.6967213114754
"rings","strong","random",1,"geometric",2,1,0.25,NA,463,"FiberMargin",6000,5,0.75,0.9735,0.2235,0.894,0.951814824933788,0.939760212036916,0.864,0.864,0.987584249733948,0.89,0.994375,0.944666666666667,0.0168888888888889,0.926143790849673,0.255,0,0.0169999999999995,11.276
"rings","strong","random",2,"geometric",2,1,0.25,NA,464,"FiberMargin",6000,5,0.75,0.961,0.211,0.844,0.905260387771508,0.935736311551576,0.892430278884462,0.892430278884462,0.987878787878788,0.848333333333333,0.989166666666667,0.927333333333333,0.0277777777777778,0.884297520661157,0.262166666666667,0,0.0189999999999984,11.1752988047809
"rings","strong","random",3,"geometric",2,3,0.25,NA,465,"FiberMargin",6000,5,0.75,0.952333333333333,0.202333333333333,0.809333333333333,0.92245127322972,0.873057233076596,0.627049180327869,0.627049180327869,0.995113438045375,0.85,0.977916666666667,0.907333333333333,0.0326666666666667,0.861392405063291,0.263333333333333,0,0.0180000000000007,11.7418032786885
"rings","strong","region",1,"geometric",2,1,0.25,NA,466,"FiberMargin",6000,5,0.75,0.745833333333333,-0.00416666666666665,-0.0166666666666666,0.47536634084665,0.812506215725026,0.692259282567653,0.835249042145594,0.694688709110095,0.735,0.748541666666667,0.0466666666666667,0.0211111111111111,0.421686746987952,0.0276666666666667,0,0.0180000000000007,10.8927203065134
"rings","strong","region",2,"geometric",2,1,0.25,NA,467,"FiberMargin",6000,5,0.75,0.7415,-0.00849999999999995,-0.0339999999999998,0.559257742046405,0.777560347242552,0.654621264767199,0.771929824561403,0.654621264767199,0.7725,0.73375,0.036,0.0233333333333333,0.3375,0.0266666666666667,0,0.0179999999999971,12.6228070175439
"rings","strong","region",3,"geometric",2,3,0.25,NA,468,"FiberMargin",6000,5,0.75,0.731833333333333,-0.0181666666666667,-0.0726666666666667,0.449762016907099,0.74289871166726,0.669683257918552,0.8,0.722980062959077,0.6675,0.747916666666667,0.074,0.0488888888888889,0.305785123966942,0.0605,0,0.0180000000000007,11.669387755102
"rings","uniform","boundary",1,"geometric",2,1,0.25,NA,469,"FiberMargin",6000,5,0.75,0.911833333333333,0.161833333333333,0.647333333333334,0.795709954591451,0.911833333333333,0.878333333333333,0.950833333333333,0.950833333333333,0.598333333333333,0.990208333333333,0.651333333333333,0.00133333333333333,0.786634460547504,0.207,0,0.0190000000000019,1
"rings","uniform","boundary",2,"geometric",2,1,0.25,NA,470,"FiberMargin",6000,5,0.75,0.9275,0.1775,0.71,0.82960314910812,0.9275,0.900833333333333,0.95,0.95,0.659166666666667,0.994583333333333,0.710666666666667,0.000222222222222222,0.837391987431265,0.212166666666667,0,0.0190000000000019,1
"rings","uniform","boundary",3,"geometric",2,3,0.25,NA,471,"FiberMargin",6000,5,0.75,0.896333333333333,0.146333333333333,0.585333333333333,0.764632799169861,0.896333333333333,0.839166666666667,0.948333333333333,0.948333333333333,0.586666666666667,0.97375,0.619333333333333,0.0113333333333333,0.714066102997694,0.216833333333333,0,0.0169999999999995,1
"rings","uniform","patch",1,"geometric",2,1,0.25,NA,472,"FiberMargin",6000,5,0.75,0.7765,0.0265,0.106,0.553097757708137,0.7765,0.665833333333333,0.835,0.835,0.720833333333333,0.790416666666667,0.178666666666667,0.0242222222222222,0.247918593894542,0.180166666666667,0,0.0180000000000007,1
"rings","uniform","patch",2,"geometric",2,1,0.25,NA,473,"FiberMargin",6000,5,0.75,0.778666666666667,0.0286666666666666,0.114666666666666,0.551534181373744,0.778666666666667,0.665,0.75,0.75,0.736666666666667,0.789166666666667,0.193333333333333,0.0262222222222222,0.276190476190476,0.175,0,0.0189999999999984,1
"rings","uniform","patch",3,"geometric",2,3,0.25,NA,474,"FiberMargin",6000,5,0.75,0.7665,0.0165,0.0659999999999998,0.56369015651254,0.7665,0.445833333333333,0.445833333333333,0.445833333333333,0.715833333333333,0.779166666666667,0.224,0.0526666666666667,0.27074939564867,0.206833333333333,0,0.0179999999999971,1
"rings","uniform","random",1,"geometric",2,1,0.25,NA,475,"FiberMargin",6000,5,0.75,0.961666666666667,0.211666666666667,0.846666666666667,0.907329927410301,0.961666666666667,0.946666666666667,0.974166666666667,0.974166666666667,0.836666666666667,0.992916666666667,0.924666666666667,0.026,0.88343949044586,0.261666666666667,0,0.0180000000000007,1
"rings","uniform","random",2,"geometric",2,1,0.25,NA,476,"FiberMargin",6000,5,0.75,0.9665,0.2165,0.866,0.918521185393433,0.9665,0.954166666666667,0.974166666666667,0.974166666666667,0.8525,0.995,0.935333333333333,0.0231111111111111,0.901670951156812,0.259333333333333,0,0.0180000000000007,1
"rings","uniform","random",3,"geometric",2,3,0.25,NA,477,"FiberMargin",6000,5,0.75,0.924166666666667,0.174166666666667,0.696666666666667,0.82316206486888,0.924166666666667,0.871666666666667,0.943333333333333,0.943333333333333,0.751666666666667,0.967291666666667,0.866,0.0564444444444444,0.782530120481928,0.276666666666667,0,0.0199999999999996,1
"rings","uniform","region",1,"geometric",2,1,0.25,NA,478,"FiberMargin",6000,5,0.75,0.742333333333333,-0.00766666666666671,-0.0306666666666668,0.477253573648051,0.742333333333333,0.638333333333333,0.824166666666667,0.824166666666667,0.658333333333333,0.763333333333333,0.0566666666666667,0.0291111111111111,0.379464285714286,0.0373333333333333,0,0.0190000000000019,1
"rings","uniform","region",2,"geometric",2,1,0.25,NA,479,"FiberMargin",6000,5,0.75,0.737166666666667,-0.0128333333333334,-0.0513333333333335,0.429446158623049,0.737166666666667,0.665833333333333,0.665833333333333,0.665833333333333,0.6775,0.752083333333333,0.0333333333333333,0.0282222222222222,0.273224043715847,0.0305,0,0.0169999999999995,1
"rings","uniform","region",3,"geometric",2,3,0.25,NA,480,"FiberMargin",6000,5,0.75,0.715,-0.035,-0.14,0.404195476476779,0.715,0.616666666666667,0.789166666666667,0.789166666666667,0.595833333333333,0.744791666666667,0.046,0.062,0.197707736389685,0.0581666666666667,0,0.0180000000000007,1
"spiral","extreme","boundary",1,"geometric",2,1,0.25,NA,481,"FiberMargin",6000,5,0.75,0.8305,0.0805,0.322,0.63709968540664,0.847163023473734,0.807971014492754,0.819444444444444,0.807971014492754,0.238333333333333,0.978541666666667,0.326666666666667,0.00155555555555556,0.516332982086407,0.158166666666667,0,0.017000000000003,49.8333333333333
"spiral","extreme","boundary",2,"geometric",2,1,0.25,NA,482,"FiberMargin",6000,5,0.75,0.823,0.073,0.292,0.644675890898376,0.816258287048893,0.685185185185185,0.685185185185185,0.811752470098804,0.198333333333333,0.979166666666667,0.292666666666667,0.000222222222222222,0.469017094017094,0.156,0,0.0180000000000007,71.2222222222222
"spiral","extreme","boundary",3,"geometric",2,3,0.25,NA,483,"FiberMargin",6000,5,0.75,0.896166666666667,0.146166666666667,0.584666666666667,0.787233387256243,0.865512761287983,0.78125,0.78125,0.902881536819637,0.530833333333333,0.9875,0.592,0.00244444444444444,0.783068783068783,0.189,0,0.0179999999999971,58.5625
"spiral","extreme","patch",1,"geometric",2,1,0.25,NA,484,"FiberMargin",6000,5,0.75,0.769666666666667,0.0196666666666667,0.0786666666666669,0.522753966984483,0.833661389092881,0.714723926380368,0.885714285714286,0.714723926380368,0.7725,0.768958333333333,0.094,0.00511111111111111,0.162817551963049,0.144333333333333,0,0.0180000000000007,55.8857142857143
"spiral","extreme","patch",2,"geometric",2,1,0.25,NA,485,"FiberMargin",6000,5,0.75,0.781833333333333,0.0318333333333334,0.127333333333334,0.576859561549963,0.881514436274201,0.685644238627077,0.873417721518987,0.685644238627077,0.7725,0.784166666666667,0.150666666666667,0.00777777777777778,0.231083844580777,0.163,0,0.0180000000000007,46.4683544303797
"spiral","extreme","patch",3,"geometric",2,3,0.25,NA,486,"FiberMargin",6000,5,0.75,0.800166666666667,0.0501666666666667,0.200666666666667,0.592374032886252,0.841813518668746,0.778356164383562,0.8125,0.778356164383562,0.786666666666667,0.803541666666667,0.242,0.0137777777777778,0.347368421052632,0.174166666666667,0,0.0199999999999996,57.03125
"spiral","extreme","random",1,"geometric",2,1,0.25,NA,487,"FiberMargin",6000,5,0.75,0.982833333333333,0.232833333333333,0.931333333333333,0.960251813398981,0.92387679771566,0.794520547945205,0.794520547945205,0.997353797300873,0.931666666666667,0.995625,0.951333333333333,0.00666666666666667,0.958361316319678,0.248166666666667,0,0.0169999999999995,51.7671232876712
"spiral","extreme","random",2,"geometric",2,1,0.25,NA,488,"FiberMargin",6000,5,0.75,0.987333333333333,0.237333333333333,0.949333333333333,0.974102967985805,0.892718173153183,0.619047619047619,0.619047619047619,0.997581945190758,0.96,0.994166666666667,0.967333333333333,0.006,0.969919786096257,0.249333333333333,0,0.0180000000000007,59.0793650793651
"spiral","extreme","random",3,"geometric",2,3,0.25,NA,489,"FiberMargin",6000,5,0.75,0.978833333333333,0.228833333333333,0.915333333333333,0.956862369135927,0.888922446110299,0.725806451612903,0.725806451612903,0.997336174746937,0.935833333333333,0.989583333333333,0.954,0.0128888888888889,0.944554455445545,0.2525,0,0.0180000000000007,60.5483870967742
"spiral","extreme","region",1,"geometric",2,1,0.25,NA,490,"FiberMargin",6000,5,0.75,0.741833333333333,-0.00816666666666666,-0.0326666666666666,0.463698554883367,0.808099790573053,0.716864363073749,0.783333333333333,0.716864363073749,0.738333333333333,0.742708333333333,0.0286666666666667,0.0204444444444444,0.316176470588235,0.0226666666666667,0,0.0180000000000007,64.6333333333333
"spiral","extreme","region",2,"geometric",2,1,0.25,NA,491,"FiberMargin",6000,5,0.75,0.7425,-0.00749999999999995,-0.0299999999999998,0.477594770653389,0.843024213265154,0.690875721027792,0.87037037037037,0.690875721027792,0.783333333333333,0.732291666666667,0.0186666666666667,0.0162222222222222,0.277227722772277,0.0168333333333333,0,0.0190000000000019,70.6296296296296
"spiral","extreme","region",3,"geometric",2,3,0.25,NA,492,"FiberMargin",6000,5,0.75,0.745333333333333,-0.00466666666666671,-0.0186666666666668,0.508038951567093,0.7786666145163,0.652870493991989,0.661538461538462,0.652870493991989,0.715833333333333,0.752708333333333,0.052,0.0235555555555556,0.423913043478261,0.0306666666666667,0,0.0179999999999971,57.6153846153846
"spiral","hotspot","boundary",1,"geometric",2,1,0.25,NA,493,"FiberMargin",6000,5,0.75,0.879,0.129,0.516,0.737192765047725,0.890844062898016,0.839506172839506,0.91219512195122,0.839506172839506,0.423333333333333,0.992916666666667,0.519333333333333,0.00111111111111111,0.672131147540984,0.193166666666667,0,0.0169999999999995,5.13658536585366
"spiral","hotspot","boundary",2,"geometric",2,1,0.25,NA,494,"FiberMargin",6000,5,0.75,0.87,0.12,0.48,0.707097296635,0.876676400749453,0.851617440225035,0.885375494071146,0.864935064935065,0.3975,0.988125,0.482,0.000666666666666667,0.639257294429708,0.1885,0,0.0169999999999995,4.56521739130435
"spiral","hotspot","boundary",3,"geometric",2,3,0.25,NA,495,"FiberMargin",6000,5,0.75,0.919666666666667,0.169666666666667,0.678666666666667,0.816473245686872,0.916922506760381,0.894168466522678,0.894168466522678,0.909671532846715,0.6425,0.988958333333333,0.688666666666667,0.00333333333333333,0.814668769716088,0.211333333333333,0,0.0199999999999996,4.73434125269978
"spiral","hotspot","patch",1,"geometric",2,1,0.25,NA,496,"FiberMargin",6000,5,0.75,0.776833333333333,0.0268333333333334,0.107333333333334,0.547036866705349,0.807491675946067,0.715434083601286,0.901129943502825,0.730981725456864,0.705833333333333,0.794583333333333,0.143333333333333,0.012,0.21608040201005,0.165833333333333,0,0.017000000000003,6.64689265536723
"spiral","hotspot","patch",2,"geometric",2,1,0.25,NA,497,"FiberMargin",6000,5,0.75,0.790333333333333,0.0403333333333333,0.161333333333333,0.569356121814378,0.831873347880084,0.701440635866865,0.898785425101215,0.701440635866865,0.77,0.795416666666667,0.195333333333333,0.0113333333333333,0.283639883833495,0.172166666666667,0,0.017000000000003,4.0748987854251
"spiral","hotspot","patch",3,"geometric",2,3,0.25,NA,498,"FiberMargin",6000,5,0.75,0.806166666666667,0.0561666666666667,0.224666666666667,0.580742226729419,0.837736538483204,0.653600729261623,0.95264116575592,0.795297372060857,0.73,0.825208333333333,0.296666666666667,0.024,0.403079710144928,0.184,0,0.0180000000000007,3.95081967213115
"spiral","hotspot","random",1,"geometric",2,1,0.25,NA,499,"FiberMargin",6000,5,0.75,0.977833333333333,0.227833333333333,0.911333333333333,0.95247483931589,0.966575351717276,0.924731182795699,0.945891783567134,0.993223620522749,0.905833333333333,0.995833333333333,0.953333333333333,0.014,0.93403004572175,0.255166666666667,0,0.0199999999999996,4.14028056112224
"spiral","hotspot","random",2,"geometric",2,1,0.25,NA,500,"FiberMargin",6000,5,0.75,0.981666666666667,0.231666666666667,0.926666666666667,0.959519392463301,0.974468857044934,0.95047619047619,0.95047619047619,0.990495247623812,0.9225,0.996458333333333,0.964,0.0124444444444444,0.95069033530572,0.2535,0,0.0169999999999995,3.80761904761905
"spiral","hotspot","random",3,"geometric",2,3,0.25,NA,501,"FiberMargin",6000,5,0.75,0.967333333333333,0.217333333333333,0.869333333333334,0.930300112675338,0.955171450279918,0.9021113243762,0.9021113243762,0.985100042571307,0.885833333333333,0.987708333333333,0.925333333333333,0.0186666666666667,0.910761154855643,0.254,0,0.0180000000000007,4.50863723608445
"spiral","hotspot","region",1,"geometric",2,1,0.25,NA,502,"FiberMargin",6000,5,0.75,0.742333333333333,-0.00766666666666671,-0.0306666666666668,0.447209840172314,0.741393757296898,0.626826029216467,0.723809523809524,0.778065183652354,0.765833333333333,0.736458333333333,0.022,0.0175555555555556,0.294642857142857,0.0186666666666667,0,0.0190000000000019,3.68190476190476
"spiral","hotspot","region",2,"geometric",2,1,0.25,NA,503,"FiberMargin",6000,5,0.75,0.747333333333333,-0.00266666666666671,-0.0106666666666668,0.419314346933939,0.7489634990818,0.603130755064457,0.796680497925311,0.801835627868169,0.718333333333333,0.754583333333333,0.028,0.0128888888888889,0.4,0.0175,0,0.0190000000000019,4.97302904564315
"spiral","hotspot","region",3,"geometric",2,3,0.25,NA,504,"FiberMargin",6000,5,0.75,0.748333333333333,-0.0016666666666667,-0.00666666666666682,0.478662688251103,0.792104827672073,0.610332103321033,0.925851703406814,0.720465890183028,0.673333333333333,0.767083333333333,0.0786666666666667,0.0284444444444444,0.477732793522267,0.0411666666666667,0,0.0169999999999995,4.81763527054108
"spiral","moderate","boundary",1,"geometric",2,1,0.25,NA,505,"FiberMargin",6000,5,0.75,0.902,0.152,0.608,0.775724588516682,0.913501744870646,0.859698155394075,0.961194029850746,0.859698155394075,0.548333333333333,0.990416666666667,0.612,0.00133333333333333,0.732641660015962,0.208833333333333,0,0.0160000000000018,2.67014925373134
"spiral","moderate","boundary",2,"geometric",2,1,0.25,NA,506,"FiberMargin",6000,5,0.75,0.894333333333333,0.144333333333333,0.577333333333333,0.762098317123835,0.899343633700352,0.871480144404332,0.936532507739938,0.896016554578376,0.503333333333333,0.992083333333333,0.580666666666667,0.00111111111111111,0.737510584250635,0.196833333333333,0,0.0190000000000019,2.9922600619195
"spiral","moderate","boundary",3,"geometric",2,3,0.25,NA,507,"FiberMargin",6000,5,0.75,0.916166666666667,0.166166666666667,0.664666666666667,0.80914367226851,0.914662731644094,0.876460767946578,0.876460767946578,0.892349726775956,0.62,0.990208333333333,0.670666666666667,0.002,0.8048,0.208333333333333,0,0.0169999999999995,3.0550918196995
"spiral","moderate","patch",1,"geometric",2,1,0.25,NA,508,"FiberMargin",6000,5,0.75,0.775,0.025,0.1,0.582293684127369,0.775556771794149,0.658503401360544,0.665568369028007,0.775038520801233,0.7375,0.784375,0.162666666666667,0.0208888888888889,0.231279620853081,0.175833333333333,0,0.0180000000000007,3.20757825370675
"spiral","moderate","patch",2,"geometric",2,1,0.25,NA,509,"FiberMargin",6000,5,0.75,0.7925,0.0425,0.17,0.558307015370236,0.813822940099078,0.75047258979206,0.894321766561514,0.763957987838585,0.7525,0.8025,0.214666666666667,0.0148888888888889,0.318811881188119,0.168333333333333,0,0.0190000000000019,2.85331230283912
"spiral","moderate","patch",3,"geometric",2,3,0.25,NA,510,"FiberMargin",6000,5,0.75,0.795,0.045,0.18,0.56987738777779,0.800675048132576,0.715203426124197,0.770893371757925,0.828107502799552,0.716666666666667,0.814583333333333,0.281333333333333,0.0337777777777778,0.363166953528399,0.193666666666667,0,0.0190000000000019,2.57348703170029
"spiral","moderate","random",1,"geometric",2,1,0.25,NA,511,"FiberMargin",6000,5,0.75,0.9775,0.2275,0.91,0.951164182901072,0.970293124069213,0.933224755700326,0.933224755700326,0.996402877697842,0.9025,0.99625,0.954666666666667,0.0148888888888889,0.936559843034663,0.254833333333333,0,0.0189999999999984,3.16938110749186
"spiral","moderate","random",2,"geometric",2,1,0.25,NA,512,"FiberMargin",6000,5,0.75,0.979666666666667,0.229666666666667,0.918666666666667,0.950716400688913,0.97569014227184,0.958530805687204,0.959420289855072,0.984873949579832,0.904166666666667,0.998541666666667,0.968,0.0164444444444444,0.936170212765957,0.2585,0,0.0169999999999995,2.58695652173913
"spiral","moderate","random",3,"geometric",2,3,0.25,NA,513,"FiberMargin",6000,5,0.75,0.953833333333333,0.203833333333333,0.815333333333333,0.892525076764114,0.948181093033553,0.924822695035461,0.924822695035461,0.969382176052488,0.83,0.984791666666667,0.912666666666667,0.0324444444444444,0.86154814348647,0.264833333333333,0,0.0180000000000007,2.59432624113475
"spiral","moderate","region",1,"geometric",2,1,0.25,NA,514,"FiberMargin",6000,5,0.75,0.741666666666667,-0.0083333333333333,-0.0333333333333332,0.469105111606765,0.772972386044036,0.630311614730878,0.959940652818991,0.738942826321467,0.759166666666667,0.737291666666667,0.0253333333333333,0.0195555555555556,0.301587301587302,0.021,0,0.0159999999999982,2.75074183976261
"spiral","moderate","region",2,"geometric",2,1,0.25,NA,515,"FiberMargin",6000,5,0.75,0.744333333333333,-0.00566666666666671,-0.0226666666666668,0.486295614172909,0.787993712721142,0.548682703321879,0.926621160409556,0.548682703321879,0.735833333333333,0.746458333333333,0.0326666666666667,0.0184444444444444,0.362962962962963,0.0225,0,0.0180000000000007,2.97952218430034
"spiral","moderate","region",3,"geometric",2,3,0.25,NA,516,"FiberMargin",6000,5,0.75,0.737166666666667,-0.0128333333333334,-0.0513333333333335,0.424985795324062,0.730105370971539,0.615384615384615,0.782300884955752,0.792372881355932,0.669166666666667,0.754166666666667,0.0633333333333333,0.0382222222222222,0.345454545454545,0.0458333333333333,0,0.0169999999999995,3.34159292035398
"spiral","strong","boundary",1,"geometric",2,1,0.25,NA,517,"FiberMargin",6000,5,0.75,0.8705,0.1205,0.482,0.722813236297865,0.87164412813424,0.83271375464684,0.83271375464684,0.85926425919676,0.391666666666667,0.990208333333333,0.482666666666667,0.000222222222222222,0.666666666666667,0.181,0,0.0179999999999971,11.0148698884758
"spiral","strong","boundary",2,"geometric",2,1,0.25,NA,518,"FiberMargin",6000,5,0.75,0.859833333333333,0.109833333333333,0.439333333333333,0.684168420900932,0.872043628739142,0.822295805739514,0.859649122807018,0.822295805739514,0.359166666666667,0.985,0.442666666666667,0.00111111111111111,0.61595547309833,0.179666666666667,0,0.0189999999999984,11.9210526315789
"spiral","strong","boundary",3,"geometric",2,3,0.25,NA,519,"FiberMargin",6000,5,0.75,0.9185,0.1685,0.674,0.839898329360303,0.890337692039137,0.803738317757009,0.803738317757009,0.924242424242424,0.620833333333333,0.992916666666667,0.681333333333333,0.00244444444444444,0.814342629482072,0.209166666666667,0,0.017000000000003,13.2616822429907
"spiral","strong","patch",1,"geometric",2,1,0.25,NA,520,"FiberMargin",6000,5,0.75,0.7775,0.0275,0.11,0.505112265194209,0.851782843603273,0.66893039049236,0.875502008032129,0.66893039049236,0.719166666666667,0.792083333333333,0.161333333333333,0.0171111111111111,0.239130434782609,0.168666666666667,0,0.0180000000000007,11.8273092369478
"spiral","strong","patch",2,"geometric",2,1,0.25,NA,521,"FiberMargin",6000,5,0.75,0.783833333333333,0.0338333333333334,0.135333333333334,0.581280653664454,0.840430985555196,0.739101717305152,0.940366972477064,0.766489007328448,0.7475,0.792916666666667,0.166,0.0102222222222222,0.25,0.166,0,0.017000000000003,13.7706422018349
"spiral","strong","patch",3,"geometric",2,3,0.25,NA,522,"FiberMargin",6000,5,0.75,0.815,0.065,0.26,0.629475317780714,0.817075363543226,0.783980582524272,0.795238095238095,0.79538188277087,0.789166666666667,0.821458333333333,0.340666666666667,0.0268888888888889,0.441659464131374,0.192833333333333,0,0.0200000000000031,13.4047619047619
"spiral","strong","random",1,"geometric",2,1,0.25,NA,523,"FiberMargin",6000,5,0.75,0.977,0.227,0.908,0.951944165834219,0.946953242771078,0.890466531440162,0.903083700440529,0.996809641970932,0.905833333333333,0.994791666666667,0.953333333333333,0.0151111111111111,0.932203389830508,0.255666666666667,0,0.0159999999999982,12.4273127753304
"spiral","strong","random",2,"geometric",2,1,0.25,NA,524,"FiberMargin",6000,5,0.75,0.982833333333333,0.232833333333333,0.931333333333333,0.967258224157593,0.962027300894037,0.926829268292683,0.926829268292683,0.994383994383994,0.923333333333333,0.997708333333333,0.963333333333333,0.0106666666666667,0.948785292186474,0.253833333333333,0,0.0169999999999959,11.5813008130081
"spiral","strong","random",3,"geometric",2,3,0.25,NA,525,"FiberMargin",6000,5,0.75,0.964666666666667,0.214666666666667,0.858666666666667,0.92809008378767,0.931989935868163,0.844,0.844,0.99304347826087,0.870833333333333,0.988125,0.926,0.0224444444444444,0.893822393822394,0.259,0,0.0180000000000007,11.5
"spiral","strong","region",1,"geometric",2,1,0.25,NA,526,"FiberMargin",6000,5,0.75,0.746666666666667,-0.0033333333333333,-0.0133333333333332,0.550697651213424,0.863435783950868,0.569840166782488,0.948717948717949,0.569840166782488,0.735833333333333,0.749375,0.04,0.0177777777777778,0.425531914893617,0.0235,0,0.0180000000000007,12.2991452991453
"spiral","strong","region",2,"geometric",2,1,0.25,NA,527,"FiberMargin",6000,5,0.75,0.742,-0.00800000000000001,-0.032,0.53409017285581,0.804637871007904,0.60872027180068,0.859090909090909,0.736187339919502,0.748333333333333,0.740416666666667,0.0246666666666667,0.0188888888888889,0.30327868852459,0.0203333333333333,0,0.017000000000003,12.4227272727273
"spiral","strong","region",3,"geometric",2,3,0.25,NA,528,"FiberMargin",6000,5,0.75,0.745833333333333,-0.00416666666666665,-0.0166666666666666,0.488766183776259,0.825764845463629,0.684100418410042,0.916666666666667,0.684100418410042,0.764166666666667,0.74125,0.0586666666666667,0.0251111111111111,0.429268292682927,0.0341666666666667,0,0.017000000000003,12.5789473684211
"spiral","uniform","boundary",1,"geometric",2,1,0.25,NA,529,"FiberMargin",6000,5,0.75,0.914,0.164,0.656,0.800121073476765,0.913547471616905,0.895549500454133,0.895549500454133,0.902587519025875,0.589166666666667,0.995208333333333,0.659333333333333,0.00111111111111111,0.772053083528493,0.2135,0,0.0179999999999936,1.19346049046322
"spiral","uniform","boundary",2,"geometric",2,1,0.25,NA,530,"FiberMargin",6000,5,0.75,0.904333333333333,0.154333333333333,0.617333333333333,0.777548523043975,0.902897320452747,0.871818181818182,0.871818181818182,0.918981481481482,0.544166666666667,0.994375,0.620666666666667,0.00111111111111111,0.753236245954693,0.206,0,0.0189999999999984,1.17818181818182
"spiral","uniform","boundary",3,"geometric",2,3,0.25,NA,531,"FiberMargin",6000,5,0.75,0.912,0.162,0.648,0.795746895251185,0.911526009008703,0.875213675213675,0.912408759124088,0.921630094043887,0.605,0.98875,0.659333333333333,0.00377777777777778,0.779968454258675,0.211333333333333,0,0.0179999999999936,1.16423357664234
"spiral","uniform","patch",1,"geometric",2,1,0.25,NA,532,"FiberMargin",6000,5,0.75,0.782666666666667,0.0326666666666666,0.130666666666666,0.549449168879139,0.783634030942596,0.675105485232067,0.856232939035487,0.8012470771629,0.709166666666667,0.801041666666667,0.174666666666667,0.0146666666666667,0.252165543792108,0.173166666666667,0,0.017000000000003,1.16742493175614
"spiral","uniform","patch",2,"geometric",2,1,0.25,NA,533,"FiberMargin",6000,5,0.75,0.780666666666667,0.0306666666666666,0.122666666666666,0.550099492717044,0.781404612946046,0.722354813046937,0.762243989314337,0.772833723653396,0.77,0.783333333333333,0.166666666666667,0.0146666666666667,0.24975024975025,0.166833333333333,0,0.0180000000000007,1.1406945681211
"spiral","uniform","patch",3,"geometric",2,3,0.25,NA,534,"FiberMargin",6000,5,0.75,0.812333333333333,0.0623333333333334,0.249333333333333,0.611132900618092,0.810111506497093,0.702145922746781,0.703405017921147,0.82701062215478,0.733333333333333,0.832083333333333,0.351333333333333,0.034,0.429153094462541,0.204666666666667,0,0.0210000000000008,1.18100358422939
"spiral","uniform","random",1,"geometric",2,1,0.25,NA,535,"FiberMargin",6000,5,0.75,0.976833333333333,0.226833333333333,0.907333333333333,0.943435757391314,0.976405946996672,0.958005249343832,0.972566371681416,0.988416988416988,0.8975,0.996666666666667,0.953333333333333,0.0153333333333333,0.935251798561151,0.254833333333333,0,0.0190000000000055,1.14601769911504
"spiral","uniform","random",2,"geometric",2,1,0.25,NA,536,"FiberMargin",6000,5,0.75,0.976,0.226,0.904,0.941458183927922,0.975483899160697,0.955895589558956,0.955895589558956,0.986780715396579,0.886666666666667,0.998333333333333,0.961333333333333,0.0191111111111111,0.926735218508997,0.259333333333333,0,0.0169999999999959,1.15751575157516
"spiral","uniform","random",3,"geometric",2,3,0.25,NA,537,"FiberMargin",6000,5,0.75,0.953,0.203,0.812,0.887144365079666,0.951763346339689,0.928764652840397,0.928764652840397,0.977186311787072,0.81,0.98875,0.918666666666667,0.0355555555555556,0.855369335816263,0.2685,0,0.0190000000000055,1.18575293056808
"spiral","uniform","region",1,"geometric",2,1,0.25,NA,538,"FiberMargin",6000,5,0.75,0.7395,-0.0105,-0.0419999999999998,0.468785676983696,0.739890807045405,0.582677165354331,0.885379061371841,0.763482280431433,0.698333333333333,0.749791666666667,0.032,0.0246666666666667,0.3,0.0266666666666667,0,0.017000000000003,1.17148014440433
"spiral","uniform","region",2,"geometric",2,1,0.25,NA,539,"FiberMargin",6000,5,0.75,0.744333333333333,-0.00566666666666671,-0.0226666666666668,0.520507609026876,0.748016047484916,0.546910755148741,0.8915770609319,0.546910755148741,0.679166666666667,0.760625,0.0333333333333333,0.0186666666666667,0.367647058823529,0.0226666666666667,0,0.0200000000000031,1.1747311827957
"spiral","uniform","region",3,"geometric",2,3,0.25,NA,540,"FiberMargin",6000,5,0.75,0.725,-0.025,-0.1,0.383941517617208,0.722839890346737,0.610041841004184,0.729329852045257,0.906866614048935,0.671666666666667,0.738333333333333,0.0446666666666667,0.0482222222222222,0.235915492957746,0.0473333333333333,0,0.0180000000000007,1.10269799825936
"thin_layers","extreme","boundary",1,"geometric",2,1,0.25,NA,541,"FiberMargin",6000,5,0.75,0.936666666666667,0.186666666666667,0.746666666666667,0.778871549009555,0.585704288939994,0.15,0.15,0.963913392141139,0.936666666666667,NA,0.761333333333333,0.00488888888888889,0.888715953307393,0.214166666666667,0,0.0180000000000007,249.4
"thin_layers","extreme","boundary",2,"geometric",2,1,0.25,NA,542,"FiberMargin",6000,5,0.75,0.935166666666667,0.185166666666667,0.740666666666667,0.429579665094863,0.510580478108596,0.3,0.31578947368421,0.954011065006916,0.935166666666667,NA,0.750666666666667,0.00333333333333333,0.924466338259442,0.203,0,0.0189999999999984,304.421052631579
"thin_layers","extreme","boundary",3,"geometric",2,3,0.25,NA,543,"FiberMargin",6000,5,0.75,0.956,0.206,0.824,0.202330729852314,0.273617027359746,0.0714285714285714,0.0714285714285714,0.991316429315735,0.956,NA,0.874666666666667,0.0168888888888889,0.883501683501683,0.2475,0,0.017000000000003,411.285714285714
"thin_layers","extreme","patch",1,"geometric",2,1,0.25,NA,544,"FiberMargin",6000,5,0.75,0.760333333333333,0.0103333333333333,0.0413333333333332,0.497691173844554,0.784723273296526,0.66844563042028,0.890547263681592,0.697892271662763,0.698333333333333,0.775833333333333,0.104666666666667,0.0211111111111111,0.155753968253968,0.168,0,0.0180000000000007,8.49751243781095
"thin_layers","extreme","patch",2,"geometric",2,1,0.25,NA,545,"FiberMargin",6000,5,0.75,0.7565,0.00649999999999995,0.0259999999999998,0.073977094860971,0.303491009777427,0.03125,0.0476190476190476,0.769017980636238,0.7565,NA,0.0933333333333333,0.0224444444444444,0.152505446623094,0.153,0,0.017000000000003,275.428571428571
"thin_layers","extreme","patch",3,"geometric",2,3,0.25,NA,546,"FiberMargin",6000,5,0.75,0.768666666666667,0.0186666666666667,0.0746666666666669,0.0330730451636732,0.267754888789372,0.0833333333333333,0.133333333333333,0.793103448275862,0.768666666666667,NA,0.170666666666667,0.032,0.267502612330199,0.1595,0,0.0190000000000055,384.733333333333
"thin_layers","extreme","random",1,"geometric",2,1,0.25,NA,547,"FiberMargin",6000,5,0.75,0.973333333333333,0.223333333333333,0.893333333333334,0.85988596959677,0.592100137680938,0.0909090909090909,0.0909090909090909,0.988392007611798,0.973333333333333,NA,0.943333333333333,0.0166666666666667,0.922425032594524,0.255666666666667,0,0.019999999999996,238.863636363636
"thin_layers","extreme","random",2,"geometric",2,1,0.25,NA,548,"FiberMargin",6000,5,0.75,0.958666666666667,0.208666666666667,0.834666666666667,0.877139094947713,0.686597649028119,0.0263157894736842,0.0263157894736842,0.958660387231816,0.869166666666667,0.981041666666667,0.932,0.0324444444444444,0.87211478477854,0.267166666666667,0,0.017000000000003,100.578947368421
"thin_layers","extreme","random",3,"geometric",2,3,0.25,NA,549,"FiberMargin",6000,5,0.75,0.9355,0.1855,0.742,0.839216416099543,0.935466641284273,0.826568265682657,0.85593220338983,0.826568265682657,0.925,0.938125,0.876666666666667,0.0448888888888889,0.807739557739558,0.271333333333333,0,0.0180000000000007,5.35875706214689
"thin_layers","extreme","region",1,"geometric",2,1,0.25,NA,550,"FiberMargin",6000,5,0.75,0.727666666666667,-0.0223333333333333,-0.0893333333333333,0.529753843066814,0.771728156718888,0.596235294117647,0.950331125827815,0.596235294117647,0.649166666666667,0.747291666666667,0.00733333333333333,0.0322222222222222,0.0666666666666667,0.0275,0,0.0179999999999936,7.0364238410596
"thin_layers","extreme","region",2,"geometric",2,1,0.25,NA,551,"FiberMargin",6000,5,0.75,0.744166666666667,-0.00583333333333336,-0.0233333333333334,0.385611630142108,0.683302936557488,0.481961147086031,0.576923076923077,0.849497242945183,0.646666666666667,0.768541666666667,0.0633333333333333,0.0288888888888889,0.416666666666667,0.038,0,0.0189999999999984,39.525641025641
"thin_layers","extreme","region",3,"geometric",2,3,0.25,NA,552,"FiberMargin",6000,5,0.75,0.734166666666667,-0.0158333333333334,-0.0633333333333335,0.0185944688799478,0.340652913712251,0.111111111111111,0.2,0.750258531540848,0.734166666666667,NA,0.00466666666666667,0.0226666666666667,0.0642201834862385,0.0181666666666667,0,0.0179999999999936,386.8
"thin_layers","hotspot","boundary",1,"geometric",2,1,0.25,NA,553,"FiberMargin",6000,5,0.75,0.903,0.153,0.612,0.76789325740183,0.841454836940325,0.773134328358209,0.850574712643678,0.951841359773371,0.576666666666667,0.984583333333333,0.624,0.004,0.774834437086093,0.201333333333333,0,0.0169999999999959,14.8773946360153
"thin_layers","hotspot","boundary",2,"geometric",2,1,0.25,NA,554,"FiberMargin",6000,5,0.75,0.925333333333333,0.175333333333333,0.701333333333333,0.619711206132567,0.598004836916353,0.4,0.4,0.956568751126329,0.925333333333333,NA,0.717333333333333,0.00533333333333333,0.896666666666667,0.2,0,0.0259999999999962,138.725
"thin_layers","hotspot","boundary",3,"geometric",2,3,0.25,NA,555,"FiberMargin",6000,5,0.75,0.9085,0.1585,0.634,0.538172704675757,0.511185952670526,0.26,0.26,0.979693486590038,0.9085,NA,0.712666666666667,0.0262222222222222,0.764663805436338,0.233,0,0.017000000000003,52.2
"thin_layers","hotspot","patch",1,"geometric",2,1,0.25,NA,556,"FiberMargin",6000,5,0.75,0.76,0.01,0.04,0.267334763641944,0.689313838638949,0.476190476190476,0.476190476190476,0.76675799086758,0.76,NA,0.0966666666666667,0.0188888888888889,0.169789227166276,0.142333333333333,0,0.017000000000003,130.357142857143
"thin_layers","hotspot","patch",2,"geometric",2,1,0.25,NA,557,"FiberMargin",6000,5,0.75,0.758833333333333,0.00883333333333336,0.0353333333333334,0.580967047113592,0.704011133662101,0.430412371134021,0.822485207100592,0.833941605839416,0.631666666666667,0.790625,0.123333333333333,0.0293333333333333,0.183349851337958,0.168166666666667,0,0.0289999999999964,11.3491124260355
"thin_layers","hotspot","patch",3,"geometric",2,3,0.25,NA,558,"FiberMargin",6000,5,0.75,0.774333333333333,0.0243333333333333,0.0973333333333333,0.327152860175028,0.545773357329585,0.388888888888889,0.408602150537634,0.806507508663843,0.774333333333333,NA,0.245333333333333,0.0493333333333333,0.32,0.191666666666667,0,0.0189999999999984,55.8494623655914
"thin_layers","hotspot","random",1,"geometric",2,1,0.25,NA,559,"FiberMargin",6000,5,0.75,0.964,0.214,0.856,0.868437828358997,0.827628085652148,0.508771929824561,0.508771929824561,0.980950387272347,0.964,NA,0.922666666666667,0.0222222222222222,0.890032154340836,0.259166666666667,0,0.017000000000003,41.9035087719298
"thin_layers","hotspot","random",2,"geometric",2,1,0.25,NA,560,"FiberMargin",6000,5,0.75,0.968,0.218,0.872,0.884391917327914,0.853403233483415,0.648648648648649,0.648648648648649,0.983364918930301,0.968,NA,0.93,0.0193333333333333,0.901745313510019,0.257833333333333,0,0.0189999999999984,64.1756756756757
"thin_layers","hotspot","random",3,"geometric",2,3,0.25,NA,561,"FiberMargin",6000,5,0.75,0.934,0.184,0.736,0.734366855518901,0.705060495702364,0.308219178082192,0.651376146788991,0.98331960461285,0.934,NA,0.888666666666667,0.0508888888888889,0.800120048019208,0.277666666666667,0,0.0179999999999936,44.5504587155963
"thin_layers","hotspot","region",1,"geometric",2,1,0.25,NA,562,"FiberMargin",6000,5,0.75,0.740333333333333,-0.00966666666666671,-0.0386666666666668,0.382936162074798,0.547269345360102,0.414507772020725,0.545454545454545,0.776407093292213,0.740333333333333,NA,0.0106666666666667,0.0164444444444444,0.175824175824176,0.0151666666666667,0,0.0180000000000007,58.9545454545455
"thin_layers","hotspot","region",2,"geometric",2,1,0.25,NA,563,"FiberMargin",6000,5,0.75,0.733166666666667,-0.0168333333333334,-0.0673333333333335,0.431278582642883,0.635479152111802,0.443478260869565,0.443478260869565,0.759975318798848,0.733166666666667,NA,0.00466666666666667,0.024,0.0608695652173913,0.0191666666666667,0,0.0159999999999982,42.2782608695652
"thin_layers","hotspot","region",3,"geometric",2,3,0.25,NA,564,"FiberMargin",6000,5,0.75,0.731833333333333,-0.0181666666666667,-0.0726666666666667,0.195467740878989,0.569775521207054,0.0147058823529412,0.0147058823529412,0.741638040137407,0.731833333333333,NA,0.0166666666666667,0.0297777777777778,0.15527950310559,0.0268333333333333,0,0.0189999999999984,81.3382352941177
"thin_layers","moderate","boundary",1,"geometric",2,1,0.25,NA,565,"FiberMargin",6000,5,0.75,0.8955,0.1455,0.582,0.719818563258924,0.770186502939092,0.686868686868687,0.72992700729927,0.957418198117436,0.5175,0.99,0.596666666666667,0.00488888888888889,0.783027121609799,0.1905,0,0.0180000000000007,16.2846715328467
"thin_layers","moderate","boundary",2,"geometric",2,1,0.25,NA,566,"FiberMargin",6000,5,0.75,0.908666666666667,0.158666666666667,0.634666666666666,0.637641736599282,0.584227197027802,0.276422764227642,0.276422764227642,0.958278765201123,0.908666666666667,NA,0.664,0.00977777777777778,0.850555081127242,0.195166666666667,0,0.0200000000000031,43.4552845528455
"thin_layers","moderate","boundary",3,"geometric",2,3,0.25,NA,567,"FiberMargin",6000,5,0.75,0.827833333333333,0.0778333333333333,0.311333333333333,0.507247189763163,0.596387202072503,0.440721649484536,0.505119453924915,0.975395858708892,0.3925,0.936666666666667,0.424666666666667,0.0377777777777778,0.476439790575916,0.222833333333333,0,0.0180000000000007,14.0102389078498
"thin_layers","moderate","patch",1,"geometric",2,1,0.25,NA,568,"FiberMargin",6000,5,0.75,0.7655,0.0155,0.0619999999999998,0.431303844334774,0.72793343852903,0.579349904397706,0.755555555555556,0.787252005065428,0.705,0.780625,0.111333333333333,0.0164444444444444,0.173596673596674,0.160333333333333,0,0.0219999999999985,21.0577777777778
"thin_layers","moderate","patch",2,"geometric",2,1,0.25,NA,569,"FiberMargin",6000,5,0.75,0.7715,0.0215,0.0859999999999999,0.532344933056882,0.74379504725952,0.64763779527559,0.741839762611276,0.788929001203369,0.688333333333333,0.792291666666667,0.142,0.0186666666666667,0.214285714285714,0.165666666666667,0,0.0189999999999984,12.3293768545994
"thin_layers","moderate","patch",3,"geometric",2,3,0.25,NA,570,"FiberMargin",6000,5,0.75,0.773166666666667,0.0231666666666667,0.0926666666666667,0.515292434496441,0.72843330899335,0.662983425414365,0.750972762645914,0.811554673939995,0.679166666666667,0.796666666666667,0.228,0.0451111111111111,0.306177260519248,0.186166666666667,0,0.0230000000000032,15.692607003891
"thin_layers","moderate","random",1,"geometric",2,1,0.25,NA,571,"FiberMargin",6000,5,0.75,0.963666666666667,0.213666666666667,0.854666666666667,0.884840873429118,0.934633178787188,0.830769230769231,0.830769230769231,0.97316036680832,0.849166666666667,0.992291666666667,0.908,0.0177777777777778,0.899009900990099,0.2525,0,0.0210000000000008,17.1961538461538
"thin_layers","moderate","random",2,"geometric",2,1,0.25,NA,572,"FiberMargin",6000,5,0.75,0.966833333333333,0.216833333333333,0.867333333333333,0.865761943196333,0.835355373314578,0.638036809815951,0.736842105263158,0.987736228387616,0.966833333333333,NA,0.924666666666667,0.0191111111111111,0.902994791666667,0.256,0,0.0180000000000007,52.3578947368421
"thin_layers","moderate","random",3,"geometric",2,3,0.25,NA,573,"FiberMargin",6000,5,0.75,0.927333333333333,0.177333333333333,0.709333333333333,0.788845641252013,0.867642785324732,0.72700296735905,0.72700296735905,0.954079140205178,0.798333333333333,0.959583333333333,0.863333333333333,0.0513333333333333,0.792048929663609,0.2725,0,0.0180000000000007,12.1483679525223
"thin_layers","moderate","region",1,"geometric",2,1,0.25,NA,574,"FiberMargin",6000,5,0.75,0.745,-0.005,-0.02,0.466086812006405,0.665236928225115,0.585365853658537,0.585365853658537,0.77015873015873,0.648333333333333,0.769166666666667,0.0233333333333333,0.0144444444444444,0.333333333333333,0.0175,0,0.0180000000000007,38.4146341463415
"thin_layers","moderate","region",2,"geometric",2,1,0.25,NA,575,"FiberMargin",6000,5,0.75,0.738666666666667,-0.0113333333333333,-0.0453333333333332,0.277584103482569,0.713519536036926,0.627272727272727,0.722772277227723,0.739491046182846,0.738666666666667,NA,0.00333333333333333,0.0162222222222222,0.0602409638554217,0.0138333333333333,0,0.0189999999999984,52.5247524752475
"thin_layers","moderate","region",3,"geometric",2,3,0.25,NA,576,"FiberMargin",6000,5,0.75,0.715333333333333,-0.0346666666666666,-0.138666666666666,0.457716876444416,0.613228180434546,0.255813953488372,0.255813953488372,0.751355013550135,0.605,0.742916666666667,0.032,0.0568888888888889,0.151898734177215,0.0526666666666667,0,0.0180000000000007,20.5953488372093
"thin_layers","strong","boundary",1,"geometric",2,1,0.25,NA,577,"FiberMargin",6000,5,0.75,0.900833333333333,0.150833333333333,0.603333333333333,0.716438427325346,0.703489517950741,0.314606741573034,0.314606741573034,0.955214192990048,0.533333333333333,0.992708333333333,0.618,0.00488888888888889,0.802597402597403,0.1925,0,0.0169999999999959,51.9325842696629
"thin_layers","strong","boundary",2,"geometric",2,1,0.25,NA,578,"FiberMargin",6000,5,0.75,0.9195,0.1695,0.678,0.795295894932009,0.745966403571496,0.475,0.475,0.962384513858337,0.615,0.995625,0.685333333333333,0.00244444444444444,0.830371567043619,0.206333333333333,0,0.017000000000003,56.825
"thin_layers","strong","boundary",3,"geometric",2,3,0.25,NA,579,"FiberMargin",6000,5,0.75,0.888,0.138,0.552,0.707095996306527,0.668039755940401,0.160583941605839,0.160583941605839,0.964887640449438,0.6025,0.959375,0.628666666666667,0.0255555555555556,0.679394812680115,0.231333333333333,0,0.0180000000000007,25.985401459854
"thin_layers","strong","patch",1,"geometric",2,1,0.25,NA,580,"FiberMargin",6000,5,0.75,0.771333333333333,0.0213333333333333,0.0853333333333333,0.52098512314076,0.737843374570006,0.565217391304348,0.72992700729927,0.836127636560303,0.661666666666667,0.79875,0.172666666666667,0.0291111111111111,0.247609942638623,0.174333333333333,0,0.0169999999999959,26.992700729927
"thin_layers","strong","patch",2,"geometric",2,1,0.25,NA,581,"FiberMargin",6000,5,0.75,0.775833333333333,0.0258333333333334,0.103333333333333,0.522701391688972,0.750563241922101,0.651438240270728,0.664473684210526,0.805912948261703,0.673333333333333,0.801458333333333,0.167333333333333,0.0213333333333333,0.24345295829292,0.171833333333333,0,0.017000000000003,24.0328947368421
"thin_layers","strong","patch",3,"geometric",2,3,0.25,NA,582,"FiberMargin",6000,5,0.75,0.772333333333333,0.0223333333333333,0.0893333333333333,0.442025827359197,0.495168751201932,0.021505376344086,0.021505376344086,0.825156688999352,0.772333333333333,NA,0.271333333333333,0.0606666666666667,0.335255354200988,0.202333333333333,0,0.0219999999999985,49.752688172043
"thin_layers","strong","random",1,"geometric",2,1,0.25,NA,583,"FiberMargin",6000,5,0.75,0.971333333333333,0.221333333333333,0.885333333333334,0.721513505142098,0.535853474377472,0.0975609756097561,0.166666666666667,0.996070726915521,0.971333333333333,NA,0.945333333333333,0.02,0.909557408595253,0.259833333333333,0,0.0200000000000031,155.527777777778
"thin_layers","strong","random",2,"geometric",2,1,0.25,NA,584,"FiberMargin",6000,5,0.75,0.959833333333333,0.209833333333333,0.839333333333333,0.861710954524295,0.819292640369633,0.452173913043478,0.452173913043478,0.977223893425011,0.858333333333333,0.985208333333333,0.917333333333333,0.026,0.882617062219371,0.259833333333333,0,0.0200000000000031,40.4695652173913
"thin_layers","strong","random",3,"geometric",2,3,0.25,NA,585,"FiberMargin",6000,5,0.75,0.9315,0.1815,0.726,0.816212703406688,0.937355906540633,0.868970755791872,0.880382775119617,0.868970755791872,0.868333333333333,0.947291666666667,0.864,0.046,0.796558082360172,0.271166666666667,0,0.0189999999999984,12.5980861244019
"thin_layers","strong","region",1,"geometric",2,1,0.25,NA,586,"FiberMargin",6000,5,0.75,0.7375,-0.0125,-0.0499999999999998,0.207255312064142,0.525914448907775,0.272727272727273,0.272727272727273,0.749153146728472,0.7375,NA,0.004,0.018,0.0689655172413793,0.0145,0,0.017000000000003,127.477272727273
"thin_layers","strong","region",2,"geometric",2,1,0.25,NA,587,"FiberMargin",6000,5,0.75,0.738666666666667,-0.0113333333333333,-0.0453333333333332,0.382595066641864,0.708917596102622,0.576687116564417,0.576687116564417,0.733350744319666,0.691666666666667,0.750416666666667,0.0466666666666667,0.0306666666666667,0.330188679245283,0.0353333333333333,0,0.0180000000000007,23.4907975460123
"thin_layers","strong","region",3,"geometric",2,3,0.25,NA,588,"FiberMargin",6000,5,0.75,0.725666666666667,-0.0243333333333333,-0.0973333333333333,0.299610087333291,0.415070822758609,0.025,0.025,0.748964701242358,0.725666666666667,NA,0.0273333333333333,0.0415555555555556,0.172995780590717,0.0395,0,0.0189999999999984,126.775
"thin_layers","uniform","boundary",1,"geometric",2,1,0.25,NA,589,"FiberMargin",6000,5,0.75,0.896833333333333,0.146833333333333,0.587333333333333,0.690656506830883,0.725418490147328,0.56401384083045,0.645161290322581,0.948389760528489,0.896833333333333,NA,0.602666666666667,0.00511111111111111,0.784722222222222,0.192,0,0.0210000000000008,26.0430107526882
"thin_layers","uniform","boundary",2,"geometric",2,1,0.25,NA,590,"FiberMargin",6000,5,0.75,0.899166666666667,0.149166666666667,0.596666666666667,0.707971941686707,0.753893732360846,0.599337748344371,0.74869109947644,0.949088623507228,0.899166666666667,NA,0.612,0.00511111111111111,0.796183868169991,0.192166666666667,0,0.0180000000000007,24.9895287958115
"thin_layers","uniform","boundary",3,"geometric",2,3,0.25,NA,591,"FiberMargin",6000,5,0.75,0.857833333333333,0.107833333333333,0.431333333333333,0.404111851829855,0.450855576773514,0.269230769230769,0.287234042553192,0.981896729068093,0.857833333333333,NA,0.584,0.0508888888888889,0.58989898989899,0.2475,0,0.017000000000003,25.8563829787234
"thin_layers","uniform","patch",1,"geometric",2,1,0.25,NA,592,"FiberMargin",6000,5,0.75,0.764833333333333,0.0148333333333334,0.0593333333333335,0.416148611723509,0.730396139438864,0.539007092198582,0.937853107344633,0.780061037639878,0.764833333333333,NA,0.107333333333333,0.016,0.17908787541713,0.149833333333333,0,0.017000000000003,27.7683615819209
"thin_layers","uniform","patch",2,"geometric",2,1,0.25,NA,593,"FiberMargin",6000,5,0.75,0.772833333333333,0.0228333333333334,0.0913333333333335,0.458334269899685,0.751909141814168,0.554502369668246,0.554502369668246,0.775858523545137,0.772833333333333,NA,0.126666666666667,0.0117777777777778,0.209713024282561,0.151,0,0.0180000000000007,23.0473933649289
"thin_layers","uniform","patch",3,"geometric",2,3,0.25,NA,594,"FiberMargin",6000,5,0.75,0.762666666666667,0.0126666666666667,0.0506666666666669,0.346650489538746,0.556404418430885,0.210191082802548,0.210191082802548,0.813925081433225,0.762666666666667,NA,0.230666666666667,0.06,0.293469041560645,0.1965,0,0.0180000000000007,31.2866242038217
"thin_layers","uniform","random",1,"geometric",2,1,0.25,NA,595,"FiberMargin",6000,5,0.75,0.9645,0.2145,0.858,0.86303574895064,0.902982497266815,0.774074074074074,0.923857868020305,0.98265306122449,0.9645,NA,0.906,0.016,0.895847066578774,0.252833333333333,0,0.0180000000000007,24.8730964467005
"thin_layers","uniform","random",2,"geometric",2,1,0.25,NA,596,"FiberMargin",6000,5,0.75,0.974833333333333,0.224833333333333,0.899333333333333,0.903014810608117,0.930203070373132,0.865900383141762,0.952631578947368,0.988085456039441,0.974833333333333,NA,0.934,0.0115555555555556,0.930278884462151,0.251,0,0.0169999999999959,25.6210526315789
"thin_layers","uniform","random",3,"geometric",2,3,0.25,NA,597,"FiberMargin",6000,5,0.75,0.900333333333333,0.150333333333333,0.601333333333333,0.5757125452781,0.629578291872737,0.40893470790378,0.683417085427136,0.982635342185904,0.900333333333333,NA,0.820666666666667,0.0731111111111111,0.718203033838973,0.285666666666667,0,0.017000000000003,24.5979899497487
"thin_layers","uniform","region",1,"geometric",2,1,0.25,NA,598,"FiberMargin",6000,5,0.75,0.741833333333333,-0.00816666666666666,-0.0326666666666666,0.405364389792471,0.701395547655277,0.540298507462687,0.557377049180328,0.752596212583995,0.741833333333333,NA,0.00133333333333333,0.0113333333333333,0.0377358490566038,0.00883333333333333,0,0.0200000000000031,26.8360655737705
"thin_layers","uniform","region",2,"geometric",2,1,0.25,NA,599,"FiberMargin",6000,5,0.75,0.740666666666667,-0.0093333333333333,-0.0373333333333332,0.430304787885368,0.779450307317891,0.72791519434629,0.959302325581395,0.734046932894195,0.740666666666667,NA,0.00933333333333333,0.0155555555555556,0.164705882352941,0.0141666666666667,0,0.0180000000000007,28.2441860465116
"thin_layers","uniform","region",3,"geometric",2,3,0.25,NA,600,"FiberMargin",6000,5,0.75,0.723666666666667,-0.0263333333333333,-0.105333333333333,0.335278888599782,0.619046691256296,0.519337016574586,0.572222222222222,0.755952380952381,0.723666666666667,NA,0.0466666666666667,0.0506666666666667,0.23489932885906,0.0496666666666667,0,0.0169999999999959,27.0666666666667
"wavy_layers","extreme","boundary",1,"geometric",2,1,0.25,NA,601,"FiberMargin",6000,5,0.75,0.840833333333333,0.0908333333333333,0.363333333333333,0.712615728427223,0.792348525777224,0.59493670886076,0.59493670886076,0.887411828540423,0.294166666666667,0.9775,0.369333333333333,0.002,0.555110220440882,0.166333333333333,0,0.019999999999996,46.6582278481013
"wavy_layers","extreme","boundary",2,"geometric",2,1,0.25,NA,602,"FiberMargin",6000,5,0.75,0.892333333333333,0.142333333333333,0.569333333333333,0.749439982693189,0.860286818025686,0.666666666666667,0.666666666666667,0.883453622026196,0.5225,0.984791666666667,0.578,0.00288888888888889,0.732882502113271,0.197166666666667,0,0.0189999999999984,73.3529411764706
"wavy_layers","extreme","boundary",3,"geometric",2,3,0.25,NA,603,"FiberMargin",6000,5,0.75,0.869333333333333,0.119333333333333,0.477333333333333,0.731160751490587,0.702130275149964,0.28,0.28,0.904182106934886,0.446666666666667,0.975,0.494,0.00555555555555556,0.681692732290708,0.181166666666667,0,0.0180000000000007,75.56
"wavy_layers","extreme","patch",1,"geometric",2,1,0.25,NA,604,"FiberMargin",6000,5,0.75,0.767833333333333,0.0178333333333334,0.0713333333333335,0.523634696590101,0.810108747751965,0.713299707990443,0.891566265060241,0.713299707990443,0.7275,0.777916666666667,0.112666666666667,0.0137777777777778,0.177707676130389,0.1585,0,0.0179999999999936,45.3855421686747
"wavy_layers","extreme","patch",2,"geometric",2,1,0.25,NA,605,"FiberMargin",6000,5,0.75,0.765666666666667,0.0156666666666667,0.0626666666666669,0.534393675249078,0.831414759504809,0.734412310957814,0.95,0.734412310957814,0.809166666666667,0.754791666666667,0.134,0.0237777777777778,0.190521327014218,0.175833333333333,0,0.0180000000000007,62.8166666666667
"wavy_layers","extreme","patch",3,"geometric",2,3,0.25,NA,606,"FiberMargin",6000,5,0.75,0.790166666666667,0.0401666666666667,0.160666666666667,0.593479953566637,0.773037997164549,0.711656441717791,0.783333333333333,0.762301694003764,0.715833333333333,0.80875,0.228666666666667,0.0226666666666667,0.33398247322298,0.171166666666667,0,0.0200000000000031,61.9833333333333
"wavy_layers","extreme","random",1,"geometric",2,1,0.25,NA,607,"FiberMargin",6000,5,0.75,0.975833333333333,0.225833333333333,0.903333333333333,0.965862016579222,0.848543599765864,0.640625,0.640625,0.999736495388669,0.9225,0.989166666666667,0.950666666666667,0.0157777777777778,0.936925098554534,0.253666666666667,0,0.0180000000000007,59.296875
"wavy_layers","extreme","random",2,"geometric",2,1,0.25,NA,608,"FiberMargin",6000,5,0.75,0.969166666666667,0.219166666666667,0.876666666666666,0.941226299069124,0.880619345441987,0.653333333333333,0.653333333333333,0.996819507023589,0.895,0.987708333333333,0.928666666666667,0.0173333333333333,0.91947194719472,0.2525,0,0.0189999999999984,50.3066666666667
"wavy_layers","extreme","random",3,"geometric",2,3,0.25,NA,609,"FiberMargin",6000,5,0.75,0.974333333333333,0.224333333333333,0.897333333333334,0.948882833447937,0.760996662999308,0.375,0.375,0.998140770252324,0.954166666666667,0.979375,0.948,0.0168888888888889,0.927592954990215,0.2555,0,0.0190000000000055,58.828125
"wavy_layers","extreme","region",1,"geometric",2,1,0.25,NA,610,"FiberMargin",6000,5,0.75,0.738,-0.012,-0.048,0.464399864053742,0.747223325045813,0.419354838709677,0.419354838709677,0.680729450190528,0.7175,0.743125,0.012,0.02,0.166666666666667,0.018,0,0.0189999999999984,59.258064516129
"wavy_layers","extreme","region",2,"geometric",2,1,0.25,NA,611,"FiberMargin",6000,5,0.75,0.734166666666667,-0.0158333333333334,-0.0633333333333335,0.474281766798141,0.767369118651277,0.636363636363636,0.636363636363636,0.681805893484726,0.806666666666667,0.716041666666667,0.0153333333333333,0.0262222222222222,0.163120567375887,0.0235,0,0.017000000000003,84.0681818181818
"wavy_layers","extreme","region",3,"geometric",2,3,0.25,NA,612,"FiberMargin",6000,5,0.75,0.737,-0.013,-0.052,0.374107096908565,0.731871040268385,0.567901234567901,0.580645161290323,0.649457241196717,0.7125,0.743125,0.0313333333333333,0.0277777777777778,0.271676300578035,0.0288333333333333,0,0.0180000000000007,60.9193548387097
"wavy_layers","hotspot","boundary",1,"geometric",2,1,0.25,NA,613,"FiberMargin",6000,5,0.75,0.8695,0.1195,0.478,0.758251451648501,0.833186491329052,0.731472569778633,0.769911504424779,0.94971578487101,0.424166666666667,0.980833333333333,0.493333333333333,0.00511111111111111,0.650835532102023,0.1895,0,0.0180000000000007,4.04778761061947
"wavy_layers","hotspot","boundary",2,"geometric",2,1,0.25,NA,614,"FiberMargin",6000,5,0.75,0.892166666666667,0.142166666666667,0.568666666666667,0.758245477571149,0.899726293267446,0.850093109869646,0.96127562642369,0.876484560570071,0.513333333333333,0.986875,0.576666666666667,0.00266666666666667,0.726890756302521,0.198333333333333,0,0.017000000000003,4.79498861047836
"wavy_layers","hotspot","boundary",3,"geometric",2,3,0.25,NA,615,"FiberMargin",6000,5,0.75,0.9015,0.1515,0.606,0.786536864367256,0.898411790708825,0.825729927007299,0.912928759894459,0.894950405770965,0.610833333333333,0.974166666666667,0.645333333333333,0.0131111111111111,0.742900997697621,0.217166666666667,0,0.0180000000000007,5.85224274406332
"wavy_layers","hotspot","patch",1,"geometric",2,1,0.25,NA,616,"FiberMargin",6000,5,0.75,0.778166666666667,0.0281666666666667,0.112666666666667,0.562503959017886,0.786801690465652,0.674157303370786,0.859649122807018,0.700091996320147,0.728333333333333,0.790625,0.189333333333333,0.0255555555555556,0.262476894639556,0.180333333333333,0,0.0189999999999984,4.76754385964912
"wavy_layers","hotspot","patch",2,"geometric",2,1,0.25,NA,617,"FiberMargin",6000,5,0.75,0.772833333333333,0.0228333333333334,0.0913333333333335,0.512792670709643,0.814685045195111,0.678190354246692,0.854625550660793,0.678190354246692,0.780833333333333,0.770833333333333,0.168,0.0255555555555556,0.239089184060721,0.175666666666667,0,0.0189999999999984,5.16079295154185
"wavy_layers","hotspot","patch",3,"geometric",2,3,0.25,NA,618,"FiberMargin",6000,5,0.75,0.7855,0.0355,0.142,0.588761492616589,0.776631315251449,0.597560975609756,0.597560975609756,0.656033287101248,0.72,0.801875,0.3,0.0526666666666667,0.348297213622291,0.215333333333333,0,0.0200000000000031,5.27560975609756
"wavy_layers","hotspot","random",1,"geometric",2,1,0.25,NA,619,"FiberMargin",6000,5,0.75,0.968166666666667,0.218166666666667,0.872666666666666,0.936937155599337,0.944893121981024,0.831826401446655,0.831826401446655,0.996086105675147,0.89,0.987708333333333,0.944,0.0237777777777778,0.903637523931079,0.261166666666667,0,0.019999999999996,3.69620253164557
"wavy_layers","hotspot","random",2,"geometric",2,1,0.25,NA,620,"FiberMargin",6000,5,0.75,0.968166666666667,0.218166666666667,0.872666666666666,0.939046448222184,0.945749183815573,0.838,0.838,0.997687326549491,0.883333333333333,0.989375,0.937333333333333,0.0215555555555556,0.903598971722365,0.259333333333333,0,0.0189999999999984,4.324
"wavy_layers","hotspot","random",3,"geometric",2,3,0.25,NA,621,"FiberMargin",6000,5,0.75,0.939666666666667,0.189666666666667,0.758666666666667,0.895936363135826,0.888473905785337,0.696078431372549,0.696078431372549,0.9875,0.81,0.972083333333333,0.900666666666667,0.0473333333333333,0.819284414796847,0.274833333333333,0,0.0189999999999984,5.49019607843137
"wavy_layers","hotspot","region",1,"geometric",2,1,0.25,NA,622,"FiberMargin",6000,5,0.75,0.734666666666667,-0.0153333333333333,-0.0613333333333332,0.460542587210995,0.751727124950483,0.661940629153744,0.786729857819905,0.661940629153744,0.768333333333333,0.72625,0.0213333333333333,0.0275555555555556,0.184971098265896,0.0288333333333333,0,0.0240000000000009,5.34834123222749
"wavy_layers","hotspot","region",2,"geometric",2,1,0.25,NA,623,"FiberMargin",6000,5,0.75,0.7335,-0.0165,-0.0659999999999998,0.489392191101895,0.76767009776623,0.658411614005124,0.843601895734597,0.658411614005124,0.708333333333333,0.739791666666667,0.028,0.0313333333333333,0.229508196721311,0.0305,0,0.0180000000000007,5.54976303317536
"wavy_layers","hotspot","region",3,"geometric",2,3,0.25,NA,624,"FiberMargin",6000,5,0.75,0.724833333333333,-0.0251666666666667,-0.100666666666667,0.409362021307603,0.740308159518364,0.637377963737796,0.837708830548926,0.68467707893626,0.648333333333333,0.743958333333333,0.086,0.0622222222222222,0.310843373493976,0.0691666666666667,0,0.0200000000000031,5.65393794749403
"wavy_layers","moderate","boundary",1,"geometric",2,1,0.25,NA,625,"FiberMargin",6000,5,0.75,0.907833333333333,0.157833333333333,0.631333333333334,0.785161958244382,0.911685669031217,0.848557692307692,0.948170731707317,0.884932920536636,0.586666666666667,0.988125,0.635333333333333,0.00133333333333333,0.769168684422922,0.2065,0,0.017000000000003,2.95426829268293
"wavy_layers","moderate","boundary",2,"geometric",2,1,0.25,NA,626,"FiberMargin",6000,5,0.75,0.895333333333333,0.145333333333333,0.581333333333333,0.769955869556138,0.88898583265037,0.815457413249211,0.815457413249211,0.881427072402938,0.54,0.984166666666667,0.592,0.00355555555555556,0.716129032258065,0.206666666666667,0,0.0189999999999984,3.00630914826498
"wavy_layers","moderate","boundary",3,"geometric",2,3,0.25,NA,627,"FiberMargin",6000,5,0.75,0.887333333333333,0.137333333333333,0.549333333333333,0.763932711683559,0.865787037027525,0.706336939721793,0.706336939721793,0.883394065590838,0.573333333333333,0.965833333333333,0.613333333333333,0.0213333333333333,0.672514619883041,0.228,0,0.0189999999999984,2.96908809891808
"wavy_layers","moderate","patch",1,"geometric",2,1,0.25,NA,628,"FiberMargin",6000,5,0.75,0.764333333333333,0.0143333333333333,0.0573333333333332,0.501837613957062,0.787243498593431,0.666492146596859,0.835820895522388,0.666492146596859,0.714166666666667,0.776875,0.144666666666667,0.0291111111111111,0.200369344413666,0.1805,0,0.0189999999999984,2.85074626865672
"wavy_layers","moderate","patch",2,"geometric",2,1,0.25,NA,629,"FiberMargin",6000,5,0.75,0.769166666666667,0.0191666666666667,0.0766666666666667,0.551829650512445,0.776685668159323,0.590233545647558,0.672268907563025,0.590233545647558,0.6875,0.789583333333333,0.157333333333333,0.0268888888888889,0.219944082013048,0.178833333333333,0,0.0180000000000007,3.16638655462185
"wavy_layers","moderate","patch",3,"geometric",2,3,0.25,NA,630,"FiberMargin",6000,5,0.75,0.785666666666667,0.0356666666666666,0.142666666666666,0.542336129871828,0.814994453302147,0.667016806722689,0.884671532846715,0.667016806722689,0.655,0.818333333333333,0.301333333333333,0.0528888888888889,0.35618597320725,0.2115,0,0.0200000000000031,2.77956204379562
"wavy_layers","moderate","random",1,"geometric",2,1,0.25,NA,631,"FiberMargin",6000,5,0.75,0.9555,0.2055,0.822,0.898190419853338,0.939389693849677,0.816074188562597,0.816074188562597,0.980382034073309,0.835,0.985625,0.914666666666667,0.0308888888888889,0.876117496807152,0.261,0,0.0200000000000031,2.99381761978362
"wavy_layers","moderate","random",2,"geometric",2,1,0.25,NA,632,"FiberMargin",6000,5,0.75,0.956166666666667,0.206166666666667,0.824666666666667,0.890333687052517,0.947478626126776,0.861022364217252,0.861022364217252,0.960244648318043,0.836666666666667,0.986041666666667,0.91,0.0284444444444444,0.873879641485275,0.260333333333333,0,0.0200000000000031,3.13418530351438
"wavy_layers","moderate","random",3,"geometric",2,3,0.25,NA,633,"FiberMargin",6000,5,0.75,0.922833333333333,0.172833333333333,0.691333333333333,0.835971509466142,0.897081363740405,0.797604790419162,0.811764705882353,0.957142857142857,0.791666666666667,0.955625,0.879333333333333,0.0626666666666667,0.77270064440539,0.2845,0,0.0180000000000007,3.17647058823529
"wavy_layers","moderate","region",1,"geometric",2,1,0.25,NA,634,"FiberMargin",6000,5,0.75,0.744166666666667,-0.00583333333333336,-0.0233333333333334,0.518276783799764,0.760019587882697,0.632406921866806,0.717488789237668,0.632406921866806,0.73,0.747708333333333,0.0666666666666667,0.03,0.423728813559322,0.0393333333333333,0,0.0180000000000007,2.85052316890882
"wavy_layers","moderate","region",2,"geometric",2,1,0.25,NA,635,"FiberMargin",6000,5,0.75,0.729333333333333,-0.0206666666666667,-0.0826666666666669,0.423026911150438,0.736326981722167,0.685114503816794,0.746987951807229,0.693388859968766,0.703333333333333,0.735833333333333,0.0266666666666667,0.0364444444444444,0.195121951219512,0.0341666666666667,0,0.0169999999999959,2.89307228915663
"wavy_layers","moderate","region",3,"geometric",2,3,0.25,NA,636,"FiberMargin",6000,5,0.75,0.724333333333333,-0.0256666666666666,-0.102666666666666,0.45003262942257,0.753926648875573,0.559249329758713,0.862481315396114,0.559249329758713,0.635,0.746666666666667,0.100666666666667,0.0677777777777778,0.322649572649573,0.078,0,0.017000000000003,2.78774289985052
"wavy_layers","strong","boundary",1,"geometric",2,1,0.25,NA,637,"FiberMargin",6000,5,0.75,0.886333333333333,0.136333333333333,0.545333333333333,0.767762069605717,0.880279182992703,0.807522123893805,0.936170212765957,0.8831662633944,0.495833333333333,0.983958333333333,0.554,0.00288888888888889,0.700674536256324,0.197666666666667,0,0.0159999999999982,12.3106382978723
"wavy_layers","strong","boundary",2,"geometric",2,1,0.25,NA,638,"FiberMargin",6000,5,0.75,0.898,0.148,0.592,0.753700544772815,0.906356079127725,0.870689655172414,0.870689655172414,0.878840782122905,0.533333333333333,0.989166666666667,0.595333333333333,0.00111111111111111,0.73017170891251,0.203833333333333,0,0.017000000000003,12.3448275862069
"wavy_layers","strong","boundary",3,"geometric",2,3,0.25,NA,639,"FiberMargin",6000,5,0.75,0.902666666666667,0.152666666666667,0.610666666666666,0.793243054619364,0.872841763951557,0.777904328018223,0.836283185840708,0.931220741807706,0.6475,0.966458333333333,0.679333333333333,0.0228888888888889,0.741090909090909,0.229166666666667,0,0.017000000000003,12.287610619469
"wavy_layers","strong","patch",1,"geometric",2,1,0.25,NA,640,"FiberMargin",6000,5,0.75,0.769833333333333,0.0198333333333334,0.0793333333333335,0.498607109552767,0.836969510139237,0.722747984577638,0.974358974358974,0.722747984577638,0.705833333333333,0.785833333333333,0.154666666666667,0.0251111111111111,0.226120857699805,0.171,0,0.017000000000003,12.1923076923077
"wavy_layers","strong","patch",2,"geometric",2,1,0.25,NA,641,"FiberMargin",6000,5,0.75,0.769,0.019,0.0760000000000001,0.534558361459925,0.781051634389027,0.721311475409836,0.721311475409836,0.753434307854879,0.761666666666667,0.770833333333333,0.128666666666667,0.0175555555555556,0.193969849246231,0.165833333333333,0,0.0179999999999936,11.6352459016393
"wavy_layers","strong","patch",3,"geometric",2,3,0.25,NA,642,"FiberMargin",6000,5,0.75,0.786166666666667,0.0361666666666667,0.144666666666667,0.570190596936325,0.728135017341559,0.502164502164502,0.502164502164502,0.803831145796382,0.731666666666667,0.799791666666667,0.248666666666667,0.0346666666666667,0.32719298245614,0.19,0,0.0189999999999984,12.2034632034632
"wavy_layers","strong","random",1,"geometric",2,1,0.25,NA,643,"FiberMargin",6000,5,0.75,0.974333333333333,0.224333333333333,0.897333333333334,0.957285827942441,0.926784109920818,0.831896551724138,0.831896551724138,0.998216196931859,0.899166666666667,0.993125,0.947333333333333,0.0166666666666667,0.925732899022801,0.255833333333333,0,0.0180000000000007,12.0818965517241
"wavy_layers","strong","random",2,"geometric",2,1,0.25,NA,644,"FiberMargin",6000,5,0.75,0.963,0.213,0.852,0.906859718642477,0.917711289120172,0.795811518324607,0.795811518324607,0.992773571920165,0.89,0.98125,0.926666666666667,0.0248888888888889,0.888178913738019,0.260833333333333,0,0.0180000000000007,15.2146596858639
"wavy_layers","strong","random",3,"geometric",2,3,0.25,NA,645,"FiberMargin",6000,5,0.75,0.925833333333333,0.175833333333333,0.703333333333333,0.817125821830253,0.87327807126726,0.72972972972973,0.72972972972973,0.969351389878831,0.82,0.952291666666667,0.863333333333333,0.0533333333333333,0.787712895377129,0.274,0,0.0189999999999984,12.6396396396396
"wavy_layers","strong","region",1,"geometric",2,1,0.25,NA,646,"FiberMargin",6000,5,0.75,0.746,-0.004,-0.016,0.404091255165897,0.812613881577816,0.64559585492228,0.824884792626728,0.64559585492228,0.726666666666667,0.750833333333333,0.048,0.0213333333333333,0.389189189189189,0.0308333333333333,0,0.0189999999999984,13.3410138248848
"wavy_layers","strong","region",2,"geometric",2,1,0.25,NA,647,"FiberMargin",6000,5,0.75,0.735666666666667,-0.0143333333333333,-0.0573333333333332,0.403781034117103,0.80222944850056,0.587301587301587,0.719512195121951,0.587301587301587,0.820833333333333,0.714375,0.00466666666666667,0.0206666666666667,0.0654205607476635,0.0178333333333333,0,0.0179999999999936,11.5243902439024
"wavy_layers","strong","region",3,"geometric",2,3,0.25,NA,648,"FiberMargin",6000,5,0.75,0.707333333333333,-0.0426666666666666,-0.170666666666667,0.474589092336753,0.746191408940076,0.632183908045977,0.756,0.632183908045977,0.674166666666667,0.715625,0.05,0.0735555555555556,0.183823529411765,0.068,0,0.0169999999999959,11.484
"wavy_layers","uniform","boundary",1,"geometric",2,1,0.25,NA,649,"FiberMargin",6000,5,0.75,0.89,0.14,0.56,0.748838806500177,0.89,0.855833333333333,0.92,0.92,0.525,0.98125,0.57,0.00333333333333333,0.705445544554455,0.202,0,0.0189999999999984,1
"wavy_layers","uniform","boundary",2,"geometric",2,1,0.25,NA,650,"FiberMargin",6000,5,0.75,0.892,0.142,0.568,0.754838795718165,0.892,0.83,0.9375,0.9375,0.530833333333333,0.982291666666667,0.582,0.00466666666666667,0.708603896103896,0.205333333333333,0,0.017000000000003,1
"wavy_layers","uniform","boundary",3,"geometric",2,3,0.25,NA,651,"FiberMargin",6000,5,0.75,0.881333333333333,0.131333333333333,0.525333333333333,0.734298091760482,0.881333333333333,0.821666666666667,0.928333333333333,0.928333333333333,0.570833333333333,0.958958333333333,0.598666666666667,0.0244444444444444,0.661266568483063,0.226333333333333,0,0.0169999999999959,1
"wavy_layers","uniform","patch",1,"geometric",2,1,0.25,NA,652,"FiberMargin",6000,5,0.75,0.7845,0.0345,0.138,0.55194139839008,0.7845,0.668333333333333,0.891666666666667,0.891666666666667,0.6925,0.8075,0.21,0.024,0.288197621225984,0.182166666666667,0,0.0190000000000055,1
"wavy_layers","uniform","patch",2,"geometric",2,1,0.25,NA,653,"FiberMargin",6000,5,0.75,0.777333333333333,0.0273333333333333,0.109333333333333,0.543867028266652,0.777333333333333,0.703333333333333,0.703333333333333,0.703333333333333,0.755,0.782916666666667,0.198666666666667,0.0297777777777778,0.270417422867514,0.183666666666667,0,0.017000000000003,1
"wavy_layers","uniform","patch",3,"geometric",2,3,0.25,NA,654,"FiberMargin",6000,5,0.75,0.782666666666667,0.0326666666666666,0.130666666666666,0.551036170174597,0.782666666666667,0.68,0.9475,0.9475,0.645833333333333,0.816875,0.322,0.0637777777777778,0.355408388520971,0.2265,0,0.0159999999999982,1
"wavy_layers","uniform","random",1,"geometric",2,1,0.25,NA,655,"FiberMargin",6000,5,0.75,0.962,0.212,0.848,0.908022428325227,0.962,0.946666666666667,0.9725,0.9725,0.8375,0.993125,0.921333333333333,0.0244444444444444,0.888174807197943,0.259333333333333,0,0.0180000000000007,1
"wavy_layers","uniform","random",2,"geometric",2,1,0.25,NA,656,"FiberMargin",6000,5,0.75,0.956666666666667,0.206666666666667,0.826666666666667,0.895834454177345,0.956666666666667,0.939166666666667,0.968333333333333,0.968333333333333,0.818333333333333,0.99125,0.925333333333333,0.0328888888888889,0.868585732165207,0.266333333333333,0,0.0190000000000055,1
"wavy_layers","uniform","random",3,"geometric",2,3,0.25,NA,657,"FiberMargin",6000,5,0.75,0.917,0.167,0.668,0.808060667557768,0.917,0.878333333333333,0.9575,0.9575,0.755,0.9575,0.862666666666667,0.0648888888888889,0.75672514619883,0.285,0,0.0189999999999984,1
"wavy_layers","uniform","region",1,"geometric",2,1,0.25,NA,658,"FiberMargin",6000,5,0.75,0.741666666666667,-0.0083333333333333,-0.0333333333333332,0.491158249600758,0.741666666666667,0.624166666666667,0.844166666666667,0.844166666666667,0.648333333333333,0.765,0.048,0.0271111111111111,0.354679802955665,0.0338333333333333,0,0.0169999999999959,1
"wavy_layers","uniform","region",2,"geometric",2,1,0.25,NA,659,"FiberMargin",6000,5,0.75,0.733166666666667,-0.0168333333333334,-0.0673333333333335,0.454756125227536,0.733166666666667,0.626666666666667,0.626666666666667,0.626666666666667,0.721666666666667,0.736041666666667,0.0373333333333333,0.0348888888888889,0.255707762557078,0.0365,0,0.0180000000000007,1
"wavy_layers","uniform","region",3,"geometric",2,3,0.25,NA,660,"FiberMargin",6000,5,0.75,0.712833333333333,-0.0371666666666667,-0.148666666666667,0.431243189592032,0.712833333333333,0.600833333333333,0.865,0.865,0.5825,0.745416666666667,0.0986666666666667,0.0824444444444444,0.282442748091603,0.0873333333333333,0,0.0169999999999959,1
"gradient_A-B-C","extreme","mixture",1,"gradient",2,1,0.05,0.05,661,"FiberMargin",6000,3,0.95,0.9965,0.0465000000000001,0.930000000000001,0.988594418311493,0.993559030424461,0.984101748807631,0.936507936507937,1,0.983333333333333,0.999791666666667,0.986666666666667,0.00298245614035088,0.945686900958466,0.0521666666666667,0,0.0159999999999982,70.6349206349206
"gradient_A-B-C","extreme","mixture",2,"gradient",2,1,0.05,0.05,662,"FiberMargin",6000,3,0.949833333333333,0.999166666666667,0.0493333333333333,0.983388704318937,0.991450445582688,0.990433837286574,0.971830985915493,0.971830985915493,1,0.9975,0.999583333333333,0.983388704318937,0,1,0.0493333333333333,0,0.0189999999999984,62.4647887323944
"gradient_A-B-C","extreme","mixture",3,"gradient",2,3,0.05,0.05,663,"FiberMargin",6000,3,0.95,0.994333333333333,0.0443333333333333,0.886666666666666,0.979209630833056,0.984691666306151,0.972972972972973,0.972972972972973,0.998865183840218,0.971666666666667,1,0.96,0.00385964912280702,0.929032258064516,0.0516666666666667,0,0.0189999999999984,59.5405405405405
"gradient_A-B-C","extreme","mixture",1,"gradient",2,1,0.25,0.25,664,"FiberMargin",6000,3,0.75,0.987333333333333,0.237333333333333,0.949333333333333,0.953660386086792,0.948036396811563,0.869731800766284,0.841269841269841,0.999097472924188,0.98,0.989166666666667,0.962,0.00422222222222222,0.987004103967168,0.243666666666667,0,0.0180000000000007,70.3492063492064
"gradient_A-B-C","extreme","mixture",2,"gradient",2,1,0.25,0.25,665,"FiberMargin",6000,3,0.75,0.986833333333333,0.236833333333333,0.947333333333333,0.957375626240503,0.968813706222163,0.950819672131147,0.904109589041096,0.999099707404907,0.95,0.996041666666667,0.966666666666667,0.00644444444444444,0.980392156862745,0.2465,0,0.0180000000000007,60.8630136986301
"gradient_A-B-C","extreme","mixture",3,"gradient",2,3,0.25,0.25,666,"FiberMargin",6000,3,0.750166666666667,0.984666666666667,0.2345,0.938625750500334,0.972078656201272,0.957131316310265,0.917910447761194,0.806451612903226,0.997061482820977,0.963333333333333,0.99,0.962641761174116,0.00799822261719618,0.975659229208925,0.2465,0,0.0210000000000008,71.3548387096774
"gradient_A-B-C","moderate","mixture",1,"gradient",2,1,0.05,0.05,667,"FiberMargin",6000,3,0.949833333333333,0.9955,0.0456666666666667,0.91029900332226,0.984961876360716,0.993502146364964,0.989949748743719,0.989949748743719,0.997102649006622,0.978333333333333,0.999791666666667,0.966777408637874,0.00298297947008247,0.944805194805195,0.0513333333333333,0,0.0189999999999984,3.03517587939698
"gradient_A-B-C","moderate","mixture",2,"gradient",2,1,0.05,0.05,668,"FiberMargin",6000,3,0.95,0.996666666666667,0.0466666666666667,0.933333333333334,0.988954383936856,0.99339957171749,0.987515605493134,0.987515605493134,0.999145299145299,0.983333333333333,1,0.966666666666667,0.00175438596491228,0.966666666666667,0.05,0,0.0210000000000008,2.92134831460674
"gradient_A-B-C","moderate","mixture",3,"gradient",2,3,0.05,0.05,669,"FiberMargin",6000,3,0.950166666666667,0.9955,0.0453333333333333,0.909698996655519,0.985031771191231,0.992218431867211,0.983930778739184,0.983930778739184,0.998754669987547,0.979166666666667,0.999583333333333,0.953177257525084,0.00228030170145588,0.956375838926175,0.0496666666666667,0,0.0180000000000007,2.97775030902349
"gradient_A-B-C","moderate","mixture",1,"gradient",2,1,0.25,0.25,670,"FiberMargin",6000,3,0.75,0.9815,0.2315,0.926,0.946728011851439,0.981356103736708,0.967418546365915,0.945205479452055,0.989583333333333,0.9225,0.99625,0.954666666666667,0.00955555555555555,0.970847457627119,0.245833333333333,0,0.0230000000000032,2.8692403486924
"gradient_A-B-C","moderate","mixture",2,"gradient",2,1,0.25,0.25,671,"FiberMargin",6000,3,0.75,0.985333333333333,0.235333333333333,0.941333333333333,0.956376720857012,0.981427214942081,0.967171717171717,0.967171717171717,0.993670886075949,0.935833333333333,0.997708333333333,0.969333333333333,0.00933333333333333,0.97192513368984,0.249333333333333,0,0.0180000000000007,2.99242424242424
"gradient_A-B-C","moderate","mixture",3,"gradient",2,3,0.25,0.25,672,"FiberMargin",6000,3,0.750333333333333,0.9715,0.221166666666667,0.88584779706275,0.915357123564427,0.968522547701807,0.954601226993865,0.954601226993865,0.988392089423904,0.885,0.993125,0.931909212283044,0.0153265215459796,0.952901023890785,0.244166666666667,0,0.0250000000000057,2.85398773006135
"gradient_A-B-C","strong","mixture",1,"gradient",2,1,0.05,0.05,673,"FiberMargin",6000,3,0.95,0.996333333333333,0.0463333333333333,0.926666666666666,0.988487258621131,0.990467599616055,0.97841726618705,0.97841726618705,1,0.981666666666667,1,0.976666666666667,0.00263157894736842,0.951298701298701,0.0513333333333333,0,0.0180000000000007,12.3776978417266
"gradient_A-B-C","strong","mixture",2,"gradient",2,1,0.05,0.05,674,"FiberMargin",6000,3,0.949833333333333,0.9975,0.0476666666666667,0.950166112956812,0.988588951766966,0.985034769037613,0.95985401459854,0.95985401459854,0.999712064497553,0.988333333333333,0.999791666666667,0.98671096345515,0.00193016318652395,0.964285714285714,0.0513333333333333,0,0.0319999999999965,12.6751824817518
"gradient_A-B-C","strong","mixture",3,"gradient",2,3,0.05,0.05,675,"FiberMargin",6000,3,0.949833333333333,0.992166666666667,0.0423333333333333,0.843853820598006,0.976209803372733,0.975528488581954,0.94047619047619,0.94047619047619,0.999711732487749,0.961666666666667,0.999791666666667,0.980066445182724,0.00719424460431655,0.87797619047619,0.056,0,0.0159999999999982,13.765873015873
"gradient_A-B-C","strong","mixture",1,"gradient",2,1,0.25,0.25,676,"FiberMargin",6000,3,0.75,0.983833333333333,0.233833333333333,0.935333333333333,0.951653444918506,0.967178875631949,0.934426229508197,0.934426229508197,0.994568324757004,0.9425,0.994166666666667,0.962,0.00888888888888889,0.973027646662171,0.247166666666667,0,0.0189999999999984,14.3360655737705
"gradient_A-B-C","strong","mixture",2,"gradient",2,1,0.25,0.25,677,"FiberMargin",6000,3,0.75,0.983666666666667,0.233666666666667,0.934666666666667,0.948435957241739,0.9702009951951,0.94238683127572,0.94238683127572,0.990252293577982,0.940833333333333,0.994375,0.957333333333333,0.00755555555555556,0.97687074829932,0.245,0,0.0180000000000007,14.3539094650206
"gradient_A-B-C","strong","mixture",3,"gradient",2,3,0.25,0.25,678,"FiberMargin",6000,3,0.75,0.9725,0.2225,0.89,0.913084566485325,0.952555568569514,0.898305084745763,0.878136200716846,0.992782909930716,0.918333333333333,0.986041666666667,0.922666666666667,0.0108888888888889,0.965806001395673,0.238833333333333,0,0.0300000000000011,12.415770609319
"gradient_A-B-C","uniform","mixture",1,"gradient",2,1,0.05,0.05,679,"FiberMargin",6000,3,0.95,0.995333333333333,0.0453333333333333,0.906666666666666,0.98512200207585,0.995555555555556,0.994666666666667,0.997333333333333,0.997333333333333,0.976666666666667,1,0.983333333333333,0.00403508771929825,0.927672955974843,0.053,0,0.0180000000000007,1
"gradient_A-B-C","uniform","mixture",2,"gradient",2,1,0.05,0.05,680,"FiberMargin",6000,3,0.95,0.9955,0.0455000000000001,0.910000000000001,0.985652355297119,0.995333333333333,0.992666666666667,0.997333333333333,0.997333333333333,0.9775,1,0.973333333333333,0.00333333333333333,0.938906752411576,0.0518333333333333,0,0.036999999999999,1
"gradient_A-B-C","uniform","mixture",3,"gradient",2,3,0.05,0.05,681,"FiberMargin",6000,3,0.95,0.993,0.043,0.86,0.977725771555661,0.993444444444444,0.991666666666667,0.994,0.994,0.965,1,0.963333333333333,0.00543859649122807,0.903125,0.0533333333333333,0,0.019999999999996,1
"gradient_A-B-C","uniform","mixture",1,"gradient",2,1,0.25,0.25,682,"FiberMargin",6000,3,0.75,0.981833333333333,0.231833333333333,0.927333333333333,0.942779777179895,0.982444444444444,0.977333333333333,0.977333333333333,0.977333333333333,0.925,0.996041666666667,0.959333333333333,0.0106666666666667,0.967720242098184,0.247833333333333,0,0.0160000000000053,1
"gradient_A-B-C","uniform","mixture",2,"gradient",2,1,0.25,0.25,683,"FiberMargin",6000,3,0.75,0.989166666666667,0.239166666666667,0.956666666666667,0.965649610724925,0.989888888888889,0.987,0.987333333333333,0.987333333333333,0.95,0.998958333333333,0.982,0.00844444444444444,0.974851091992058,0.251833333333333,0,0.027000000000001,1
"gradient_A-B-C","uniform","mixture",3,"gradient",2,3,0.25,0.25,684,"FiberMargin",6000,3,0.75,0.970166666666667,0.220166666666667,0.880666666666666,0.9069232809626,0.971222222222222,0.966666666666667,0.966666666666667,0.966666666666667,0.8825,0.992083333333333,0.925333333333333,0.0148888888888889,0.953951890034364,0.2425,0,0.0180000000000007,1
"gradient_A-B-C","extreme","mixture",1,"gradient",3,1,0.05,0.05,685,"FiberMargin",6000,3,0.95,0.994333333333333,0.0443333333333333,0.886666666666666,0.987263703078213,0.973726216263941,0.931972789115646,0.808219178082192,1,0.976666666666667,0.99875,0.976666666666667,0.00473684210526316,0.915625,0.0533333333333333,0,0.0360000000000014,60.3972602739726
"gradient_A-B-C","extreme","mixture",2,"gradient",3,1,0.05,0.05,686,"FiberMargin",6000,3,0.95,0.993166666666667,0.0431666666666667,0.863333333333333,0.97995233462403,0.95889896125137,0.876923076923077,0.875,0.999773806831034,0.968333333333333,0.999375,0.99,0.00666666666666667,0.886567164179105,0.0558333333333333,0,0.0300000000000011,92.1041666666667
"gradient_A-B-C","extreme","mixture",3,"gradient",3,3,0.05,0.05,687,"FiberMargin",6000,3,0.95,0.988333333333333,0.0383333333333333,0.766666666666666,0.968294703167431,0.935543278084715,0.806629834254144,0.738461538461539,1,0.955,0.996666666666667,0.963333333333333,0.0103508771929825,0.830459770114943,0.058,0,0.0339999999999989,67.7846153846154
"gradient_A-B-C","extreme","mixture",1,"gradient",3,1,0.25,0.25,688,"FiberMargin",6000,3,0.75,0.978,0.228,0.912,0.907481030847243,0.914596352405925,0.823529411764706,0.823529411764706,0.995945032665015,0.918333333333333,0.992916666666667,0.945333333333333,0.0111111111111111,0.965940054495913,0.244666666666667,0,0.0319999999999965,87.0392156862745
"gradient_A-B-C","extreme","mixture",2,"gradient",3,1,0.25,0.25,689,"FiberMargin",6000,3,0.749833333333333,0.974,0.224166666666667,0.896069287141905,0.910261420633769,0.935942092139661,0.892307692307692,0.892307692307692,0.992338891392519,0.891666666666667,0.994583333333333,0.933377748167888,0.0124472104912203,0.961564859299931,0.242833333333333,0,0.0279999999999987,68.2769230769231
"gradient_A-B-C","extreme","mixture",3,"gradient",3,3,0.25,0.25,690,"FiberMargin",6000,3,0.750166666666667,0.983833333333333,0.233666666666667,0.935290193462308,0.824051732139252,0.745669141948131,0.389830508474576,0.389830508474576,1,0.973333333333333,0.986458333333333,0.960640426951301,0.00844256831815152,0.974289580514208,0.246333333333333,0,0.027000000000001,75.9152542372881
"gradient_A-B-C","moderate","mixture",1,"gradient",3,1,0.05,0.05,691,"FiberMargin",6000,3,0.949833333333333,0.989,0.0391666666666667,0.780730897009967,0.965920924430637,0.985485065213552,0.9725,0.9725,0.996600084997875,0.945,1,0.956810631229236,0.00929987717143358,0.844574780058651,0.0568333333333333,0,0.027000000000001,2.94125
"gradient_A-B-C","moderate","mixture",2,"gradient",3,1,0.05,0.05,692,"FiberMargin",6000,3,0.950166666666667,0.988,0.0378333333333333,0.759197324414715,0.962532030002244,0.988993114505807,0.977532679738562,0.97622027534418,0.996197718631179,0.940833333333333,0.999791666666667,0.949832775919732,0.00999824592176811,0.832844574780059,0.0568333333333333,0,0.0260000000000034,2.96245306633292
"gradient_A-B-C","moderate","mixture",3,"gradient",3,3,0.05,0.05,693,"FiberMargin",6000,3,0.95,0.986833333333333,0.0368333333333334,0.736666666666667,0.956302795010208,0.976135330901384,0.952080706179067,0.952080706179067,0.995808885163453,0.945,0.997291666666667,0.916666666666667,0.00947368421052632,0.835866261398176,0.0548333333333333,0,0.0289999999999964,3.00882723833544
"gradient_A-B-C","moderate","mixture",1,"gradient",3,1,0.25,0.25,694,"FiberMargin",6000,3,0.75,0.963166666666667,0.213166666666667,0.852666666666666,0.892646122530787,0.960419270049975,0.942524115755627,0.890274314214464,0.993263157894737,0.851666666666667,0.991041666666667,0.911333333333333,0.0195555555555556,0.939518900343643,0.2425,0,0.0329999999999941,2.96134663341646
"gradient_A-B-C","moderate","mixture",2,"gradient",3,1,0.25,0.25,695,"FiberMargin",6000,3,0.75,0.972,0.222,0.888,0.908770499071259,0.969582273978127,0.96471949103528,0.967336683417085,0.975778546712803,0.879166666666667,0.995208333333333,0.928666666666667,0.0135555555555556,0.958046767537827,0.242333333333333,0,0.0309999999999988,2.90452261306533
"gradient_A-B-C","moderate","mixture",3,"gradient",3,3,0.25,0.25,696,"FiberMargin",6000,3,0.750166666666667,0.954333333333333,0.204166666666667,0.817211474316211,0.850769834304171,0.929921666268411,0.891656288916563,0.891656288916563,0.976377952755906,0.870833333333333,0.975208333333333,0.885923949299533,0.0228838035992002,0.928022361984626,0.2385,0,0.0260000000000034,3.00498132004981
"gradient_A-B-C","strong","mixture",1,"gradient",3,1,0.05,0.05,697,"FiberMargin",6000,3,0.949833333333333,0.991833333333333,0.042,0.837209302325582,0.969966527632898,0.982545014111279,0.970909090909091,0.970909090909091,0.998273381294964,0.9625,0.999166666666667,0.956810631229236,0.00631689770135111,0.888888888888889,0.054,0,0.0339999999999989,12.6363636363636
"gradient_A-B-C","strong","mixture",2,"gradient",3,1,0.05,0.05,698,"FiberMargin",6000,3,0.950166666666667,0.992833333333333,0.0426666666666666,0.8561872909699,0.966130791252526,0.953391966032848,0.876,0.876,0.999714285714286,0.974166666666667,0.9975,0.953177257525084,0.00508682687247851,0.907643312101911,0.0523333333333333,0,0.046999999999997,14
"gradient_A-B-C","strong","mixture",3,"gradient",3,3,0.05,0.05,699,"FiberMargin",6000,3,0.95,0.980833333333333,0.0308333333333334,0.616666666666667,0.945324160573335,0.934336395218748,0.831081081081081,0.831081081081081,0.999705882352941,0.93,0.993541666666667,0.943333333333333,0.0171929824561404,0.742782152230971,0.0635,0,0.0260000000000034,11.4864864864865
"gradient_A-B-C","strong","mixture",1,"gradient",3,1,0.25,0.25,700,"FiberMargin",6000,3,0.75,0.974833333333333,0.224833333333333,0.899333333333333,0.923204253388942,0.937083408095953,0.857692307692308,0.857692307692308,0.992799539170507,0.906666666666667,0.991875,0.946666666666667,0.0157777777777778,0.952380952380952,0.2485,0,0.0260000000000034,13.3538461538462
"gradient_A-B-C","strong","mixture",2,"gradient",3,1,0.25,0.25,701,"FiberMargin",6000,3,0.75,0.971666666666667,0.221666666666667,0.886666666666667,0.929881783726828,0.942339863550078,0.832449628844115,0.822064056939502,0.998248686514886,0.8875,0.992708333333333,0.948666666666667,0.0206666666666667,0.938654353562005,0.252666666666667,0,0.0259999999999962,12.1921708185053
"gradient_A-B-C","strong","mixture",3,"gradient",3,3,0.25,0.25,702,"FiberMargin",6000,3,0.750166666666667,0.964666666666667,0.2145,0.858572381587725,0.922178646011549,0.932685929480663,0.859756097560976,0.792727272727273,0.99684089603676,0.886666666666667,0.984166666666667,0.930620413609073,0.0239946678515885,0.92814371257485,0.2505,0,0.027000000000001,12.6618181818182
"gradient_A-B-C","uniform","mixture",1,"gradient",3,1,0.05,0.05,703,"FiberMargin",6000,3,0.95,0.991166666666667,0.0411666666666667,0.823333333333333,0.971943226300986,0.992,0.988666666666667,0.997333333333333,0.997333333333333,0.956666666666667,0.999791666666667,0.933333333333333,0.00578947368421053,0.894568690095847,0.0521666666666667,0,0.0300000000000011,1
"gradient_A-B-C","uniform","mixture",2,"gradient",3,1,0.05,0.05,704,"FiberMargin",6000,3,0.95,0.990666666666667,0.0406666666666667,0.813333333333334,0.970368009221498,0.991,0.988666666666667,0.994666666666667,0.994666666666667,0.955,0.999583333333333,0.933333333333333,0.00631578947368421,0.886075949367089,0.0526666666666667,0,0.036999999999999,1
"gradient_A-B-C","uniform","mixture",3,"gradient",3,3,0.05,0.05,705,"FiberMargin",6000,3,0.95,0.984833333333333,0.0348333333333334,0.696666666666667,0.952084896753805,0.985444444444444,0.982666666666667,0.990666666666667,0.990666666666667,0.93,0.998541666666667,0.873333333333333,0.00929824561403509,0.831746031746032,0.0525,0,0.0549999999999997,1
"gradient_A-B-C","uniform","mixture",1,"gradient",3,1,0.25,0.25,706,"FiberMargin",6000,3,0.75,0.968166666666667,0.218166666666667,0.872666666666666,0.90083165787848,0.968888888888889,0.966,0.971333333333333,0.971333333333333,0.875,0.991458333333333,0.92,0.0157777777777778,0.951068228807719,0.241833333333333,0,0.0249999999999986,1
"gradient_A-B-C","uniform","mixture",2,"gradient",3,1,0.25,0.25,707,"FiberMargin",6000,3,0.75,0.962333333333333,0.212333333333333,0.849333333333333,0.88326225244546,0.966444444444444,0.95,0.975333333333333,0.975333333333333,0.84,0.992916666666667,0.912666666666667,0.0211111111111111,0.935109289617486,0.244,0,0.027000000000001,1
"gradient_A-B-C","uniform","mixture",3,"gradient",3,3,0.25,0.25,708,"FiberMargin",6000,3,0.75,0.950166666666667,0.200166666666667,0.800666666666667,0.847225649741981,0.951666666666667,0.945666666666667,0.947333333333333,0.947333333333333,0.824166666666667,0.981666666666667,0.868,0.0224444444444444,0.928011404133999,0.233833333333333,0,0.0260000000000034,1
