"dataset","scenario_id","noise","mechanism","replicate","method","observations","accuracy","ari","macro_recall","worst_recall","boundary_accuracy","sparse_region_accuracy","correction_recall","damage_rate","changed_fraction","seconds"
"DLPFC","DLPFC_interface_band_05_r1",0.05,"interface_band",1,"Initial",47329,0.949988379217816,0.91054206833254,0.936597068073508,0.881026219340288,0.839397496087637,0.893912424350303,0,0,0,0
"DLPFC","DLPFC_interface_band_05_r1",0.05,"interface_band",1,"SpaGCN refine",47329,0.972511567960447,0.950532216014138,0.963456705352474,0.927826332111644,0.876858372456964,0.935208259166963,0.484579636670891,0.00180152128464036,0.0259460373132752,0.0560000000000009
"DLPFC","DLPFC_interface_band_05_r1",0.05,"interface_band",1,"GraphST refine",47329,0.946755688901097,0.904243787305251,0.906189285499406,0.686144156752974,0.769464006259781,0.705233179067284,0.838191803971272,0.0475290245095859,0.0871558663821336,0.250999999999998
"DLPFC","DLPFC_interface_band_05_r1",0.05,"interface_band",1,"Potts-like ICM",47329,0.972976399247818,0.950631465380858,0.962665264675515,0.914625612316305,0.877053990610329,0.922036311854753,0.515842839036755,0.00295805346737245,0.0286082528682203,0.120999999999999
"DLPFC","DLPFC_interface_band_05_r2",0.05,"interface_band",2,"Initial",47329,0.949988379217816,0.910516554495783,0.937766679740485,0.88553707358331,0.839299687010955,0.901388394446422,0,0,0,0
"DLPFC","DLPFC_interface_band_05_r2",0.05,"interface_band",2,"SpaGCN refine",47329,0.972088994062837,0.949079759722191,0.96422243684758,0.930645616013533,0.875782472613459,0.938056247775009,0.477820025348542,0.00189048529869668,0.025692492974709,0.0570000000000022
"DLPFC","DLPFC_interface_band_05_r2",0.05,"interface_band",2,"GraphST refine",47329,0.947030361934543,0.90392413880323,0.908324894993479,0.70888733379986,0.769464006259781,0.718049127803489,0.840726658217153,0.0473733374849873,0.0871769950770141,0.247999999999998
"DLPFC","DLPFC_interface_band_05_r2",0.05,"interface_band",2,"Potts-like ICM",47329,0.97263834012973,0.949596452465923,0.963227666516623,0.925288976599944,0.876858372456964,0.922748309006764,0.508238276299113,0.00291357146034429,0.02818567897061,0.123000000000001
"DLPFC","DLPFC_interface_band_05_r3",0.05,"interface_band",3,"Initial",47329,0.949988379217816,0.909895191621823,0.938009287376998,0.88807442909501,0.840864632237872,0.901744393022428,0,0,0,0
"DLPFC","DLPFC_interface_band_05_r3",0.05,"interface_band",3,"SpaGCN refine",47329,0.971962221893554,0.949257835380472,0.963956197022465,0.929235974062588,0.874706572769953,0.942328230687077,0.476552598225602,0.00195720830923891,0.025692492974709,0.0519999999999996
"DLPFC","DLPFC_interface_band_05_r3",0.05,"interface_band",3,"GraphST refine",47329,0.94650214456253,0.903732069933315,0.906979660009356,0.690342897130861,0.769072769953052,0.709861160555358,0.828474862695395,0.047284373470931,0.0864586194510765,0.289999999999999
"DLPFC","DLPFC_interface_band_05_r3",0.05,"interface_band",3,"Potts-like ICM",47329,0.973483487924951,0.95153195130598,0.964692069269489,0.928390188892021,0.879107981220657,0.935208259166963,0.5099281791297,0.00211289533383746,0.0275095607344334,0.124000000000002
"DLPFC","DLPFC_interface_band_10_r1",0.1,"interface_band",1,"Initial",47329,0.899976758435631,0.829042506064838,0.873888581838011,0.769100648435297,0.687010954616588,0.793520825916696,0,0,0,0
"DLPFC","DLPFC_interface_band_10_r1",0.1,"interface_band",1,"SpaGCN refine",47329,0.940311436962539,0.895833286538807,0.921226538314227,0.84719481251762,0.753325508607199,0.862940548237807,0.438318546683566,0.00389717102946355,0.0473494052272391,0.0539999999999949
"DLPFC","DLPFC_interface_band_10_r1",0.1,"interface_band",1,"GraphST refine",47329,0.945044264615775,0.900548603077399,0.906689666247325,0.716585024492652,0.764084507042254,0.731577073691705,0.835023236163921,0.0427280197206245,0.122250628578673,0.253999999999998
"DLPFC","DLPFC_interface_band_10_r1",0.1,"interface_band",1,"Potts-like ICM",47329,0.94850937057618,0.909635354203433,0.928253282620991,0.84465745700592,0.773963223787167,0.850124599501602,0.517955217574989,0.00363892475642681,0.0550825075535084,0.128
"DLPFC","DLPFC_interface_band_10_r2",0.1,"interface_band",2,"Initial",47329,0.899976758435631,0.829854631811219,0.873512940383972,0.758669297998308,0.687793427230047,0.797436810252759,0,0,0,0
"DLPFC","DLPFC_interface_band_10_r2",0.1,"interface_band",2,"SpaGCN refine",47329,0.939487417862199,0.894098367604491,0.919896098572516,0.827741753594587,0.75127151799687,0.859736561053756,0.423320659062104,0.00314590914426576,0.0451942783494264,0.0599999999999952
"DLPFC","DLPFC_interface_band_10_r2",0.1,"interface_band",2,"GraphST refine",47329,0.942572207314754,0.896677721204797,0.901440475491134,0.704338698390483,0.754988262910798,0.72125311498754,0.821292775665399,0.0439488202840709,0.121997084240106,0.256999999999998
"DLPFC","DLPFC_interface_band_10_r2",0.1,"interface_band",2,"Potts-like ICM",47329,0.948086796678569,0.908171483482398,0.927209192964905,0.83958274598252,0.773376369327074,0.855464578141687,0.518377693282636,0.00415541730250029,0.0555895962306408,0.124000000000002
"DLPFC","DLPFC_interface_band_10_r3",0.1,"interface_band",3,"Initial",47329,0.899976758435631,0.827409138825354,0.875649966856168,0.783764870538838,0.688184663536776,0.808828764684941,0,0,0,0
"DLPFC","DLPFC_interface_band_10_r3",0.1,"interface_band",3,"SpaGCN refine",47329,0.940691753470388,0.894861673789196,0.924357008151195,0.857242827151854,0.756846635367762,0.883944464222143,0.438952260245036,0.00354501702077709,0.0470958608886729,0.0549999999999997
"DLPFC","DLPFC_interface_band_10_r3",0.1,"interface_band",3,"GraphST refine",47329,0.944220245515434,0.900697625193894,0.90612644293719,0.689293212036389,0.763595461658842,0.742257030971876,0.832699619771863,0.0433853738701726,0.122715459866044,0.259
"DLPFC","DLPFC_interface_band_10_r3",0.1,"interface_band",3,"Potts-like ICM",47329,0.94893194447379,0.909452404781345,0.931190307952479,0.857592722183345,0.776408450704225,0.872552509789961,0.524503591043515,0.00389717102946355,0.0559699127384901,0.134
"DLPFC","DLPFC_interface_band_15_r1",0.15,"interface_band",1,"Initial",47329,0.850007395043208,0.753433686181808,0.811923182692216,0.660558218212574,0.542449139280125,0.694197223211107,0,0,0,0
"DLPFC","DLPFC_interface_band_15_r1",0.15,"interface_band",1,"SpaGCN refine",47329,0.902512201821294,0.834119299474506,0.873365559802781,0.759515083168875,0.633411580594679,0.783552865788537,0.377658825186646,0.00487198608003977,0.0607872551712481,0.0529999999999973
"DLPFC","DLPFC_interface_band_15_r1",0.15,"interface_band",1,"GraphST refine",47329,0.940691753470388,0.894003901405492,0.898188337190816,0.662351294611617,0.748826291079812,0.714133143467426,0.824341456543175,0.0387770320656227,0.157303133385451,0.246000000000002
"DLPFC","DLPFC_interface_band_15_r1",0.15,"interface_band",1,"Potts-like ICM",47329,0.921675928077923,0.86456799041396,0.888396616403333,0.741077676696991,0.67566510172144,0.768956924172303,0.51711508663192,0.00693512304250559,0.0834583447780431,0.119
"DLPFC","DLPFC_interface_band_15_r2",0.15,"interface_band",2,"Initial",47329,0.850007395043208,0.751612280165965,0.813024607001081,0.657457005920496,0.549784820031299,0.695977216091136,0,0,0,0
"DLPFC","DLPFC_interface_band_15_r2",0.15,"interface_band",2,"SpaGCN refine",47329,0.903146062667709,0.834179867782436,0.874571754815976,0.749929517902453,0.637128325508607,0.780348878604486,0.383293421608677,0.00512055679840915,0.0618436899152739,0.0519999999999996
"DLPFC","DLPFC_interface_band_15_r2",0.15,"interface_band",2,"GraphST refine",47329,0.942846880348201,0.896900311038441,0.904671952121469,0.727431770468859,0.757629107981221,0.717693129227483,0.83420200028173,0.0379816057668407,0.157852479452344,0.246000000000002
"DLPFC","DLPFC_interface_band_15_r2",0.15,"interface_band",2,"Potts-like ICM",47329,0.923345094973483,0.865884705723838,0.891510072102509,0.750211446292642,0.678501564945227,0.769312922748309,0.526553035638822,0.00663683818046234,0.0846204229964715,0.124000000000002
"DLPFC","DLPFC_interface_band_15_r3",0.15,"interface_band",3,"Initial",47329,0.850007395043208,0.751957689178179,0.811945784581319,0.662249788553707,0.550469483568075,0.705945176219295,0,0,0,0
"DLPFC","DLPFC_interface_band_15_r3",0.15,"interface_band",3,"SpaGCN refine",47329,0.902660102685457,0.834751622900203,0.872247546469364,0.758669297998308,0.638888888888889,0.786756852972588,0.3783631497394,0.0048222719363659,0.0608506412558896,0.0579999999999998
"DLPFC","DLPFC_interface_band_15_r3",0.15,"interface_band",3,"GraphST refine",47329,0.94115658475776,0.895009122614175,0.899864785674285,0.685444366689993,0.754792644757433,0.723033107867569,0.829271728412452,0.0391001739995029,0.158211667265313,0.244999999999997
"DLPFC","DLPFC_interface_band_15_r3",0.15,"interface_band",3,"Potts-like ICM",47329,0.923978955819899,0.867913556526178,0.891717295427852,0.763121063680896,0.684467918622848,0.787824848700605,0.524721791801662,0.00556798409147402,0.0834372160831625,0.125999999999998
"DLPFC","DLPFC_interface_band_25_r1",0.25,"interface_band",1,"Initial",47329,0.74998415347884,0.621103232677843,0.691904215869646,0.455314350155061,0.304870892018779,0.511925952296191,0,0,0,0
"DLPFC","DLPFC_interface_band_25_r1",0.25,"interface_band",1,"SpaGCN refine",47329,0.805594878404361,0.696101583862659,0.754126149522786,0.53171694389625,0.400625978090767,0.587753648985404,0.252514155328319,0.0100292990759522,0.0706543556804496,0.054000000000002
"DLPFC","DLPFC_interface_band_25_r1",0.25,"interface_band",1,"GraphST refine",47329,0.938367597033531,0.890742530324382,0.903750281852681,0.719734079776067,0.754499217527387,0.752224991100036,0.837234851685963,0.0279186387198558,0.230915506349173,0.247999999999998
"DLPFC","DLPFC_interface_band_25_r1",0.25,"interface_band",1,"Potts-like ICM",47329,0.871114961228845,0.787268291503114,0.814655540388498,0.568649563010995,0.548415492957746,0.597365610537558,0.517789233499535,0.0110998422357449,0.137801348010733,0.119
"DLPFC","DLPFC_interface_band_25_r2",0.25,"interface_band",2,"Initial",47329,0.74998415347884,0.619575500310965,0.691525806851446,0.466591485762616,0.30027386541471,0.507653969384122,0,0,0,0
"DLPFC","DLPFC_interface_band_25_r2",0.25,"interface_band",2,"SpaGCN refine",47329,0.803651038475353,0.693442272545855,0.749361085836952,0.540456723992106,0.388204225352113,0.565325738697045,0.244908307276261,0.0100856434527834,0.0687950305309641,0.054000000000002
"DLPFC","DLPFC_interface_band_25_r2",0.25,"interface_band",2,"GraphST refine",47329,0.940649496080627,0.894182351288116,0.904845513278732,0.684394681595521,0.759780907668232,0.728017087931648,0.844249133778416,0.0272143340094659,0.231887426313677,0.249000000000002
"DLPFC","DLPFC_interface_band_25_r2",0.25,"interface_band",2,"Potts-like ICM",47329,0.871410762957172,0.789096448588764,0.816503392864686,0.564730580825752,0.548317683881064,0.611961552153791,0.515422969661117,0.00991661032228983,0.136301210674217,0.126000000000005
"DLPFC","DLPFC_interface_band_25_r3",0.25,"interface_band",3,"Initial",47329,0.74998415347884,0.618035898766442,0.69144415098387,0.450521567521849,0.295481220657277,0.502313990744037,0,0,0,0
"DLPFC","DLPFC_interface_band_25_r3",0.25,"interface_band",3,"SpaGCN refine",47329,0.805235690591392,0.693639284638404,0.751747002231215,0.52917958838455,0.38976917057903,0.572089711641153,0.24871123130229,0.00924047780031553,0.0691119609541719,0.0530000000000115
"DLPFC","DLPFC_interface_band_25_r3",0.25,"interface_band",3,"GraphST refine",47329,0.940248050877897,0.892135673876532,0.903943724204388,0.713785864240728,0.757237871674491,0.742969028123888,0.841122285134792,0.0267072346179851,0.230873248959412,0.247
"DLPFC","DLPFC_interface_band_25_r3",0.25,"interface_band",3,"Potts-like ICM",47329,0.872509455090959,0.790417479921586,0.812023957873201,0.561883281646462,0.547437402190923,0.568529725881097,0.520831572720358,0.010254676583277,0.137906991485136,0.11999999999999
"DLPFC","DLPFC_interface_band_40_r1",0.4,"interface_band",1,"Initial",47329,0.600054934606689,0.465632539814581,0.519672831898708,0.212855934592613,0.069933489827856,0.282306870772517,0,0,0,0
"DLPFC","DLPFC_interface_band_40_r1",0.4,"interface_band",1,"SpaGCN refine",47329,0.630776056962961,0.505493830112051,0.541888886259011,0.212574006202425,0.0916471048513302,0.283374866500534,0.125204712346136,0.0322535211267606,0.0694922774620212,0.054000000000002
"DLPFC","DLPFC_interface_band_40_r1",0.4,"interface_band",1,"GraphST refine",47329,0.884109108580363,0.806033248261781,0.856732056309458,0.729181245626312,0.720559467918623,0.770736917052332,0.7719900681494,0.0411619718309859,0.334213695620022,0.246000000000009
"DLPFC","DLPFC_interface_band_40_r1",0.4,"interface_band",1,"Potts-like ICM",47329,0.704156014282998,0.587450001458997,0.610730791831516,0.269769069279216,0.277582159624413,0.338910644357423,0.296793280152148,0.024330985915493,0.133300936001183,0.126999999999995
"DLPFC","DLPFC_interface_band_40_r2",0.4,"interface_band",2,"Initial",47329,0.600054934606689,0.466703251231186,0.51972295225978,0.202424584155624,0.0695422535211268,0.276966892132431,0,0,0,0
"DLPFC","DLPFC_interface_band_40_r2",0.4,"interface_band",2,"SpaGCN refine",47329,0.629339305711086,0.504613918029185,0.541913387693081,0.19594023118128,0.0932120500782473,0.289426842292631,0.120925563949495,0.0317957746478873,0.067485051448372,0.0550000000000068
"DLPFC","DLPFC_interface_band_40_r2",0.4,"interface_band",2,"GraphST refine",47329,0.880031270468423,0.802051718443031,0.853828109859285,0.754373687893632,0.7195813771518,0.742613029547882,0.765967562998574,0.043943661971831,0.333769993027531,0.247
"DLPFC","DLPFC_interface_band_40_r2",0.4,"interface_band",2,"Potts-like ICM",47329,0.699866889222253,0.582548998468826,0.607911997110826,0.235128277417536,0.271713615023474,0.307938768244927,0.286068994664272,0.024330985915493,0.129011810940438,0.120999999999995
"DLPFC","DLPFC_interface_band_40_r3",0.4,"interface_band",3,"Initial",47329,0.600054934606689,0.465708218784285,0.519482178267482,0.208345080349591,0.0731611893583725,0.284442862228551,0,0,0,0
"DLPFC","DLPFC_interface_band_40_r3",0.4,"interface_band",3,"SpaGCN refine",47329,0.629930909167741,0.504492881332303,0.541758851841042,0.206935438398647,0.094679186228482,0.295834816660733,0.120767076971842,0.0307042253521127,0.0667666758224345,0.061000000000007
"DLPFC","DLPFC_interface_band_40_r3",0.4,"interface_band",3,"GraphST refine",47329,0.881446893025418,0.800314463802047,0.855763834492132,0.74702589223233,0.719776995305164,0.76753292986828,0.76866184161868,0.0433802816901408,0.334594012127871,0.245000000000005
"DLPFC","DLPFC_interface_band_40_r3",0.4,"interface_band",3,"Potts-like ICM",47329,0.700014790086416,0.58139773476625,0.60879344172344,0.264166901606992,0.278951486697966,0.329298682805269,0.285329388768556,0.0235915492957746,0.128314564009381,0.121000000000009
"DLPFC","DLPFC_layer_mix_05_r1",0.05,"layer_mix",1,"Initial",47329,0.949967250522935,0.904998876525928,0.949982395461425,0.949846798903403,0.94933489827856,0.950160199359203,0,0,0,0
"DLPFC","DLPFC_layer_mix_05_r1",0.05,"layer_mix",1,"SpaGCN refine",47329,0.992351412453253,0.98631426702236,0.99018225861168,0.982505248425472,0.967331768388106,0.985760056959772,0.861486486486487,0.000756210938368809,0.0439476853514758,0.054000000000002
"DLPFC","DLPFC_layer_mix_05_r1",0.05,"layer_mix",1,"GraphST refine",47329,0.94810792537345,0.905852057672861,0.908554837446265,0.698740377886634,0.775723787167449,0.709149163403346,0.941300675675676,0.0515335513000156,0.0972553825350208,0.25
"DLPFC","DLPFC_layer_mix_05_r1",0.05,"layer_mix",1,"Potts-like ICM",47329,0.991147076845063,0.984402403787642,0.987662515497535,0.975157452764171,0.96028951486698,0.974012103951584,0.847550675675676,0.00129000689486444,0.0436941410129096,0.116
"DLPFC","DLPFC_layer_mix_05_r2",0.05,"layer_mix",2,"Initial",47329,0.949967250522935,0.905090365446702,0.949982395461425,0.949846798903403,0.948650234741784,0.950160199359203,0,0,0,0
"DLPFC","DLPFC_layer_mix_05_r2",0.05,"layer_mix",2,"SpaGCN refine",47329,0.992372541148133,0.986633687966262,0.990124445723435,0.982802368198478,0.96830985915493,0.980420078319687,0.860641891891892,0.000689486443806855,0.0438420418770733,0.054000000000002
"DLPFC","DLPFC_layer_mix_05_r2",0.05,"layer_mix",2,"GraphST refine",47329,0.948234697542733,0.907214693131816,0.909730506631491,0.707137858642407,0.774647887323944,0.724457102171591,0.947212837837838,0.0517114832855141,0.0978258572967948,0.24799999999999
"DLPFC","DLPFC_layer_mix_05_r2",0.05,"layer_mix",2,"Potts-like ICM",47329,0.990470958608887,0.983582467108329,0.98666913170794,0.971658502449265,0.957257433489828,0.970452118191527,0.842483108108108,0.0017348368586108,0.0437997844873122,0.119
"DLPFC","DLPFC_layer_mix_05_r3",0.05,"layer_mix",3,"Initial",47329,0.949967250522935,0.904625763840765,0.949982395461425,0.949846798903403,0.947769953051643,0.950160199359203,0,0,0,0
"DLPFC","DLPFC_layer_mix_05_r3",0.05,"layer_mix",3,"SpaGCN refine",47329,0.992773986350863,0.987074387573151,0.990716561200187,0.980405878236529,0.969287949921753,0.981488074047704,0.868665540540541,0.000689486443806855,0.0442434870798031,0.0550000000000068
"DLPFC","DLPFC_layer_mix_05_r3",0.05,"layer_mix",3,"GraphST refine",47329,0.948340341017135,0.906618500907945,0.90971643303948,0.704688593421973,0.774550078247261,0.711997152011392,0.951858108108108,0.051844932274638,0.0978681146865558,0.246000000000009
"DLPFC","DLPFC_layer_mix_05_r3",0.05,"layer_mix",3,"Potts-like ICM",47329,0.990555473388409,0.983285446435787,0.98683735451557,0.967109867039888,0.957453051643192,0.970096119615522,0.842483108108108,0.00164587086586152,0.0437363984026707,0.119
"DLPFC","DLPFC_layer_mix_10_r1",0.1,"layer_mix",1,"Initial",47329,0.900040144520273,0.814010382351437,0.900090880151186,0.899849680571214,0.899452269170579,0.900320398718405,0,0,0,0
"DLPFC","DLPFC_layer_mix_10_r1",0.1,"layer_mix",1,"SpaGCN refine",47329,0.981258847640981,0.965125583060873,0.977590409033051,0.962911126662001,0.935543818466354,0.959416162335351,0.828366095962799,0.00176064603972017,0.0847894525555156,0.0549999999999926
"DLPFC","DLPFC_layer_mix_10_r1",0.1,"layer_mix",1,"GraphST refine",47329,0.944368146379598,0.8995822520801,0.905893862193752,0.718334499650105,0.759585289514867,0.719473122107512,0.940393151553583,0.0551903845250951,0.146337340742462,0.247
"DLPFC","DLPFC_layer_mix_10_r1",0.1,"layer_mix",1,"Potts-like ICM",47329,0.981765936318114,0.96745845844476,0.97547077750353,0.946815955213436,0.918720657276995,0.946956212175151,0.837243711688861,0.00218320108925302,0.0856768577404974,0.11999999999999
"DLPFC","DLPFC_layer_mix_10_r2",0.1,"layer_mix",2,"Initial",47329,0.900040144520273,0.814463737102194,0.900090880151186,0.899849680571214,0.900430359937402,0.900320398718405,0,0,0,0
"DLPFC","DLPFC_layer_mix_10_r2",0.1,"layer_mix",2,"SpaGCN refine",47329,0.97996999725327,0.963604946642922,0.97608007163412,0.961161651504549,0.933098591549296,0.963332146671413,0.818431621221729,0.00208929996713461,0.0841344630142196,0.0529999999999973
"DLPFC","DLPFC_layer_mix_10_r2",0.1,"layer_mix",2,"GraphST refine",47329,0.944663948107925,0.900317020650812,0.906270361199007,0.705388383484954,0.759487480438185,0.705945176219295,0.943775100401606,0.0552373350861543,0.14623169726806,0.245999999999995
"DLPFC","DLPFC_layer_mix_10_r2",0.1,"layer_mix",2,"Potts-like ICM",47329,0.982758984977498,0.96905136985757,0.976568133465247,0.947515745276417,0.9231220657277,0.951940192239231,0.846121327414923,0.002065824686605,0.0865008768408375,0.11699999999999
"DLPFC","DLPFC_layer_mix_10_r3",0.1,"layer_mix",3,"Initial",47329,0.900040144520273,0.814708564153326,0.900090880151186,0.899849680571214,0.89906103286385,0.900320398718405,0,0,0,0
"DLPFC","DLPFC_layer_mix_10_r3",0.1,"layer_mix",3,"SpaGCN refine",47329,0.979906611168628,0.96358864366326,0.975836236237618,0.962911126662001,0.93114241001565,0.96440014239943,0.81568378778271,0.00185454716183858,0.0836273743370872,0.0519999999999925
"DLPFC","DLPFC_layer_mix_10_r3",0.1,"layer_mix",3,"GraphST refine",47329,0.944177988125673,0.900467462662041,0.905841306874148,0.712736179146256,0.758509389671362,0.72623709505162,0.944197844007609,0.0558242170993943,0.146675399860551,0.260999999999996
"DLPFC","DLPFC_layer_mix_10_r3",0.1,"layer_mix",3,"Potts-like ICM",47329,0.981934965877158,0.968009892549466,0.975251850569038,0.947865640307908,0.919307511737089,0.949804200783197,0.841048404142887,0.00241795389454904,0.0863107185869129,0.120999999999995
"DLPFC","DLPFC_layer_mix_15_r1",0.15,"layer_mix",1,"Initial",47329,0.850028523738089,0.729775175191603,0.850000961123589,0.84973216802932,0.853677621283255,0.849768600925596,0,0,0,0
"DLPFC","DLPFC_layer_mix_15_r1",0.15,"layer_mix",1,"SpaGCN refine",47329,0.960975300555685,0.928750468124859,0.955465205175349,0.938418474457663,0.897300469483568,0.933072267710929,0.760214144829529,0.00360418582684994,0.117961503517928,0.054000000000002
"DLPFC","DLPFC_layer_mix_15_r1",0.15,"layer_mix",1,"GraphST refine",47329,0.941938346468339,0.896987555732278,0.905680758261108,0.741427571728482,0.751956181533646,0.733713065147739,0.944068751761059,0.0584375233029256,0.194658665934205,0.251999999999995
"DLPFC","DLPFC_layer_mix_15_r1",0.15,"layer_mix",1,"Potts-like ICM",47329,0.973483487924951,0.952729638651755,0.962859313159565,0.919174247725682,0.885269953051643,0.922392310430758,0.839250493096647,0.0028336357535234,0.128441336178664,0.126000000000005
"DLPFC","DLPFC_layer_mix_15_r2",0.15,"layer_mix",2,"Initial",47329,0.850028523738089,0.728607045762335,0.850000961123589,0.84973216802932,0.84419014084507,0.849768600925596,0,0,0,0
"DLPFC","DLPFC_layer_mix_15_r2",0.15,"layer_mix",2,"SpaGCN refine",47329,0.958165184136576,0.923018195599508,0.952416739471438,0.932337186354666,0.889475743348983,0.938412246351015,0.747252747252747,0.00462330043995924,0.116545880960933,0.0530000000000115
"DLPFC","DLPFC_layer_mix_15_r2",0.15,"layer_mix",2,"GraphST refine",47329,0.942593336009635,0.896787341714622,0.906959061457303,0.73442967109867,0.753618935837246,0.742969028123888,0.946463792617639,0.0580895329472297,0.194595279849564,0.245000000000005
"DLPFC","DLPFC_layer_mix_15_r2",0.15,"layer_mix",2,"Potts-like ICM",47329,0.97263834012973,0.949757601064986,0.96177073137249,0.913575927221833,0.882824726134585,0.919188323246707,0.83403775711468,0.00290820511545823,0.127659574468085,0.128
"DLPFC","DLPFC_layer_mix_15_r3",0.15,"layer_mix",3,"Initial",47329,0.850028523738089,0.728957825646112,0.850000961123589,0.84973216802932,0.849960876369327,0.849768600925596,0,0,0,0
"DLPFC","DLPFC_layer_mix_15_r3",0.15,"layer_mix",3,"SpaGCN refine",47329,0.961947220520188,0.929562431823811,0.956052427579055,0.934569629111267,0.897007042253521,0.940904236383054,0.764440687517611,0.00320648256319753,0.118088275687211,0.0550000000000068
"DLPFC","DLPFC_layer_mix_15_r3",0.15,"layer_mix",3,"GraphST refine",47329,0.940987555198715,0.894726710596214,0.903758575421761,0.719384184744577,0.747261345852895,0.726593093627625,0.941251056635672,0.0590589346523825,0.194722052018847,0.25200000000001
"DLPFC","DLPFC_layer_mix_15_r3",0.15,"layer_mix",3,"Potts-like ICM",47329,0.97344123053519,0.951217625018704,0.963113925266813,0.91777466759972,0.882922535211268,0.92310430758277,0.836996336996337,0.00248564539782755,0.127765217942488,0.120000000000005
"DLPFC","DLPFC_layer_mix_25_r1",0.25,"layer_mix",1,"Initial",47329,0.75000528217372,0.577555177429711,0.750043579627315,0.749879051765844,0.754401408450704,0.749733001067996,0,0,0,0
"DLPFC","DLPFC_layer_mix_25_r1",0.25,"layer_mix",1,"SpaGCN refine",47329,0.890067400536669,0.803036421845497,0.883224911123471,0.85945133408493,0.807609546165884,0.862228551085796,0.589503042596349,0.00974730258895118,0.156479114285111,0.0529999999999973
"DLPFC","DLPFC_layer_mix_25_r1",0.25,"layer_mix",1,"GraphST refine",47329,0.928754040862896,0.876269698804128,0.893498697250338,0.741077676696991,0.711365414710485,0.74439302242791,0.929090601757945,0.071358142941657,0.291723890215301,0.245999999999995
"DLPFC","DLPFC_layer_mix_25_r1",0.25,"layer_mix",1,"Potts-like ICM",47329,0.948741786219865,0.910567862837454,0.928021052540709,0.84184744576627,0.800567292644757,0.848344606621574,0.814824205544287,0.00662027776995239,0.209026178452957,0.125999999999991
"DLPFC","DLPFC_layer_mix_25_r2",0.25,"layer_mix",2,"Initial",47329,0.75000528217372,0.577231900321815,0.750043579627315,0.749879051765844,0.747750391236307,0.749733001067996,0,0,0,0
"DLPFC","DLPFC_layer_mix_25_r2",0.25,"layer_mix",2,"SpaGCN refine",47329,0.89053223182404,0.803080768712634,0.884131859067392,0.865750996898538,0.805457746478873,0.871128515485938,0.589418526031102,0.00909936050933882,0.156162183861903,0.054000000000002
"DLPFC","DLPFC_layer_mix_25_r2",0.25,"layer_mix",2,"GraphST refine",47329,0.929113228675865,0.876263437494979,0.893577672416912,0.735829251224633,0.712050078247261,0.727661089355643,0.931203515889114,0.0715835140997831,0.29250565192588,0.246000000000009
"DLPFC","DLPFC_layer_mix_25_r2",0.25,"layer_mix",2,"Potts-like ICM",47329,0.946924718460141,0.907627681477251,0.92591043198733,0.837298810356893,0.795676838810642,0.846564613741545,0.804006085192698,0.00543707918979069,0.205434300323269,0.120000000000005
"DLPFC","DLPFC_layer_mix_25_r3",0.25,"layer_mix",3,"Initial",47329,0.75000528217372,0.577080426622596,0.750043579627315,0.749879051765844,0.745011737089202,0.749733001067996,0,0,0,0
"DLPFC","DLPFC_layer_mix_25_r3",0.25,"layer_mix",3,"SpaGCN refine",47329,0.888313718861586,0.799129199458565,0.881433342918807,0.858136039083051,0.800567292644757,0.850836596653613,0.584178498985801,0.0103107304842663,0.15603541169262,0.054000000000002
"DLPFC","DLPFC_layer_mix_25_r3",0.25,"layer_mix",3,"GraphST refine",47329,0.929070971286104,0.877477264884687,0.894355533241876,0.755423372988104,0.710191705790297,0.73940904236383,0.926977687626775,0.0702312871510268,0.291512603266496,0.245999999999995
"DLPFC","DLPFC_layer_mix_25_r3",0.25,"layer_mix",3,"Potts-like ICM",47329,0.945593610682668,0.904909154655992,0.923977376759314,0.843596920923723,0.790395148669797,0.840156639373443,0.800709939148073,0.0061131926641688,0.205223013374464,0.13900000000001
"DLPFC","DLPFC_layer_mix_40_r1",0.4,"layer_mix",1,"Initial",47329,0.599949291132287,0.406374626039869,0.599889166261098,0.599661685931773,0.60348200312989,0.599501601993592,0,0,0,0
"DLPFC","DLPFC_layer_mix_40_r1",0.4,"layer_mix",1,"SpaGCN refine",47329,0.712734264404488,0.535770018253565,0.708180703016611,0.648252536640361,0.658450704225352,0.695977216091136,0.335269884863209,0.0355696425427012,0.161486614971793,0.0550000000000068
"DLPFC","DLPFC_layer_mix_40_r1",0.4,"layer_mix",1,"GraphST refine",47329,0.870375456908027,0.785817848398619,0.836531696105056,0.755773268019594,0.635074334898279,0.719829120683517,0.8699693672758,0.129353759464694,0.439899427412369,0.247
"DLPFC","DLPFC_layer_mix_40_r1",0.4,"layer_mix",1,"Potts-like ICM",47329,0.836865346827526,0.734501335533846,0.800021302378446,0.698040587823653,0.648474178403756,0.692061231755073,0.632248864476603,0.0266948406409579,0.270447294470621,0.120999999999995
"DLPFC","DLPFC_layer_mix_40_r2",0.4,"layer_mix",2,"Initial",47329,0.599949291132287,0.405756961207176,0.599889166261098,0.599661685931773,0.604362284820031,0.599501601993592,0,0,0,0
"DLPFC","DLPFC_layer_mix_40_r2",0.4,"layer_mix",2,"SpaGCN refine",47329,0.713854085233155,0.536883368729038,0.708840608032523,0.653513716647877,0.652679968701095,0.696333214667141,0.337805006865955,0.0353935552033809,0.162289505377253,0.0570000000000022
"DLPFC","DLPFC_layer_mix_40_r2",0.4,"layer_mix",2,"GraphST refine",47329,0.874326522850683,0.790070683015467,0.843627259057808,0.76599943614322,0.650430359937402,0.727661089355643,0.876043097074047,0.126818101778482,0.439033150922268,0.25
"DLPFC","DLPFC_layer_mix_40_r2",0.4,"layer_mix",2,"Potts-like ICM",47329,0.84028819539817,0.734555798794183,0.807515280103646,0.688187200451085,0.652386541471048,0.705589177643289,0.637794443857611,0.0246874449727065,0.271081155317036,0.128000000000014
"DLPFC","DLPFC_layer_mix_40_r3",0.4,"layer_mix",3,"Initial",47329,0.599949291132287,0.405474395461079,0.599889166261098,0.599661685931773,0.600156494522692,0.599501601993592,0,0,0,0
"DLPFC","DLPFC_layer_mix_40_r3",0.4,"layer_mix",3,"SpaGCN refine",47329,0.71364279828435,0.536553481089132,0.709175764754524,0.654077414505825,0.656298904538341,0.693485226059096,0.337963451991127,0.0358513822856137,0.163303682731518,0.0529999999999973
"DLPFC","DLPFC_layer_mix_40_r3",0.4,"layer_mix",3,"GraphST refine",47329,0.867903399607006,0.776092655204113,0.838556131812128,0.762071378586424,0.636639280125196,0.731577073691705,0.868384916024084,0.132417679168868,0.441124891715439,0.246000000000009
"DLPFC","DLPFC_layer_mix_40_r3",0.4,"layer_mix",3,"Potts-like ICM",47329,0.835175051237085,0.727007909876608,0.800855314450875,0.685931773329574,0.644953051643192,0.723033107867569,0.626650470053871,0.0257791864764923,0.267679435441273,0.12700000000001
"DLPFC","DLPFC_spatial_patch_05_r1",0.05,"spatial_patch",1,"Initial",47329,0.949988379217816,0.90448539622281,0.950675365790683,0.921905835917677,0.954518779342723,0.953364186543254,0,0,0,0
"DLPFC","DLPFC_spatial_patch_05_r1",0.05,"spatial_patch",1,"SpaGCN refine",47329,0.952650594772761,0.90913794423269,0.953159368759205,0.923879334648999,0.953834115805947,0.955500177999288,0.13772708069286,0.00444820070281571,0.0111136935071521,0.0550000000000068
"DLPFC","DLPFC_spatial_patch_05_r1",0.05,"spatial_patch",1,"GraphST refine",47329,0.918274208202159,0.853997290058267,0.88165360402856,0.706787963610917,0.749315336463224,0.69312922748309,0.56696239966202,0.0632311729905253,0.0889729341418581,0.247000000000014
"DLPFC","DLPFC_spatial_patch_05_r1",0.05,"spatial_patch",1,"Potts-like ICM",47329,0.960468211878552,0.925224527618149,0.958577677322657,0.927544403721455,0.948650234741784,0.95122819508722,0.363329108576257,0.0080957252791246,0.0258615225337531,0.171000000000021
"DLPFC","DLPFC_spatial_patch_05_r2",0.05,"spatial_patch",2,"Initial",47329,0.949988379217816,0.908443201274369,0.950293323888689,0.930172552814062,0.960582942097027,0.966180135279459,0,0,0,0
"DLPFC","DLPFC_spatial_patch_05_r2",0.05,"spatial_patch",2,"SpaGCN refine",47329,0.954467662532485,0.916436927682298,0.954178028246791,0.937913239800032,0.961267605633803,0.96689213243147,0.169835234474018,0.00422579066767493,0.012825117792474,0.0520000000000209
"DLPFC","DLPFC_spatial_patch_05_r2",0.05,"spatial_patch",2,"GraphST refine",47329,0.925690380105221,0.868171440247722,0.887929507434077,0.706787963610917,0.757335680751174,0.709861160555358,0.685255597803126,0.0616520617410258,0.0943184939466289,0.244
"DLPFC","DLPFC_spatial_patch_05_r2",0.05,"spatial_patch",2,"Potts-like ICM",47329,0.966616662088783,0.939583124481473,0.96429213784727,0.953878406708595,0.955007824726135,0.959772160911356,0.468103084072666,0.00713936212801922,0.0305098354074669,0.117999999999995
"DLPFC","DLPFC_spatial_patch_05_r3",0.05,"spatial_patch",3,"Initial",47329,0.949988379217816,0.9055255822853,0.94773311032078,0.935969209237229,0.94679186228482,0.962264150943396,0,0,0,0
"DLPFC","DLPFC_spatial_patch_05_r3",0.05,"spatial_patch",3,"SpaGCN refine",47329,0.953136554755013,0.911501781845537,0.950597566290661,0.937368789363191,0.947476525821596,0.967248131007476,0.149556400506971,0.0045594057203861,0.0118109404382091,0.054000000000002
"DLPFC","DLPFC_spatial_patch_05_r3",0.05,"spatial_patch",3,"GraphST refine",47329,0.921718185467684,0.860147515230659,0.881202817524292,0.667249825052484,0.745011737089202,0.706301174795301,0.634136037177862,0.063142208976469,0.0925859409664265,0.246000000000009
"DLPFC","DLPFC_spatial_patch_05_r3",0.05,"spatial_patch",3,"Potts-like ICM",47329,0.963891060449196,0.931673377852906,0.958895146259169,0.934219734079776,0.943172926447574,0.961552153791385,0.42247570764681,0.00760642320181487,0.0284180946142957,0.121000000000009
"DLPFC","DLPFC_spatial_patch_10_r1",0.1,"spatial_patch",1,"Initial",47329,0.899976758435631,0.824408437151181,0.894197551659809,0.856444945509207,0.897593896713615,0.916340334638661,0,0,0,0
"DLPFC","DLPFC_spatial_patch_10_r1",0.1,"spatial_patch",1,"SpaGCN refine",47329,0.902871389634262,0.829419566208978,0.897534743959823,0.858699736941,0.898767605633803,0.925240299038804,0.126108998732573,0.0107993895997183,0.0223330304887067,0.0529999999999973
"DLPFC","DLPFC_spatial_patch_10_r1",0.1,"spatial_patch",1,"GraphST refine",47329,0.878531133131906,0.794054089483002,0.839161285280461,0.639608117564731,0.722515649452269,0.704521181915272,0.524503591043515,0.0821223148256838,0.127659574468085,0.246999999999986
"DLPFC","DLPFC_spatial_patch_10_r1",0.1,"spatial_patch",1,"Potts-like ICM",47329,0.91297090578715,0.84487290268733,0.90539778297438,0.86276407031124,0.893485915492958,0.911000355998576,0.300591465990706,0.0189693626012443,0.0471381182784339,0.126000000000005
"DLPFC","DLPFC_spatial_patch_10_r2",0.1,"spatial_patch",2,"Initial",47329,0.899976758435631,0.811823045734931,0.901826675212821,0.887114981454604,0.898474178403756,0.89747241011036,0,0,0,0
"DLPFC","DLPFC_spatial_patch_10_r2",0.1,"spatial_patch",2,"SpaGCN refine",47329,0.903462993090917,0.81745756118882,0.906210657652349,0.888888888888889,0.898180751173709,0.905304378782485,0.125686523024926,0.0100950815823453,0.0222907730989457,0.0530000000000257
"DLPFC","DLPFC_spatial_patch_10_r2",0.1,"spatial_patch",2,"GraphST refine",47329,0.882735743413129,0.789172189671068,0.855638010611925,0.700139958012596,0.725547730829421,0.710573157707369,0.529995775242924,0.0780608052588332,0.126708783198462,0.246999999999986
"DLPFC","DLPFC_spatial_patch_10_r2",0.1,"spatial_patch",2,"Potts-like ICM",47329,0.916034566544825,0.839533361995531,0.918149082297665,0.900983712304467,0.895931142410016,0.913492346030616,0.306928601605408,0.0162695152013147,0.0461873270088107,0.12299999999999
"DLPFC","DLPFC_spatial_patch_10_r3",0.1,"spatial_patch",3,"Initial",47329,0.899976758435631,0.810184614772183,0.902469770473672,0.881999248402856,0.895735524256651,0.922748309006764,0,0,0,0
"DLPFC","DLPFC_spatial_patch_10_r3",0.1,"spatial_patch",3,"SpaGCN refine",47329,0.905343446935283,0.820035977291877,0.907750066713285,0.884629838406614,0.898376369327074,0.930580277678889,0.144064216307562,0.0100481277145205,0.0234739800122546,0.054000000000002
"DLPFC","DLPFC_spatial_patch_10_r3",0.1,"spatial_patch",3,"GraphST refine",47329,0.882989287751696,0.788079706646652,0.85362002467457,0.673547935619314,0.71919014084507,0.705233179067284,0.575411913814956,0.0828266228430567,0.133089649052378,0.257999999999981
"DLPFC","DLPFC_spatial_patch_10_r3",0.1,"spatial_patch",3,"Potts-like ICM",47329,0.918929197743455,0.842020533303677,0.919731365446654,0.895404567239921,0.893779342723005,0.929512281950872,0.343895226024504,0.0171616386899871,0.0498425912231401,0.125
"DLPFC","DLPFC_spatial_patch_15_r1",0.15,"spatial_patch",1,"Initial",47329,0.850007395043208,0.717567964262568,0.858660150518759,0.818616023198954,0.857589984350548,0.888928444286223,0,0,0,0
"DLPFC","DLPFC_spatial_patch_15_r1",0.15,"spatial_patch",1,"SpaGCN refine",47329,0.853683787952418,0.72313918705932,0.862938760463954,0.821345311878092,0.855535993740219,0.888216447134211,0.105648682913086,0.0143176733780761,0.0280800354962074,0.0550000000000068
"DLPFC","DLPFC_spatial_patch_15_r1",0.15,"spatial_patch",1,"GraphST refine",47329,0.836231485981111,0.704739174063203,0.817794566236438,0.660951714485654,0.693564162754304,0.682093271626913,0.471333990702916,0.0993785732040766,0.156352342115827,0.263000000000005
"DLPFC","DLPFC_spatial_patch_15_r1",0.15,"spatial_patch",1,"Potts-like ICM",47329,0.864924253628853,0.743390145502019,0.871523624592043,0.837095581963951,0.852406103286385,0.881096475614098,0.250316946048739,0.0266219239373602,0.0602167804094741,0.124000000000024
"DLPFC","DLPFC_spatial_patch_15_r2",0.15,"spatial_patch",2,"Initial",47329,0.850007395043208,0.725382615638529,0.856171070340518,0.822948970961376,0.862284820031299,0.90815236739053,0,0,0,0
"DLPFC","DLPFC_spatial_patch_15_r2",0.15,"spatial_patch",2,"SpaGCN refine",47329,0.852902026241839,0.729565093106234,0.859174566461968,0.821539329010431,0.864632237871675,0.907796368814525,0.101141005775461,0.0144419587372608,0.0274884320395529,0.0529999999999973
"DLPFC","DLPFC_spatial_patch_15_r2",0.15,"spatial_patch",2,"GraphST refine",47329,0.8268080880644,0.696536559427882,0.804195536705741,0.685085988159008,0.691510172143975,0.717337130651477,0.43963938582899,0.10487198608004,0.156246698641425,0.253000000000014
"DLPFC","DLPFC_spatial_patch_15_r2",0.15,"spatial_patch",2,"Potts-like ICM",47329,0.862684611971518,0.745451393744934,0.867552400893126,0.817592331547787,0.857492175273865,0.909220363118547,0.248908296943231,0.0290082028337062,0.0619915907794376,0.144999999999982
"DLPFC","DLPFC_spatial_patch_15_r3",0.15,"spatial_patch",3,"Initial",47329,0.850007395043208,0.725443452646832,0.854703203845627,0.811506849315068,0.85768779342723,0.922036311854753,0,0,0,0
"DLPFC","DLPFC_spatial_patch_15_r3",0.15,"spatial_patch",3,"SpaGCN refine",47329,0.853789431426821,0.731103308660576,0.858118633635834,0.817592331547787,0.856709702660407,0.916696333214667,0.10085927595436,0.0133482475764355,0.0274673033446724,0.0529999999999973
"DLPFC","DLPFC_spatial_patch_15_r3",0.15,"spatial_patch",3,"GraphST refine",47329,0.83251283568214,0.709265000553755,0.805171307233093,0.677473921623908,0.678599374021909,0.699537201851193,0.438935061276236,0.0980362913248819,0.15523252128716,0.245999999999981
"DLPFC","DLPFC_spatial_patch_15_r3",0.15,"spatial_patch",3,"Potts-like ICM",47329,0.868093557860931,0.761395072667278,0.866089019124328,0.815618832816465,0.852014866979656,0.917764328942684,0.253556838991407,0.0234650758140691,0.0592237317500898,0.123999999999995
"DLPFC","DLPFC_spatial_patch_25_r1",0.25,"spatial_patch",1,"Initial",47329,0.74998415347884,0.577175257735532,0.750111445283451,0.681595521343597,0.727406103286385,0.825560697757209,0,0,0,0
"DLPFC","DLPFC_spatial_patch_25_r1",0.25,"spatial_patch",1,"SpaGCN refine",47329,0.752139280356652,0.579386143515672,0.753738028219397,0.687893631910427,0.731025039123631,0.83873264506942,0.0663398968985042,0.0192416046878522,0.034270743096199,0.0529999999999973
"DLPFC","DLPFC_spatial_patch_25_r1",0.25,"spatial_patch",1,"GraphST refine",47329,0.734243275792854,0.563839996188204,0.71527898538035,0.530440867739678,0.610426447574335,0.718405126379494,0.295529451533846,0.119506423258959,0.177819096114433,0.246999999999986
"DLPFC","DLPFC_spatial_patch_25_r1",0.25,"spatial_patch",1,"Potts-like ICM",47329,0.754653595047434,0.582945781891035,0.756028929783685,0.690342897130861,0.71919014084507,0.831612673549306,0.130398039381391,0.0372436330854181,0.0644847767753386,0.13300000000001
"DLPFC","DLPFC_spatial_patch_25_r2",0.25,"spatial_patch",2,"Initial",47329,0.74998415347884,0.568648329450526,0.758002238894665,0.672399210600507,0.742566510172144,0.832324670701317,0,0,0,0
"DLPFC","DLPFC_spatial_patch_25_r2",0.25,"spatial_patch",2,"SpaGCN refine",47329,0.754252149844704,0.57359982041585,0.762300443860016,0.67437270933183,0.743740219092332,0.838376646493414,0.0842558945322403,0.0223968897903989,0.0400811341883412,0.054000000000002
"DLPFC","DLPFC_spatial_patch_25_r2",0.25,"spatial_patch",2,"GraphST refine",47329,0.740328339918443,0.560814901211538,0.725360330265648,0.574570059204962,0.614827856025039,0.688501245995016,0.356122707681907,0.13159229208925,0.197975871030446,0.245000000000005
"DLPFC","DLPFC_spatial_patch_25_r2",0.25,"spatial_patch",2,"Potts-like ICM",47329,0.765872932028989,0.590875078057443,0.771439568525873,0.67691006484353,0.741588419405321,0.841936632253471,0.184737598242204,0.0403989181879648,0.07842971539648,0.131
"DLPFC","DLPFC_spatial_patch_25_r3",0.25,"spatial_patch",3,"Initial",47329,0.74998415347884,0.581143383699809,0.747816683128819,0.68198477586693,0.746576682316119,0.840512637949448,0,0,0,0
"DLPFC","DLPFC_spatial_patch_25_r3",0.25,"spatial_patch",3,"SpaGCN refine",47329,0.753470388134125,0.585103780821922,0.753227885342863,0.687623343670708,0.747261345852895,0.849768600925596,0.079607876278205,0.0218897903989182,0.0376724629719622,0.0529999999999973
"DLPFC","DLPFC_spatial_patch_25_r3",0.25,"spatial_patch",3,"GraphST refine",47329,0.741236873798305,0.571680753259931,0.719026815765269,0.594586974908373,0.61991392801252,0.714845140619437,0.347925293670244,0.127648185711066,0.190623085212026,0.246000000000009
"DLPFC","DLPFC_spatial_patch_25_r3",0.25,"spatial_patch",3,"Potts-like ICM",47329,0.762703627796911,0.597272478535863,0.760499551027081,0.68705948689033,0.741392801251956,0.85688857244571,0.182455843826587,0.0438640973630832,0.0799509814278772,0.126000000000005
"DLPFC","DLPFC_spatial_patch_40_r1",0.4,"spatial_patch",1,"Initial",47329,0.600054934606689,0.404545420269401,0.608110658722029,0.53325817361894,0.575117370892019,0.658241367034532,0,0,0,0
"DLPFC","DLPFC_spatial_patch_40_r1",0.4,"spatial_patch",1,"SpaGCN refine",47329,0.602294576264024,0.4062438540744,0.610955711148473,0.534573468620819,0.577758215962441,0.658953364186543,0.0579005758360188,0.0348591549295775,0.0493777599357688,0.0529999999999973
"DLPFC","DLPFC_spatial_patch_40_r1",0.4,"spatial_patch",1,"GraphST refine",47329,0.607365463035348,0.407483594067907,0.616726029073964,0.502630590003758,0.538634585289515,0.646493414026344,0.284801098843045,0.177640845070423,0.242895476346426,0.247000000000014
"DLPFC","DLPFC_spatial_patch_40_r1",0.4,"spatial_patch",1,"Potts-like ICM",47329,0.613936487143189,0.41802644861643,0.620599911349991,0.539270950770387,0.573552425665102,0.661089355642577,0.131227217496962,0.064330985915493,0.09681167994253,0.126000000000005
"DLPFC","DLPFC_spatial_patch_40_r2",0.4,"spatial_patch",2,"Initial",47329,0.600054934606689,0.404249247499151,0.602271043731886,0.504369890047928,0.576291079812207,0.652189391242435,0,0,0,0
"DLPFC","DLPFC_spatial_patch_40_r2",0.4,"spatial_patch",2,"SpaGCN refine",47329,0.603667941431258,0.405932612409923,0.606931933904806,0.509444601071328,0.57560641627543,0.654681381274475,0.0622853822177611,0.0354929577464789,0.0508778972722855,0.054000000000002
"DLPFC","DLPFC_spatial_patch_40_r2",0.4,"spatial_patch",2,"GraphST refine",47329,0.603076337974603,0.402612168104007,0.602255542032976,0.533972371017762,0.531201095461659,0.61623353506586,0.279465370595383,0.181232394366197,0.240634705994211,0.245000000000005
"DLPFC","DLPFC_spatial_patch_40_r2",0.4,"spatial_patch",2,"Potts-like ICM",47329,0.606245642206681,0.407284176781086,0.609785593110705,0.51395545531435,0.57560641627543,0.661445354218583,0.125310370331238,0.0732042253521127,0.100593716326143,0.123000000000019
"DLPFC","DLPFC_spatial_patch_40_r3",0.4,"spatial_patch",3,"Initial",47329,0.600054934606689,0.407999419148574,0.602046878149516,0.507140172867343,0.578638497652582,0.661445354218583,0,0,0,0
"DLPFC","DLPFC_spatial_patch_40_r3",0.4,"spatial_patch",3,"SpaGCN refine",47329,0.602252318874263,0.409421071389767,0.605980681727997,0.496805712138294,0.584213615023474,0.672837308650765,0.0585873527391833,0.035387323943662,0.049673561664096,0.054000000000002
"DLPFC","DLPFC_spatial_patch_40_r3",0.4,"spatial_patch",3,"GraphST refine",47329,0.608844471676985,0.417776781143533,0.60818949387154,0.457910559939872,0.534917840375587,0.62940548237807,0.280204976491098,0.172112676056338,0.241627754653595,0.257000000000005
"DLPFC","DLPFC_spatial_patch_40_r3",0.4,"spatial_patch",3,"Potts-like ICM",47329,0.606583701324769,0.411738487005655,0.614010391501215,0.48196166854566,0.582648669796557,0.681381274474902,0.118865233240002,0.0683450704225352,0.0953960573855353,0.122000000000014
"DLPFC","DLPFC_interface_band_05_r1",0.05,"interface_band",1,"FiberMargin",47329,0.970905787149528,0.947659746742473,0.960404721690449,0.906927921623513,0.866294992175274,0.909576361694553,0.691592733417828,0.0143899292736088,0.0482790678019819,0.165
"DLPFC","DLPFC_interface_band_05_r2",0.05,"interface_band",2,"FiberMargin",47329,0.970335312387754,0.946265180671962,0.960657182894754,0.913575927221833,0.863751956181534,0.912780348878604,0.689902830587241,0.0149014723544326,0.0486593843098312,0.162
"DLPFC","DLPFC_interface_band_05_r3",0.05,"interface_band",3,"FiberMargin",47329,0.97099030192905,0.946946264043166,0.961838273450376,0.915325402379286,0.866588419405321,0.922036311854753,0.700887198986058,0.0147902673368622,0.0491242155972026,0.166
"DLPFC","DLPFC_interface_band_10_r1",0.1,"interface_band",1,"FiberMargin",47329,0.957024234613028,0.923462213158278,0.942041863399545,0.87998600419874,0.804675273865415,0.878960484158063,0.703633291085763,0.014813945298744,0.0837330178114898,0.167
"DLPFC","DLPFC_interface_band_10_r2",0.1,"interface_band",2,"FiberMargin",47329,0.956918591138625,0.921917716950974,0.941257247211004,0.874387683694892,0.803990610328638,0.886080455678177,0.705111956062526,0.0150956685056932,0.0841555917091001,0.15
"DLPFC","DLPFC_interface_band_10_r3",0.1,"interface_band",3,"FiberMargin",47329,0.95463669209153,0.918066104336255,0.939592482670827,0.853044086773968,0.79518779342723,0.8875044499822,0.689691592733418,0.0159173611926282,0.0834583447780431,0.143
"DLPFC","DLPFC_interface_band_15_r1",0.15,"interface_band",1,"FiberMargin",47329,0.942783494263559,0.897730372394924,0.921811877591777,0.809657102869139,0.750684663536776,0.850836596653613,0.707423580786026,0.0156848123291076,0.119567284328847,0.149
"DLPFC","DLPFC_interface_band_15_r2",0.15,"interface_band",2,"FiberMargin",47329,0.944241374210315,0.899839265307354,0.925772481791241,0.843247815054976,0.753912363067293,0.850480598077608,0.71348077193971,0.0150385284613473,0.119947600836696,0.149
"DLPFC","DLPFC_interface_band_15_r3",0.15,"interface_band",3,"FiberMargin",47329,0.944368146379598,0.899761110247445,0.925067480062593,0.832050384884535,0.756455399061033,0.859736561053756,0.714466826313565,0.0150633855331842,0.120032115616218,0.144
"DLPFC","DLPFC_interface_band_25_r1",0.25,"interface_band",1,"FiberMargin",47329,0.911851084958482,0.84654939721066,0.886485474952554,0.78376092472512,0.674197965571205,0.794588821644713,0.69601960618609,0.0161990083389678,0.186439603625684,0.138
"DLPFC","DLPFC_interface_band_25_r2",0.25,"interface_band",2,"FiberMargin",47329,0.916288110883391,0.854064868046044,0.89211562783192,0.766270118964311,0.684467918622848,0.787112851548594,0.710893264599003,0.0152411539328375,0.189461006993598,0.142
"DLPFC","DLPFC_interface_band_25_r3",0.25,"interface_band",3,"FiberMargin",47329,0.914661201377591,0.850065698748079,0.888118271187098,0.777816655003499,0.680164319248826,0.790672837308651,0.707343868841376,0.0162271805273834,0.189376492214076,0.146
"DLPFC","DLPFC_interface_band_40_r1",0.4,"interface_band",1,"FiberMargin",47329,0.784909886116335,0.667468833788632,0.737869784786087,0.578798985057795,0.501956181533646,0.590245639017444,0.522267420360294,0.0400352112676056,0.234211582750533,0.141
"DLPFC","DLPFC_interface_band_40_r2",0.4,"interface_band",2,"FiberMargin",47329,0.782627987069239,0.663356078403207,0.739158276738418,0.549196504087962,0.499706572769953,0.576005695977216,0.518041100956205,0.0410211267605634,0.233197405396269,0.141
"DLPFC","DLPFC_interface_band_40_r3",0.4,"interface_band",3,"FiberMargin",47329,0.778634663736821,0.657952098678083,0.730251325679676,0.546941076966451,0.491099374021909,0.599145603417586,0.51022241005864,0.0424647887323944,0.230873248959412,0.15
"DLPFC","DLPFC_layer_mix_05_r1",0.05,"layer_mix",1,"FiberMargin",47329,0.981765936318114,0.967610267276177,0.975203112349895,0.945416375087474,0.915786384976526,0.939124243503026,0.927787162162162,0.015391116745624,0.0620127194743181,0.145
"DLPFC","DLPFC_layer_mix_05_r2",0.05,"layer_mix",2,"FiberMargin",47329,0.98204060935156,0.967569286864953,0.975094080892932,0.941217634709587,0.917253521126761,0.932360270558918,0.919341216216216,0.0146571473054425,0.0609985421200532,0.148
"DLPFC","DLPFC_layer_mix_05_r3",0.05,"layer_mix",3,"FiberMargin",47329,0.981533520674428,0.966674218803726,0.974871124948314,0.940867739678097,0.914514866979656,0.934140263438946,0.92652027027027,0.0155690487311225,0.0619915907794376,0.144
"DLPFC","DLPFC_layer_mix_10_r1",0.1,"layer_mix",1,"FiberMargin",47329,0.976124574785016,0.957290391654131,0.967176445004284,0.928621413575927,0.890160406885759,0.922748309006764,0.92284929190446,0.0179585896051458,0.11071436117391,0.146
"DLPFC","DLPFC_layer_mix_10_r2",0.1,"layer_mix",2,"FiberMargin",47329,0.97631473303894,0.957675414983135,0.967402211441829,0.926522043386984,0.891431924882629,0.919900320398718,0.929824561403509,0.0185219963378562,0.111453865494728,0.145
"DLPFC","DLPFC_layer_mix_10_r3",0.1,"layer_mix",3,"FiberMargin",47329,0.977096494749519,0.959170870302361,0.968507052830557,0.935269419174248,0.89485524256651,0.930580277678889,0.922003804692454,0.0167848255786657,0.108728263855142,0.145
"DLPFC","DLPFC_layer_mix_15_r1",0.15,"layer_mix",1,"FiberMargin",47329,0.97099030192905,0.94831259680619,0.960432051012725,0.921341979137299,0.867175273865415,0.91562833748665,0.925471963933502,0.0209788471576645,0.159373745483741,0.143
"DLPFC","DLPFC_layer_mix_15_r2",0.15,"layer_mix",2,"FiberMargin",47329,0.969954995879905,0.946283746745948,0.960059063009037,0.925007048209755,0.863067292644757,0.923460306158775,0.921808960270499,0.0215505455991648,0.159373745483741,0.146
"DLPFC","DLPFC_layer_mix_15_r3",0.15,"layer_mix",3,"FiberMargin",47329,0.971687548860107,0.948940002687055,0.961483486493676,0.916724982505248,0.870109546165884,0.919188323246707,0.927867004790082,0.0205811438940121,0.159014557670773,0.145
"DLPFC","DLPFC_layer_mix_25_r1",0.25,"layer_mix",1,"FiberMargin",47329,0.954488791227366,0.92025077053642,0.940343921034438,0.893981805458362,0.808489827856025,0.886080455678177,0.908299526707235,0.0301152210045919,0.254812060259038,0.147
"DLPFC","DLPFC_layer_mix_25_r2",0.25,"layer_mix",2,"FiberMargin",47329,0.955186038158423,0.921052805822778,0.940919846678198,0.890832750174948,0.808783255086072,0.886080455678177,0.910496957403651,0.0299180212412317,0.255107861987365,0.145
"DLPFC","DLPFC_layer_mix_25_r3",0.25,"layer_mix",3,"FiberMargin",47329,0.954425405142724,0.920106332459714,0.940760553512571,0.899915421482943,0.804381846635368,0.877180491278035,0.90762339418526,0.0299743640307632,0.255192376766887,0.142
"DLPFC","DLPFC_layer_mix_40_r1",0.4,"layer_mix",1,"FiberMargin",47329,0.872826385514167,0.783710404240295,0.853612886429075,0.777151446824502,0.696694053208138,0.790672837308651,0.804320270413014,0.0814932206374362,0.383506940776268,0.144
"DLPFC","DLPFC_layer_mix_40_r2",0.4,"layer_mix",2,"FiberMargin",47329,0.875256185425426,0.784654080000235,0.859323033466747,0.789552799699361,0.696107198748044,0.800284798860805,0.812242526671596,0.0827258320126783,0.386507215449302,0.159
"DLPFC","DLPFC_layer_mix_40_r3",0.4,"layer_mix",3,"FiberMargin",47329,0.870417714297788,0.776684571445376,0.854987819609568,0.78598271326569,0.693955399061033,0.794232823068708,0.802947079328193,0.0845923578094735,0.385852225908006,0.157
"DLPFC","DLPFC_spatial_patch_05_r1",0.05,"spatial_patch",1,"FiberMargin",47329,0.950051765302457,0.906555920392075,0.945538724235076,0.906117846067099,0.899452269170579,0.920256318974724,0.448246725813266,0.0235309817178951,0.0449618627057407,0.171
"DLPFC","DLPFC_spatial_patch_05_r2",0.05,"spatial_patch",2,"FiberMargin",47329,0.95628473029221,0.920176138262228,0.951357891512239,0.936319104268719,0.905614241001565,0.929868280526878,0.567384875369666,0.0232418486722121,0.0513215998647764,0.147
"DLPFC","DLPFC_spatial_patch_05_r3",0.05,"spatial_patch",3,"FiberMargin",47329,0.954362019058083,0.914888879181113,0.946340295297359,0.901679496151155,0.895148669796557,0.930224279102884,0.526404731727926,0.0231084026511276,0.0486171269200701,0.137
"DLPFC","DLPFC_spatial_patch_10_r1",0.1,"spatial_patch",1,"FiberMargin",47329,0.904857486953031,0.832653916101143,0.895942191017135,0.855345911949686,0.85093896713615,0.89747241011036,0.418250950570342,0.0410611574128419,0.0794016353609838,0.167
"DLPFC","DLPFC_spatial_patch_10_r2",0.1,"spatial_patch",2,"FiberMargin",47329,0.908998711149612,0.828524322393947,0.909797998259182,0.886631188517981,0.855927230046948,0.894624421502314,0.428390367553866,0.0375865711938021,0.0791058336326565,0.15
"DLPFC","DLPFC_spatial_patch_10_r3",0.1,"spatial_patch",3,"FiberMargin",47329,0.907730989456781,0.823287617051773,0.907505718229597,0.877186843946816,0.851134585289515,0.900676397294411,0.457329953527672,0.042211527174551,0.0841555917091001,0.136
"DLPFC","DLPFC_spatial_patch_15_r1",0.15,"spatial_patch",1,"FiberMargin",47329,0.858205328656849,0.73197014703952,0.864577026179458,0.829533177915506,0.812108763693271,0.864008543965824,0.35666995351458,0.0532935620183942,0.0992837372435505,0.14
"DLPFC","DLPFC_spatial_patch_15_r2",0.15,"spatial_patch",2,"FiberMargin",47329,0.854507807052758,0.731318569691449,0.859289065440362,0.809698336622498,0.820911580594679,0.888572445710217,0.340752218622341,0.0548347004722844,0.0983329459739272,0.147
"DLPFC","DLPFC_spatial_patch_15_r3",0.15,"spatial_patch",3,"FiberMargin",47329,0.855965686999514,0.737526862992501,0.856077109569104,0.79898505779532,0.805848982785602,0.886436454254183,0.338357515142978,0.0526969922943077,0.0994316381077141,0.142
"DLPFC","DLPFC_spatial_patch_25_r1",0.25,"spatial_patch",1,"FiberMargin",47329,0.752287181220816,0.578542696490817,0.753926765335666,0.678446466060182,0.697672143974961,0.834104663581346,0.222851347925294,0.071219292314627,0.12051807559847,0.148
"DLPFC","DLPFC_spatial_patch_25_r2",0.25,"spatial_patch",2,"FiberMargin",47329,0.76185848000169,0.582386509850907,0.769600975943068,0.673526924161263,0.715571205007825,0.83624065503738,0.279895208315727,0.0774735181428893,0.135181389845549,0.141
"DLPFC","DLPFC_spatial_patch_25_r3",0.25,"spatial_patch",3,"FiberMargin",47329,0.760442857444696,0.592350784804001,0.760257865720715,0.691288412743163,0.721733176838811,0.852972588109648,0.271866813149666,0.0766846968672526,0.131166937818251,0.14
"DLPFC","DLPFC_spatial_patch_40_r1",0.4,"spatial_patch",1,"FiberMargin",47329,0.616218386190285,0.417117183996778,0.628604646104605,0.531379180759113,0.576388888888889,0.692773228907084,0.214327222779862,0.115915492957746,0.172684823258467,0.136
"DLPFC","DLPFC_spatial_patch_40_r2",0.4,"spatial_patch",2,"FiberMargin",47329,0.61150668723193,0.408480867866723,0.617738066754987,0.520439808288695,0.571987480438185,0.667141331434674,0.213746103861799,0.123380281690141,0.175431553592935,0.146
"DLPFC","DLPFC_spatial_patch_40_r3",0.4,"spatial_patch",3,"FiberMargin",47329,0.614105516702233,0.417831569783042,0.622721275157873,0.482901164975573,0.583039906103286,0.705945176219295,0.204870833113213,0.113133802816901,0.169959221618881,0.135
"MERFISH","MERFISH_adjacent_mix_05_r1",0.05,"adjacent_mix",1,"Initial",28317,0.949959388353286,0.89033684228844,0.949936963517896,0.949431818181818,0.950831991411702,0.950749464668094,0,0,0,0
"MERFISH","MERFISH_adjacent_mix_05_r1",0.05,"adjacent_mix",1,"SpaGCN refine",28317,0.991453896952361,0.983877936883036,0.989495857512545,0.982954545454545,0.974986580783682,0.986081370449679,0.923076923076923,0.00494423791821561,0.051100045908818,0.0739999999999998
"MERFISH","MERFISH_adjacent_mix_05_r1",0.05,"adjacent_mix",1,"GraphST refine",28317,0.903026450542077,0.80929331520339,0.888155826578412,0.79375,0.728931830381106,0.852248394004283,0.903316866619619,0.0969888475836431,0.140198467351767,0.37
"MERFISH","MERFISH_adjacent_mix_05_r1",0.05,"adjacent_mix",1,"Potts-like ICM",28317,0.987039587526927,0.976335493960903,0.982261975167578,0.959659090909091,0.960601180891036,0.966809421841542,0.849682427664079,0.00572490706319703,0.0480276865487163,0.243999999999999
"MERFISH","MERFISH_adjacent_mix_05_r2",0.05,"adjacent_mix",2,"Initial",28317,0.949959388353286,0.889913844774316,0.949936963517896,0.949431818181818,0.951368760064412,0.950749464668094,0,0,0,0
"MERFISH","MERFISH_adjacent_mix_05_r2",0.05,"adjacent_mix",2,"SpaGCN refine",28317,0.991453896952361,0.983469407333228,0.989590944431123,0.976136363636364,0.974664519592056,0.985010706638116,0.920959774170783,0.00483271375464684,0.0510647314334146,0.0890000000000004
"MERFISH","MERFISH_adjacent_mix_05_r2",0.05,"adjacent_mix",2,"GraphST refine",28317,0.901861072853763,0.806166573392764,0.888154016418779,0.796590909090909,0.725818572195384,0.849036402569593,0.902611150317572,0.09817843866171,0.141469788466292,0.359
"MERFISH","MERFISH_adjacent_mix_05_r2",0.05,"adjacent_mix",2,"Potts-like ICM",28317,0.986933644100717,0.977039158671751,0.981704330909224,0.960227272727273,0.960386473429952,0.970021413276231,0.856739590684545,0.00620817843866171,0.04898117738461,0.228999999999999
"MERFISH","MERFISH_adjacent_mix_05_r3",0.05,"adjacent_mix",3,"Initial",28317,0.949959388353286,0.88945269963481,0.949936963517896,0.949431818181818,0.949651100375738,0.950749464668094,0,0,0,0
"MERFISH","MERFISH_adjacent_mix_05_r3",0.05,"adjacent_mix",3,"SpaGCN refine",28317,0.990959494296712,0.98297156098836,0.988657983353268,0.974431818181818,0.973590982286634,0.97644539614561,0.91954834156669,0.00527881040892193,0.0515591340890631,0.0739999999999998
"MERFISH","MERFISH_adjacent_mix_05_r3",0.05,"adjacent_mix",3,"GraphST refine",28317,0.903591482148533,0.809580629975898,0.890250941272456,0.796022727272727,0.730434782608696,0.84796573875803,0.901199717713479,0.0962825278810409,0.139704064696119,0.355
"MERFISH","MERFISH_adjacent_mix_05_r3",0.05,"adjacent_mix",3,"Potts-like ICM",28317,0.986686442772893,0.975099413085528,0.982273222986706,0.959659090909091,0.959527643585615,0.964668094218415,0.848270995059986,0.00602230483271375,0.0483102023519441,0.162000000000001
"MERFISH","MERFISH_adjacent_mix_10_r1",0.1,"adjacent_mix",1,"Initial",28317,0.900095349083589,0.787792164468411,0.900057819131079,0.89943342776204,0.89898013955985,0.899357601713062,0,0,0,0
"MERFISH","MERFISH_adjacent_mix_10_r1",0.1,"adjacent_mix",1,"SpaGCN refine",28317,0.984391001871667,0.967744432159497,0.982196214830575,0.9625,0.960171765968867,0.97644539614561,0.892541534110993,0.00541431261770245,0.0946781085566974,0.0719999999999992
"MERFISH","MERFISH_adjacent_mix_10_r1",0.1,"adjacent_mix",1,"GraphST refine",28317,0.901437299148921,0.805531390970366,0.887595063410628,0.792613636363636,0.725818572195384,0.843683083511777,0.903145987981619,0.0987523540489642,0.184871278737154,0.356999999999999
"MERFISH","MERFISH_adjacent_mix_10_r1",0.1,"adjacent_mix",1,"Potts-like ICM",28317,0.97902320161034,0.959684895250959,0.973253909742088,0.943181818181818,0.936339237788513,0.947537473233405,0.843407564510428,0.00592435655994978,0.0899459688526327,0.192
"MERFISH","MERFISH_adjacent_mix_10_r2",0.1,"adjacent_mix",2,"Initial",28317,0.900095349083589,0.788497138761518,0.900057819131079,0.89943342776204,0.90252281266774,0.899357601713062,0,0,0,0
"MERFISH","MERFISH_adjacent_mix_10_r2",0.1,"adjacent_mix",2,"SpaGCN refine",28317,0.98432037292086,0.969419696720828,0.981428949847313,0.965909090909091,0.961567364465915,0.967880085653105,0.890067161541181,0.00521814187068424,0.0949253098845217,0.093
"MERFISH","MERFISH_adjacent_mix_10_r2",0.1,"adjacent_mix",2,"GraphST refine",28317,0.903379595296112,0.810374297740423,0.889152833226453,0.791477272727273,0.731078904991948,0.843683083511777,0.907741251325557,0.0971045197740113,0.184129674753682,0.345000000000001
"MERFISH","MERFISH_adjacent_mix_10_r2",0.1,"adjacent_mix",2,"Potts-like ICM",28317,0.979976692446234,0.961277006645212,0.974845720110436,0.931818181818182,0.939237788513151,0.957173447537473,0.849063273241428,0.00549278091650973,0.0903344280820708,0.154999999999999
"MERFISH","MERFISH_adjacent_mix_10_r3",0.1,"adjacent_mix",3,"Initial",28317,0.900095349083589,0.787916954061492,0.900057819131079,0.89943342776204,0.900161030595813,0.899357601713062,0,0,0,0
"MERFISH","MERFISH_adjacent_mix_10_r3",0.1,"adjacent_mix",3,"SpaGCN refine",28317,0.98410848606844,0.969360617721372,0.980514644884618,0.95625,0.956629092860977,0.955032119914347,0.895015906680806,0.00600282485875706,0.0958434862450118,0.0729999999999986
"MERFISH","MERFISH_adjacent_mix_10_r3",0.1,"adjacent_mix",3,"GraphST refine",28317,0.900165978034396,0.80361301269092,0.885622614895096,0.789204545454545,0.723027375201288,0.846895074946467,0.890420643336868,0.0987523540489642,0.184553448458523,0.356
"MERFISH","MERFISH_adjacent_mix_10_r3",0.1,"adjacent_mix",3,"Potts-like ICM",28317,0.978069710774446,0.958466101827511,0.971513166373894,0.934090909090909,0.933977455716586,0.931477516059957,0.83739837398374,0.00631669805398619,0.0899812833280362,0.157
"MERFISH","MERFISH_adjacent_mix_15_r1",0.15,"adjacent_mix",1,"Initial",28317,0.850090051912279,0.692609005293224,0.850129169989811,0.849655172413793,0.852066559312936,0.850107066381156,0,0,0,0
"MERFISH","MERFISH_adjacent_mix_15_r1",0.15,"adjacent_mix",1,"SpaGCN refine",28317,0.973690715824416,0.946738495931291,0.969606772229689,0.94375,0.940848094471283,0.955032119914347,0.858421672555948,0.00598205383848455,0.134971924992054,0.0790000000000006
"MERFISH","MERFISH_adjacent_mix_15_r1",0.15,"adjacent_mix",1,"GraphST refine",28317,0.899636260903344,0.802852180463768,0.884024913616172,0.7875,0.722490606548578,0.836188436830835,0.899882214369847,0.100407111997341,0.229685348024155,0.337
"MERFISH","MERFISH_adjacent_mix_15_r1",0.15,"adjacent_mix",1,"Potts-like ICM",28317,0.969417664300597,0.944887703725757,0.958381682103363,0.90625,0.908749329039184,0.926124197002141,0.828504122497055,0.00573280159521436,0.129745382632341,0.152999999999999
"MERFISH","MERFISH_adjacent_mix_15_r2",0.15,"adjacent_mix",2,"Initial",28317,0.850090051912279,0.690492267840365,0.850129169989811,0.849655172413793,0.85077831454643,0.850107066381156,0,0,0,0
"MERFISH","MERFISH_adjacent_mix_15_r2",0.15,"adjacent_mix",2,"SpaGCN refine",28317,0.971713105201822,0.940556512784542,0.968065385789863,0.935795454545455,0.937412775093935,0.944325481798715,0.844758539458186,0.00589896975739448,0.133418088074302,0.0719999999999992
"MERFISH","MERFISH_adjacent_mix_15_r2",0.15,"adjacent_mix",2,"GraphST refine",28317,0.89928311614931,0.800466389819422,0.885231594469843,0.789204545454545,0.725389157273215,0.846895074946467,0.902473498233216,0.101279494848787,0.23085072571247,0.331000000000003
"MERFISH","MERFISH_adjacent_mix_15_r2",0.15,"adjacent_mix",2,"Potts-like ICM",28317,0.968393544513896,0.938220996848208,0.959322516885881,0.910227272727273,0.906494900697799,0.919700214132762,0.823085983510012,0.00598205383848455,0.128897835222658,0.154
"MERFISH","MERFISH_adjacent_mix_15_r3",0.15,"adjacent_mix",3,"Initial",28317,0.850090051912279,0.692559747466916,0.850129169989811,0.849655172413793,0.847450348899624,0.850107066381156,0,0,0,0
"MERFISH","MERFISH_adjacent_mix_15_r3",0.15,"adjacent_mix",3,"SpaGCN refine",28317,0.972207507857471,0.942360080855161,0.969006601849498,0.947727272727273,0.937734836285561,0.955032119914347,0.848998822143698,0.00606513791957461,0.133559345975916,0.0730000000000004
"MERFISH","MERFISH_adjacent_mix_15_r3",0.15,"adjacent_mix",3,"GraphST refine",28317,0.900625066214641,0.805195491601084,0.885541793290005,0.788636363636364,0.723993558776167,0.846895074946467,0.890459363957597,0.0975822532402792,0.226047957057598,0.334
"MERFISH","MERFISH_adjacent_mix_15_r3",0.15,"adjacent_mix",3,"Potts-like ICM",28317,0.967228166825582,0.938248733226777,0.957348218684447,0.909659090909091,0.901663982823403,0.911134903640257,0.816018845700825,0.00610667996011964,0.128120916763781,0.154
"MERFISH","MERFISH_adjacent_mix_25_r1",0.25,"adjacent_mix",1,"Initial",28317,0.749973514143447,0.521568195987486,0.749956453832055,0.749431818181818,0.751583467525497,0.750535331905782,0,0,0,0
"MERFISH","MERFISH_adjacent_mix_25_r1",0.25,"adjacent_mix",1,"SpaGCN refine",28317,0.921884380407529,0.837277317494842,0.915358610267801,0.871590909090909,0.874932903918411,0.873661670235546,0.711723163841808,0.00805198474360785,0.186389801179503,0.0749999999999993
"MERFISH","MERFISH_adjacent_mix_25_r1",0.25,"adjacent_mix",1,"GraphST refine",28317,0.893597485609351,0.791473984639165,0.875745094924372,0.791477272727273,0.713365539452496,0.815845824411135,0.896892655367232,0.107501059471677,0.321043895892927,0.366
"MERFISH","MERFISH_adjacent_mix_25_r1",0.25,"adjacent_mix",1,"Potts-like ICM",28317,0.940459794469753,0.888171333434653,0.923024140135481,0.85,0.835963499731616,0.843683083511777,0.777542372881356,0.00522672693883317,0.198997068898542,0.170999999999999
"MERFISH","MERFISH_adjacent_mix_25_r2",0.25,"adjacent_mix",2,"Initial",28317,0.749973514143447,0.522443067149389,0.749956453832055,0.749431818181818,0.753086419753086,0.750535331905782,0,0,0,0
"MERFISH","MERFISH_adjacent_mix_25_r2",0.25,"adjacent_mix",2,"SpaGCN refine",28317,0.920719002719215,0.835357233915715,0.913852488019553,0.885795454545454,0.874181427804616,0.876873661670236,0.708333333333333,0.00847577341432406,0.185330366917399,0.0790000000000006
"MERFISH","MERFISH_adjacent_mix_25_r2",0.25,"adjacent_mix",2,"GraphST refine",28317,0.896917046297277,0.797111638545625,0.880435261707935,0.793181818181818,0.718733225979603,0.831905781584582,0.898728813559322,0.103686961435231,0.31853656813928,0.356000000000002
"MERFISH","MERFISH_adjacent_mix_25_r2",0.25,"adjacent_mix",2,"Potts-like ICM",28317,0.939930077338701,0.886473854595539,0.923236497205804,0.846022727272727,0.837788513150832,0.839400428265525,0.780508474576271,0.00692188162169798,0.20111593742275,0.192999999999998
"MERFISH","MERFISH_adjacent_mix_25_r3",0.25,"adjacent_mix",3,"Initial",28317,0.749973514143447,0.521193827576532,0.749956453832055,0.749431818181818,0.748362855609232,0.750535331905782,0,0,0,0
"MERFISH","MERFISH_adjacent_mix_25_r3",0.25,"adjacent_mix",3,"SpaGCN refine",28317,0.922131581735353,0.836028825100141,0.915945529678098,0.886931818181818,0.871604938271605,0.886509635974304,0.710875706214689,0.00743984555257334,0.186107285376276,0.0770000000000017
"MERFISH","MERFISH_adjacent_mix_25_r3",0.25,"adjacent_mix",3,"GraphST refine",28317,0.894621605396052,0.794822605823355,0.874264385248526,0.760227272727273,0.71358024691358,0.812633832976445,0.893361581920904,0.10495832744738,0.318677826040894,0.366999999999997
"MERFISH","MERFISH_adjacent_mix_25_r3",0.25,"adjacent_mix",3,"Potts-like ICM",28317,0.93604548504432,0.876508788674772,0.919920654934398,0.84915014164306,0.829736983360172,0.84796573875803,0.761440677966102,0.00574469086970853,0.195818766112229,0.164000000000001
"MERFISH","MERFISH_adjacent_mix_40_r1",0.4,"adjacent_mix",1,"Initial",28317,0.600028251580323,0.324673260929892,0.600165710142776,0.599540229885058,0.60354267310789,0.601713062098501,0,0,0,0
"MERFISH","MERFISH_adjacent_mix_40_r1",0.4,"adjacent_mix",1,"SpaGCN refine",28317,0.771939117844404,0.56430874997254,0.765876449605821,0.725568181818182,0.729468599033816,0.746252676659529,0.454352816528342,0.016361603201695,0.197337288554579,0.0730000000000004
"MERFISH","MERFISH_adjacent_mix_40_r1",0.4,"adjacent_mix",1,"GraphST refine",28317,0.880213299431437,0.767822020015519,0.860107596240274,0.780453257790368,0.688674181427805,0.80728051391863,0.88265936782624,0.121417220881643,0.453932266836176,0.334999999999997
"MERFISH","MERFISH_adjacent_mix_40_r1",0.4,"adjacent_mix",1,"Potts-like ICM",28317,0.79175053854575,0.610742442552649,0.770002870572614,0.677272727272727,0.664949006977993,0.71627408993576,0.484637118135264,0.00353128126655288,0.19684288589893,0.157
"MERFISH","MERFISH_adjacent_mix_40_r2",0.4,"adjacent_mix",2,"Initial",28317,0.600028251580323,0.325205252799285,0.600165710142776,0.599540229885058,0.601073537305421,0.601713062098501,0,0,0,0
"MERFISH","MERFISH_adjacent_mix_40_r2",0.4,"adjacent_mix",2,"SpaGCN refine",28317,0.773987357417806,0.564532475479399,0.769887697340197,0.728753541076487,0.731937734836286,0.738758029978587,0.456648419565601,0.0144782531928668,0.196984143800544,0.0730000000000004
"MERFISH","MERFISH_adjacent_mix_40_r2",0.4,"adjacent_mix",2,"GraphST refine",28317,0.881237419218137,0.769047858649135,0.861659353980492,0.771246458923513,0.697155126140633,0.778372591006424,0.8823061981282,0.119475016185039,0.452872832574072,0.332000000000001
"MERFISH","MERFISH_adjacent_mix_40_r2",0.4,"adjacent_mix",2,"Potts-like ICM",28317,0.790514531906629,0.608427855166152,0.767057735730911,0.663597733711048,0.656360708534622,0.660599571734475,0.481635175701925,0.00359013595432876,0.195430306882791,0.154
"MERFISH","MERFISH_adjacent_mix_40_r3",0.4,"adjacent_mix",3,"Initial",28317,0.600028251580323,0.324118727368433,0.600165710142776,0.599540229885058,0.603650026838433,0.601713062098501,0,0,0,0
"MERFISH","MERFISH_adjacent_mix_40_r3",0.4,"adjacent_mix",3,"SpaGCN refine",28317,0.771091570434721,0.562416589646403,0.762707910791657,0.720963172804533,0.728502415458937,0.723768736616702,0.451880628642063,0.0161261844505915,0.196666313521913,0.0730000000000004
"MERFISH","MERFISH_adjacent_mix_40_r3",0.4,"adjacent_mix",3,"GraphST refine",28317,0.88106084684112,0.771294626637161,0.857802315643946,0.763068181818182,0.695330112721417,0.774089935760171,0.88451350874095,0.121240656818316,0.454956386622877,0.334
"MERFISH","MERFISH_adjacent_mix_40_r3",0.4,"adjacent_mix",3,"Potts-like ICM",28317,0.779107956351308,0.588511599943687,0.756445128850342,0.65014164305949,0.660976918947933,0.693790149892934,0.452763552887162,0.00335471720322524,0.184094360278278,0.157
"MERFISH","MERFISH_interface_band_05_r1",0.05,"interface_band",1,"Initial",28317,0.950030017304093,0.891056148861732,0.94953745996478,0.946022727272727,0.884057971014493,0.945396145610278,0,0,0,0
"MERFISH","MERFISH_interface_band_05_r1",0.05,"interface_band",1,"SpaGCN refine",28317,0.973761344775223,0.946187754895861,0.971020493567,0.95625,0.922168545356951,0.960385438972163,0.556890459363958,0.00431194706713256,0.031924285764735,0.0730000000000004
"MERFISH","MERFISH_interface_band_05_r1",0.05,"interface_band",1,"GraphST refine",28317,0.900236606985203,0.803865820467546,0.888309380554633,0.81875,0.724959742351047,0.855460385438972,0.70530035335689,0.0895100736004758,0.12148179538793,0.331
"MERFISH","MERFISH_interface_band_05_r1",0.05,"interface_band",1,"Potts-like ICM",28317,0.969806123530035,0.939482383420492,0.965486301971031,0.947159090909091,0.908641975308642,0.944325481798715,0.539222614840989,0.00754590736748197,0.03411378323975,0.152999999999999
"MERFISH","MERFISH_interface_band_05_r2",0.05,"interface_band",2,"Initial",28317,0.950030017304093,0.889712929256189,0.950714647078165,0.946974522292994,0.883521202361782,0.945396145610278,0,0,0,0
"MERFISH","MERFISH_interface_band_05_r2",0.05,"interface_band",2,"SpaGCN refine",28317,0.973796659250627,0.945274002225458,0.971726573655499,0.957386363636364,0.921524422973698,0.960385438972163,0.556890459363958,0.00427477510965727,0.0318889712893315,0.0749999999999993
"MERFISH","MERFISH_interface_band_05_r2",0.05,"interface_band",2,"GraphST refine",28317,0.902673305788043,0.806604133022714,0.892417893707554,0.830113636363636,0.730542136339238,0.846895074946467,0.74416961130742,0.0889896661958219,0.123176890207296,0.332000000000001
"MERFISH","MERFISH_interface_band_05_r2",0.05,"interface_band",2,"Potts-like ICM",28317,0.970406469611894,0.940071516036024,0.966502905087328,0.947727272727273,0.91003757380569,0.945396145610278,0.560424028268551,0.00802914281466062,0.0356323056820991,0.167999999999999
"MERFISH","MERFISH_interface_band_05_r3",0.05,"interface_band",3,"Initial",28317,0.950030017304093,0.8917620400561,0.949191208288706,0.942019543973941,0.885882984433709,0.947537473233405,0,0,0,0
"MERFISH","MERFISH_interface_band_05_r3",0.05,"interface_band",3,"SpaGCN refine",28317,0.973584772398206,0.946773191524459,0.970392010214627,0.960339943342776,0.921309715512614,0.957173447537473,0.554770318021201,0.00438629098208312,0.0318889712893315,0.0729999999999968
"MERFISH","MERFISH_interface_band_05_r3",0.05,"interface_band",3,"GraphST refine",28317,0.899671575378748,0.802153130909114,0.888043667338094,0.823295454545454,0.720558239398819,0.84796573875803,0.725088339222615,0.0911456397293881,0.124165695518593,0.346999999999994
"MERFISH","MERFISH_interface_band_05_r3",0.05,"interface_band",3,"Potts-like ICM",28317,0.97026521171028,0.940818864253002,0.966755578678921,0.952272727272727,0.909822866344606,0.957173447537473,0.557597173144876,0.00802914281466062,0.0354910477804852,0.154000000000003
"MERFISH","MERFISH_interface_band_10_r1",0.1,"interface_band",1,"Initial",28317,0.899989405657379,0.786893942192392,0.899228248347012,0.893181818181818,0.770155662909286,0.903640256959315,0,0,0,0
"MERFISH","MERFISH_interface_band_10_r1",0.1,"interface_band",1,"SpaGCN refine",28317,0.943744040682276,0.882024413438777,0.940546247528815,0.927840909090909,0.839398819108964,0.926124197002141,0.489406779661017,0.00576809888169511,0.0541724052689197,0.0720000000000027
"MERFISH","MERFISH_interface_band_10_r1",0.1,"interface_band",1,"GraphST refine",28317,0.893562171133948,0.788910428169562,0.883725016101074,0.848441926345609,0.71154052603328,0.869379014989293,0.701977401129944,0.0851481263488326,0.149556803333686,0.337000000000003
"MERFISH","MERFISH_interface_band_10_r1",0.1,"interface_band",1,"Potts-like ICM",28317,0.944026556485503,0.887972032682588,0.936494930878792,0.896600566572238,0.832098765432099,0.921841541755889,0.537429378531073,0.0107906611732392,0.0634601123000318,0.153999999999996
"MERFISH","MERFISH_interface_band_10_r2",0.1,"interface_band",2,"Initial",28317,0.899989405657379,0.783983672201911,0.902229945002501,0.893525621356244,0.769189479334407,0.913276231263383,0,0,0,0
"MERFISH","MERFISH_interface_band_10_r2",0.1,"interface_band",2,"SpaGCN refine",28317,0.942967122223399,0.877089616103154,0.943299208285952,0.93633785061456,0.838647342995169,0.942184154175589,0.475635593220339,0.00510103982734942,0.0521947946463255,0.0750000000000028
"MERFISH","MERFISH_interface_band_10_r2",0.1,"interface_band",2,"GraphST refine",28317,0.89165518946216,0.783204204181865,0.885068285059575,0.842067988668555,0.712721417069243,0.877944325481799,0.693502824858757,0.0863252893859133,0.150051205989335,0.333000000000006
"MERFISH","MERFISH_interface_band_10_r2",0.1,"interface_band",2,"Potts-like ICM",28317,0.94653388423915,0.888375415342805,0.943895563556163,0.921388101983003,0.839076757917338,0.922912205567452,0.542019774011299,0.00851481263488326,0.0619062753822792,0.155000000000001
"MERFISH","MERFISH_interface_band_10_r3",0.1,"interface_band",3,"Initial",28317,0.899989405657379,0.786955196287895,0.900522318743228,0.896440625958883,0.771551261406334,0.900428265524625,0,0,0,0
"MERFISH","MERFISH_interface_band_10_r3",0.1,"interface_band",3,"SpaGCN refine",28317,0.943355581452837,0.88021940945874,0.942573845323331,0.936156351791531,0.840472356414385,0.944325481798715,0.480579096045198,0.00521875613105748,0.052759826252781,0.0730000000000004
"MERFISH","MERFISH_interface_band_10_r3",0.1,"interface_band",3,"GraphST refine",28317,0.893809372461772,0.787729068766259,0.886889206606002,0.851983002832861,0.714331723027375,0.861884368308351,0.71045197740113,0.0858151854031783,0.151145954726843,0.330999999999996
"MERFISH","MERFISH_interface_band_10_r3",0.1,"interface_band",3,"Potts-like ICM",28317,0.946216053960518,0.891388150533036,0.940264096996011,0.905099150141643,0.838539989264627,0.921841541755889,0.545550847457627,0.00926034922503433,0.0628950806935763,0.153999999999996
"MERFISH","MERFISH_interface_band_15_r1",0.15,"interface_band",1,"Initial",28317,0.850019422961472,0.691015360324026,0.850872555741926,0.844299674267101,0.663768115942029,0.857601713062099,0,0,0,0
"MERFISH","MERFISH_interface_band_15_r1",0.15,"interface_band",1,"SpaGCN refine",28317,0.908641452131229,0.80737050900164,0.910197994804063,0.901985502678853,0.753515834675255,0.919700214132762,0.423828584883447,0.00581636892397175,0.0685453967581312,0.0730000000000004
"MERFISH","MERFISH_interface_band_15_r1",0.15,"interface_band",1,"GraphST refine",28317,0.884980753610905,0.770708617040755,0.879132753573097,0.840651558073654,0.702630166398282,0.850107066381156,0.700494466682364,0.0824678022434566,0.179397535049617,0.352000000000004
"MERFISH","MERFISH_interface_band_15_r1",0.15,"interface_band",1,"Potts-like ICM",28317,0.923226330472861,0.843819753791771,0.91896240881182,0.907658367475575,0.77638217928073,0.899357601713062,0.534965858252884,0.0082675529705027,0.0873326976727761,0.170000000000002
"MERFISH","MERFISH_interface_band_15_r2",0.15,"interface_band",2,"Initial",28317,0.850019422961472,0.692550939714331,0.848471415761669,0.841042345276873,0.659473966720344,0.854389721627409,0,0,0,0
"MERFISH","MERFISH_interface_band_15_r2",0.15,"interface_band",2,"SpaGCN refine",28317,0.905957552000565,0.803748331778617,0.904540475311889,0.89185667752443,0.745464304884595,0.916488222698073,0.413939251236167,0.0072289156626506,0.0682981954303069,0.0760000000000005
"MERFISH","MERFISH_interface_band_15_r2",0.15,"interface_band",2,"GraphST refine",28317,0.886110816823816,0.771189243421467,0.88158897799269,0.841359773371105,0.705206655931294,0.881156316916488,0.697668942783141,0.0806398005816369,0.176854892820567,0.342999999999996
"MERFISH","MERFISH_interface_band_15_r2",0.15,"interface_band",2,"Potts-like ICM",28317,0.917505385457499,0.834764891603962,0.910257437032017,0.871813031161473,0.761889425657542,0.897216274089936,0.522721921356252,0.0128375571250519,0.0893456227707737,0.155000000000001
"MERFISH","MERFISH_interface_band_15_r3",0.15,"interface_band",3,"Initial",28317,0.850019422961472,0.691730894576301,0.849323448530014,0.842758620689655,0.661406333870102,0.839400428265525,0,0,0,0
"MERFISH","MERFISH_interface_band_15_r3",0.15,"interface_band",3,"SpaGCN refine",28317,0.906557898082424,0.805084052566466,0.904619558794483,0.897011494252874,0.746430488459474,0.913276231263383,0.416293854485519,0.00693809721645202,0.0684747678073242,0.0730000000000004
"MERFISH","MERFISH_interface_band_15_r3",0.15,"interface_band",3,"GraphST refine",28317,0.887841226118586,0.779018002998918,0.879357914168477,0.827903682719547,0.703703703703704,0.861884368308351,0.702378149281846,0.0794349813045285,0.17678426386976,0.332999999999998
"MERFISH","MERFISH_interface_band_15_r3",0.15,"interface_band",3,"Potts-like ICM",28317,0.91863544867041,0.835444463611626,0.913420432544643,0.90084985835694,0.763929146537842,0.913276231263383,0.517777254532611,0.0106356460324055,0.0867323515909171,0.154999999999994
"MERFISH","MERFISH_interface_band_25_r1",0.25,"interface_band",1,"Initial",28317,0.749973514143447,0.522689647331057,0.748844166926041,0.734252873563218,0.470746108427268,0.765524625267666,0,0,0,0
"MERFISH","MERFISH_interface_band_25_r1",0.25,"interface_band",1,"SpaGCN refine",28317,0.8075361090511,0.616291306424411,0.811787209526288,0.795642835225529,0.540418679549114,0.853319057815846,0.274717514124294,0.0148326034750671,0.0801638591658721,0.0730000000000004
"MERFISH","MERFISH_interface_band_25_r1",0.25,"interface_band",1,"GraphST refine",28317,0.859519016845005,0.722739042559517,0.856712635425591,0.759915014164306,0.669457863660762,0.836188436830835,0.671892655367232,0.0779300277817017,0.23268707843345,0.330999999999996
"MERFISH","MERFISH_interface_band_25_r1",0.25,"interface_band",1,"Potts-like ICM",28317,0.843344987110216,0.686456538734074,0.844163028588906,0.814983713355049,0.610305958132045,0.89186295503212,0.430649717514124,0.0190704901822291,0.122011512518982,0.155000000000001
"MERFISH","MERFISH_interface_band_25_r2",0.25,"interface_band",2,"Initial",28317,0.749973514143447,0.519834552237485,0.751295763314226,0.7420988033139,0.465915190552872,0.771948608137045,0,0,0,0
"MERFISH","MERFISH_interface_band_25_r2",0.25,"interface_band",2,"SpaGCN refine",28317,0.807571423526503,0.611852325301922,0.814787942106227,0.7895059834305,0.537734836285561,0.853319057815846,0.277118644067797,0.0155860055563403,0.0814351802803969,0.0730000000000004
"MERFISH","MERFISH_interface_band_25_r2",0.25,"interface_band",2,"GraphST refine",28317,0.860154677402267,0.718712279134407,0.861008269719562,0.784702549575071,0.674932903918411,0.881156316916488,0.671186440677966,0.0768470122898715,0.233534625843133,0.360999999999997
"MERFISH","MERFISH_interface_band_25_r2",0.25,"interface_band",2,"Potts-like ICM",28317,0.841296747536815,0.677099136157862,0.845811846917386,0.814983713355049,0.602361782071927,0.869379014989293,0.421186440677966,0.0186467015115129,0.119362926863721,0.161999999999999
"MERFISH","MERFISH_interface_band_25_r3",0.25,"interface_band",3,"Initial",28317,0.749973514143447,0.519795185940406,0.750601819322772,0.741501416430595,0.462587224906065,0.748394004282655,0,0,0,0
"MERFISH","MERFISH_interface_band_25_r3",0.25,"interface_band",3,"SpaGCN refine",28317,0.811173500017657,0.619170435937931,0.81688187250672,0.798566878980892,0.537627482555019,0.821199143468951,0.283757062146893,0.0129961859019636,0.0810820355263623,0.0820000000000007
"MERFISH","MERFISH_interface_band_25_r3",0.25,"interface_band",3,"GraphST refine",28317,0.862485432778896,0.725464252890357,0.860969365468297,0.762039660056657,0.676650563607085,0.842612419700214,0.675564971751412,0.0751989452370862,0.231945474449977,0.344999999999999
"MERFISH","MERFISH_interface_band_25_r3",0.25,"interface_band",3,"Potts-like ICM",28317,0.847264893880001,0.691907275184243,0.848818225309559,0.792492917847025,0.607729468599034,0.849036402569593,0.440536723163842,0.0171398973489664,0.123070946781086,0.152999999999999
"MERFISH","MERFISH_interface_band_40_r1",0.4,"interface_band",1,"Initial",28317,0.600028251580323,0.323039855381683,0.60096536462458,0.592814371257485,0.240794417606012,0.604925053533191,0,0,0,0
"MERFISH","MERFISH_interface_band_40_r1",0.4,"interface_band",1,"SpaGCN refine",28317,0.635978387541053,0.35917860031283,0.645037159649853,0.610463332310525,0.275040257648953,0.687366167023555,0.151156630761081,0.0408451533164617,0.0864851502630928,0.0730000000000004
"MERFISH","MERFISH_interface_band_40_r1",0.4,"interface_band",1,"GraphST refine",28317,0.784193240809408,0.575884323706099,0.795240915023688,0.672964169381107,0.60805152979066,0.839400428265525,0.591470951792336,0.0873403566594079,0.301373733093195,0.331999999999994
"MERFISH","MERFISH_interface_band_40_r1",0.4,"interface_band",1,"Potts-like ICM",28317,0.678355758025215,0.408020214400314,0.696596984564027,0.620128873887696,0.368545356951154,0.758029978586724,0.261257284125022,0.0436113236419281,0.13115796164848,0.153999999999996
"MERFISH","MERFISH_interface_band_40_r2",0.4,"interface_band",2,"Initial",28317,0.600028251580323,0.32273673447915,0.601293297913434,0.592613636363636,0.242941492216855,0.604925053533191,0,0,0,0
"MERFISH","MERFISH_interface_band_40_r2",0.4,"interface_band",2,"SpaGCN refine",28317,0.639439206130593,0.362310411035756,0.650667619879985,0.622583614605707,0.277616747181965,0.701284796573876,0.157601977750309,0.0393737861220646,0.0882155595578628,0.0720000000000027
"MERFISH","MERFISH_interface_band_40_r2",0.4,"interface_band",2,"GraphST refine",28317,0.788784122611859,0.586666855631749,0.797780380031139,0.64943342776204,0.600644122383253,0.785867237687366,0.598975807875684,0.0846918957094933,0.302362538404492,0.332999999999998
"MERFISH","MERFISH_interface_band_40_r2",0.4,"interface_band",2,"Potts-like ICM",28317,0.685489282056715,0.416646033460431,0.706032860879793,0.632165605095541,0.378958668813741,0.755888650963597,0.277061628112308,0.0422576658230828,0.136737648762228,0.157000000000004
"MERFISH","MERFISH_interface_band_40_r3",0.4,"interface_band",3,"Initial",28317,0.600028251580323,0.321872643577751,0.601267625266789,0.594942528735632,0.249382716049383,0.614561027837259,0,0,0,0
"MERFISH","MERFISH_interface_band_40_r3",0.4,"interface_band",3,"SpaGCN refine",28317,0.63696719285235,0.359193997167917,0.646547615173831,0.614912549861921,0.279656468062265,0.715203426124197,0.15362881864736,0.0408451533164617,0.087403326623583,0.0739999999999981
"MERFISH","MERFISH_interface_band_40_r3",0.4,"interface_band",3,"GraphST refine",28317,0.787548115972737,0.584142082342444,0.796562473531432,0.65084985835694,0.603864734299517,0.811563169164882,0.597828006357055,0.0859866988405626,0.304022318748455,0.338000000000001
"MERFISH","MERFISH_interface_band_40_r3",0.4,"interface_band",3,"Potts-like ICM",28317,0.684994879401067,0.417210814393648,0.702186568947146,0.628260202516109,0.383574879227053,0.770877944325482,0.278032844781918,0.0437290330174798,0.137867711975139,0.154000000000003
"MERFISH","MERFISH_spatial_patch_3d_05_r1",0.05,"spatial_patch_3d",1,"Initial",28317,0.94999470282869,0.870346294273931,0.970698872485145,0.813694267515924,0.975201288244766,1,0,0,0,0
"MERFISH","MERFISH_spatial_patch_3d_05_r1",0.05,"spatial_patch_3d",1,"SpaGCN refine",28317,0.944415015714942,0.860149928507655,0.964995613513903,0.792356687898089,0.9638217928073,0.991434689507495,0.115819209039548,0.0119698152485038,0.0171981495214889,0.0730000000000004
"MERFISH","MERFISH_spatial_patch_3d_05_r1",0.05,"spatial_patch_3d",1,"GraphST refine",28317,0.853338983649398,0.700998783197071,0.862292100489398,0.689171974522293,0.72163177670424,0.855460385438972,0.285310734463277,0.116761458681833,0.125331073206908,0.331000000000003
"MERFISH","MERFISH_spatial_patch_3d_05_r1",0.05,"spatial_patch_3d",1,"Potts-like ICM",28317,0.938270296994738,0.848245148691194,0.95938497718539,0.755095541401274,0.959957058507783,0.981798715203426,0.209745762711864,0.0233820304077915,0.0328071476498217,0.155000000000001
"MERFISH","MERFISH_spatial_patch_3d_05_r2",0.05,"spatial_patch_3d",2,"Initial",28317,0.94999470282869,0.872059131178485,0.968814338380299,0.842197452229299,0.972517444981213,1,0,0,0,0
"MERFISH","MERFISH_spatial_patch_3d_05_r2",0.05,"spatial_patch_3d",2,"SpaGCN refine",28317,0.951866370025073,0.878093526248445,0.96835464917585,0.844267515923567,0.965646806226516,0.991434689507495,0.21680790960452,0.00944202817739117,0.0198114207013455,0.0730000000000004
"MERFISH","MERFISH_spatial_patch_3d_05_r2",0.05,"spatial_patch_3d",2,"GraphST refine",28317,0.871949712187025,0.736107009053133,0.872593309550804,0.778025477707006,0.725818572195384,0.855460385438972,0.516949152542373,0.109363964164901,0.129851326058551,0.331000000000003
"MERFISH","MERFISH_spatial_patch_3d_05_r2",0.05,"spatial_patch_3d",2,"Potts-like ICM",28317,0.956775082106155,0.890959110298662,0.969116791008503,0.849203821656051,0.961137949543747,0.981798715203426,0.423728813559322,0.0151667224266756,0.0355969912066956,0.152999999999999
"MERFISH","MERFISH_spatial_patch_3d_05_r3",0.05,"spatial_patch_3d",3,"Initial",28317,0.94999470282869,0.871978564745266,0.968420177559516,0.847133757961783,0.971229200214707,1,0,0,0,0
"MERFISH","MERFISH_spatial_patch_3d_05_r3",0.05,"spatial_patch_3d",3,"SpaGCN refine",28317,0.95539781756542,0.886132634565823,0.970019634112805,0.860509554140127,0.964573268921095,0.991434689507495,0.264830508474576,0.00825248132039701,0.0210827418158703,0.0739999999999981
"MERFISH","MERFISH_spatial_patch_3d_05_r3",0.05,"spatial_patch_3d",3,"GraphST refine",28317,0.877847229579405,0.748870151559687,0.875209398007034,0.784090909090909,0.726570048309179,0.855460385438972,0.621468926553672,0.108657670718561,0.13461878023802,0.341000000000001
"MERFISH","MERFISH_spatial_patch_3d_05_r3",0.05,"spatial_patch_3d",3,"Potts-like ICM",28317,0.964403008793304,0.909501585429832,0.973373953460889,0.88328025477707,0.963392377885132,0.981798715203426,0.547316384180791,0.0136426155161518,0.0403291309107603,0.161000000000001
"MERFISH","MERFISH_spatial_patch_3d_10_r1",0.1,"spatial_patch_3d",1,"Initial",28317,0.899989405657379,0.778411361375599,0.9311155165283,0.743789808917197,0.925818572195384,0.994646680942184,0,0,0,0
"MERFISH","MERFISH_spatial_patch_3d_10_r1",0.1,"spatial_patch_3d",1,"SpaGCN refine",28317,0.892326164494826,0.76608923108319,0.925655287722566,0.725,0.917659688674181,0.986081370449679,0.0745056497175141,0.0167941926623504,0.0226718932090264,0.0829999999999984
"MERFISH","MERFISH_spatial_patch_3d_10_r1",0.1,"spatial_patch_3d",1,"GraphST refine",28317,0.809301832821273,0.635867128840701,0.834699310587087,0.639968152866242,0.705636070853462,0.852248394004283,0.251765536723164,0.128742397488719,0.141928876646537,0.347000000000001
"MERFISH","MERFISH_spatial_patch_3d_10_r1",0.1,"spatial_patch_3d",1,"Potts-like ICM",28317,0.883426916693153,0.752437865050352,0.918635888317957,0.707006369426752,0.912292002147075,0.975374732334047,0.117584745762712,0.0314694918579557,0.0401172440583395,0.201
"MERFISH","MERFISH_spatial_patch_3d_10_r2",0.1,"spatial_patch_3d",2,"Initial",28317,0.899989405657379,0.778479247150488,0.930396965656569,0.74171974522293,0.923886205045625,0.992505353319058,0,0,0,0
"MERFISH","MERFISH_spatial_patch_3d_10_r2",0.1,"spatial_patch_3d",2,"SpaGCN refine",28317,0.892432107921037,0.766337994776506,0.925574938525186,0.71703821656051,0.917122920021471,0.983940042826552,0.0875706214689266,0.0181283107710418,0.0251439064872691,0.0850000000000009
"MERFISH","MERFISH_spatial_patch_3d_10_r2",0.1,"spatial_patch_3d",2,"GraphST refine",28317,0.80937246177208,0.636433385160423,0.83528426909675,0.61687898089172,0.704240472356414,0.853319057815846,0.259180790960452,0.12948793407887,0.143623971465904,0.334000000000003
"MERFISH","MERFISH_spatial_patch_3d_10_r2",0.1,"spatial_patch_3d",2,"Potts-like ICM",28317,0.881908394250803,0.749971511449291,0.919200796027581,0.681528662420382,0.910252281266774,0.972162740899358,0.12888418079096,0.0344123994506573,0.0439665218773175,0.155999999999999
"MERFISH","MERFISH_spatial_patch_3d_10_r3",0.1,"spatial_patch_3d",3,"Initial",28317,0.899989405657379,0.778379994082225,0.922980393799898,0.746178343949045,0.915405260332797,0.938972162740899,0,0,0,0
"MERFISH","MERFISH_spatial_patch_3d_10_r3",0.1,"spatial_patch_3d",3,"SpaGCN refine",28317,0.903238337394498,0.784562148806559,0.928540981625474,0.725796178343949,0.916156736446592,0.951820128479657,0.189265536723164,0.0174220129487934,0.0346788148462055,0.0730000000000004
"MERFISH","MERFISH_spatial_patch_3d_10_r3",0.1,"spatial_patch_3d",3,"GraphST refine",28317,0.832538757636755,0.667979597995709,0.848697407578192,0.632802547770701,0.716800858829844,0.852248394004283,0.44385593220339,0.124269177947812,0.157361302397853,0.332000000000001
"MERFISH","MERFISH_spatial_patch_3d_10_r3",0.1,"spatial_patch_3d",3,"Potts-like ICM",28317,0.901507928099728,0.782392615595144,0.926074716158387,0.685509554140127,0.911433172302738,0.91220556745182,0.293785310734463,0.0309593878752207,0.0574213370060388,0.155999999999999
"MERFISH","MERFISH_spatial_patch_3d_15_r1",0.15,"spatial_patch_3d",1,"Initial",28317,0.849984108486068,0.697096745524286,0.8671206193634,0.677272727272727,0.835319377348363,0.855460385438972,0,0,0,0
"MERFISH","MERFISH_spatial_patch_3d_15_r1",0.15,"spatial_patch_3d",1,"SpaGCN refine",28317,0.853233040223187,0.704316755212709,0.877812466651706,0.675,0.843048845947397,0.89186295503212,0.164783427495292,0.0252607087955461,0.0465091641063672,0.0730000000000004
"MERFISH","MERFISH_spatial_patch_3d_15_r1",0.15,"spatial_patch_3d",1,"GraphST refine",28317,0.79715365328248,0.619154356430106,0.817097078066025,0.595700636942675,0.691358024691358,0.837259100642398,0.426553672316384,0.13743819851261,0.183105554966981,0.332000000000001
"MERFISH","MERFISH_spatial_patch_3d_15_r1",0.15,"spatial_patch_3d",1,"Potts-like ICM",28317,0.844934138503373,0.696375923980616,0.870703870627491,0.621337579617834,0.837573805689748,0.856531049250535,0.224576271186441,0.0455772985998587,0.07260656142953,0.154000000000003
"MERFISH","MERFISH_spatial_patch_3d_15_r2",0.15,"spatial_patch_3d",2,"Initial",28317,0.849984108486068,0.704810170315692,0.871695044290613,0.694363103953148,0.838432635534085,0.921841541755889,0,0,0,0
"MERFISH","MERFISH_spatial_patch_3d_15_r2",0.15,"spatial_patch_3d",2,"SpaGCN refine",28317,0.844086591093689,0.698148330464634,0.867173165197851,0.668923865300146,0.831776704240472,0.922912205567452,0.0729755178907721,0.0198180231833479,0.0281103224211604,0.0730000000000004
"MERFISH","MERFISH_spatial_patch_3d_15_r2",0.15,"spatial_patch_3d",2,"GraphST refine",28317,0.791573966168733,0.613490590201768,0.810887450698329,0.608711566617862,0.677079978529254,0.839400428265525,0.30743879472693,0.122979766504633,0.154006427234523,0.330999999999996
"MERFISH","MERFISH_spatial_patch_3d_15_r2",0.15,"spatial_patch_3d",2,"Potts-like ICM",28317,0.838153759225907,0.690203073183942,0.861334330134149,0.64183748169839,0.825979602791197,0.91220556745182,0.0920433145009416,0.030163280568366,0.0396581558780944,0.154999999999994
"MERFISH","MERFISH_spatial_patch_3d_15_r3",0.15,"spatial_patch_3d",3,"Initial",28317,0.849984108486068,0.698151124458842,0.862083825097321,0.675568181818182,0.826194310252281,0.838329764453961,0,0,0,0
"MERFISH","MERFISH_spatial_patch_3d_15_r3",0.15,"spatial_patch_3d",3,"SpaGCN refine",28317,0.86792386199103,0.727250869927527,0.884371574976909,0.746178343949045,0.842619431025228,0.881156316916488,0.238700564971751,0.021022892517346,0.053819260514885,0.0729999999999933
"MERFISH","MERFISH_spatial_patch_3d_15_r3",0.15,"spatial_patch_3d",3,"GraphST refine",28317,0.832856587915387,0.669227154391536,0.841061781570944,0.709872611464968,0.708105206655931,0.825481798715203,0.584981167608286,0.12339523868877,0.194512130522301,0.332000000000001
"MERFISH","MERFISH_spatial_patch_3d_15_r3",0.15,"spatial_patch_3d",3,"Potts-like ICM",28317,0.87851820461207,0.748578128950881,0.89056603116946,0.734394904458599,0.842404723564144,0.845824411134904,0.372881355932203,0.0322406414890523,0.0834127909029911,0.158000000000001
"MERFISH","MERFISH_spatial_patch_3d_25_r1",0.25,"spatial_patch_3d",1,"Initial",28317,0.750008828618851,0.572319747068712,0.769035063827102,0.402840909090909,0.707461084272679,0.71627408993576,0,0,0,0
"MERFISH","MERFISH_spatial_patch_3d_25_r1",0.25,"spatial_patch_3d",1,"SpaGCN refine",28317,0.7382844227849,0.56140448918086,0.756525354606617,0.385227272727273,0.692538915727322,0.701284796573876,0.0368696143523096,0.0279216498728694,0.0311826817812621,0.0769999999999982
"MERFISH","MERFISH_spatial_patch_3d_25_r1",0.25,"spatial_patch_3d",1,"GraphST refine",28317,0.725818412967475,0.53621019356964,0.746449522239826,0.54968152866242,0.62716049382716,0.778372591006424,0.273626218392428,0.123457952726245,0.169897941166084,0.350999999999999
"MERFISH","MERFISH_spatial_patch_3d_25_r1",0.25,"spatial_patch_3d",1,"Potts-like ICM",28317,0.73655401349013,0.560188139951752,0.75730860962512,0.398863636363636,0.696833064949007,0.705567451820128,0.0364458256815934,0.0300875788680667,0.032454002895787,0.157000000000011
"MERFISH","MERFISH_spatial_patch_3d_25_r2",0.25,"spatial_patch_3d",2,"Initial",28317,0.750008828618851,0.572517447967385,0.759610197278685,0.406818181818182,0.687278582930757,0.69271948608137,0,0,0,0
"MERFISH","MERFISH_spatial_patch_3d_25_r2",0.25,"spatial_patch_3d",2,"SpaGCN refine",28317,0.743722851997034,0.565896560717819,0.751042378051172,0.4125,0.675147611379495,0.678800856531049,0.0538211611809578,0.026320745832941,0.0345728714199951,0.0730000000000075
"MERFISH","MERFISH_spatial_patch_3d_25_r2",0.25,"spatial_patch_3d",2,"GraphST refine",28317,0.743440336193806,0.55089212479964,0.757793868345692,0.505307467057101,0.629736983360172,0.762312633832976,0.330555163158638,0.118937753084095,0.180280396934704,0.331000000000003
"MERFISH","MERFISH_spatial_patch_3d_25_r2",0.25,"spatial_patch_3d",2,"Potts-like ICM",28317,0.748313733799484,0.569862433838847,0.75627461149951,0.455113636363636,0.681696188942566,0.669164882226981,0.0771295380703489,0.0279687352858085,0.0410001059434262,0.154000000000011
"MERFISH","MERFISH_spatial_patch_3d_25_r3",0.25,"spatial_patch_3d",3,"Initial",28317,0.750008828618851,0.558664782633457,0.760736716200293,0.430113636363636,0.70198604401503,0.753747323340471,0,0,0,0
"MERFISH","MERFISH_spatial_patch_3d_25_r3",0.25,"spatial_patch_3d",3,"SpaGCN refine",28317,0.746194865275276,0.561990415669875,0.760024429218591,0.458522727272727,0.698336017176597,0.792291220556745,0.110608843056929,0.0419531029287127,0.0601758660875093,0.0730000000000075
"MERFISH","MERFISH_spatial_patch_3d_25_r3",0.25,"spatial_patch_3d",3,"GraphST refine",28317,0.732563477769538,0.540249767593082,0.754527128700335,0.558382137628111,0.642834138486312,0.80728051391863,0.4062720723266,0.158677841604671,0.22668361761486,0.331000000000003
"MERFISH","MERFISH_spatial_patch_3d_25_r3",0.25,"spatial_patch_3d",3,"Potts-like ICM",28317,0.739237913620793,0.560742992355962,0.757906609306102,0.490340909090909,0.699731615673645,0.765524625267666,0.143099307811838,0.0620585742536962,0.0825652434933079,0.153999999999996
"MERFISH","MERFISH_spatial_patch_3d_40_r1",0.4,"spatial_patch_3d",1,"Initial",28317,0.599992937104919,0.408834841147189,0.621596527963183,0.164772727272727,0.536017176596887,0.568522483940043,0,0,0,0
"MERFISH","MERFISH_spatial_patch_3d_40_r1",0.4,"spatial_patch_3d",1,"SpaGCN refine",28317,0.612494261397747,0.424533305829129,0.627619559935825,0.182386363636364,0.538056897477187,0.580299785867238,0.0739825196433301,0.0284873454973514,0.0491577497616273,0.078000000000003
"MERFISH","MERFISH_spatial_patch_3d_40_r1",0.4,"spatial_patch_3d",1,"GraphST refine",28317,0.649786347423809,0.448950977175438,0.666853011513559,0.414165446559297,0.57037037037037,0.701284796573876,0.314028427650746,0.126368452030606,0.221633647632164,0.340999999999994
"MERFISH","MERFISH_spatial_patch_3d_40_r1",0.4,"spatial_patch_3d",1,"Potts-like ICM",28317,0.630151499099481,0.44583781970685,0.640813299100882,0.217045454545455,0.546967257112185,0.58779443254818,0.119095965392425,0.0291347851677457,0.0664618427093265,0.177000000000007
"MERFISH","MERFISH_spatial_patch_3d_40_r2",0.4,"spatial_patch_3d",2,"Initial",28317,0.599992937104919,0.406703304955132,0.628364251874649,0.198295454545455,0.545142243692968,0.573875802997859,0,0,0,0
"MERFISH","MERFISH_spatial_patch_3d_40_r2",0.4,"spatial_patch_3d",2,"SpaGCN refine",28317,0.583642334993114,0.392492824244254,0.613155860772765,0.201136363636364,0.529253891572732,0.557815845824411,0.0286925046349431,0.046380223660977,0.0415651375498817,0.111000000000004
"MERFISH","MERFISH_spatial_patch_3d_40_r2",0.4,"spatial_patch_3d",2,"GraphST refine",28317,0.601617402973479,0.391192912710233,0.642938825969969,0.3199121522694,0.561674718196457,0.682012847965739,0.247814955416262,0.162507357268982,0.215736130239785,0.343000000000004
"MERFISH","MERFISH_spatial_patch_3d_40_r2",0.4,"spatial_patch_3d",2,"Potts-like ICM",28317,0.5784157926334,0.383060331678056,0.612762804297714,0.243181818181818,0.538056897477187,0.566381156316916,0.029133927783173,0.0553855208946439,0.0460853904015256,0.162999999999997
"MERFISH","MERFISH_spatial_patch_3d_40_r3",0.4,"spatial_patch_3d",3,"Initial",28317,0.599992937104919,0.406746487348612,0.628387025327785,0.197159090909091,0.546645195920558,0.574946466809422,0,0,0,0
"MERFISH","MERFISH_spatial_patch_3d_40_r3",0.4,"spatial_patch_3d",3,"SpaGCN refine",28317,0.584101423173359,0.392895388392701,0.613351596559979,0.200568181818182,0.531078904991948,0.559957173447537,0.0296636355610488,0.046262507357269,0.0419182823039164,0.0750000000000028
"MERFISH","MERFISH_spatial_patch_3d_40_r3",0.4,"spatial_patch_3d",3,"GraphST refine",28317,0.601688031924286,0.39087678393891,0.643213459171154,0.317349926793558,0.562211486849168,0.682012847965739,0.247373532268032,0.162095350206004,0.215594872338171,0.341999999999999
"MERFISH","MERFISH_spatial_patch_3d_40_r3",0.4,"spatial_patch_3d",3,"Potts-like ICM",28317,0.579969629551153,0.385333382882979,0.61399570137569,0.242613636363636,0.541062801932367,0.566381156316916,0.0312527588946764,0.0542083578575633,0.0462619627785429,0.185999999999993
"MERFISH","MERFISH_adjacent_mix_05_r1",0.05,"adjacent_mix",1,"FiberMargin",28317,0.982060246495038,0.969723563983158,0.974238466693367,0.929178470254957,0.945679012345679,0.937901498929336,0.947776993648553,0.0161338289962825,0.0638485715294699,0.126
"MERFISH","MERFISH_adjacent_mix_05_r2",0.05,"adjacent_mix",2,"FiberMargin",28317,0.983013737330932,0.971694025555513,0.975779949682128,0.93342776203966,0.948684916800859,0.945396145610278,0.954128440366973,0.0154646840148699,0.0635307412508387,0.128
"MERFISH","MERFISH_adjacent_mix_05_r3",0.05,"adjacent_mix",3,"FiberMargin",28317,0.982166189921249,0.97015712645252,0.974508214649176,0.936260623229462,0.946108427267848,0.933618843683084,0.951305575158786,0.0162081784386617,0.0639898294310838,0.124
"MERFISH","MERFISH_adjacent_mix_10_r1",0.1,"adjacent_mix",1,"FiberMargin",28317,0.978670056856305,0.962627726777973,0.970902922955606,0.932011331444759,0.935373054213634,0.929336188436831,0.946270767055497,0.0177338355304457,0.112723805487869,0.126
"MERFISH","MERFISH_adjacent_mix_10_r2",0.1,"adjacent_mix",2,"FiberMargin",28317,0.979305717413568,0.965174490014194,0.970294181209193,0.914305949008499,0.937520128824477,0.923982869379015,0.947684694238247,0.0171845574387947,0.113041635766501,0.132
"MERFISH","MERFISH_adjacent_mix_10_r3",0.1,"adjacent_mix",3,"FiberMargin",28317,0.978634742380902,0.962819204537414,0.97046840665708,0.927053824362606,0.935373054213634,0.931477516059957,0.939201131141746,0.0169883866917765,0.111664371225765,0.13
"MERFISH","MERFISH_adjacent_mix_15_r1",0.15,"adjacent_mix",1,"FiberMargin",28317,0.976939647561536,0.960608701764244,0.967066377710124,0.912889518413598,0.930220075147611,0.922912205567452,0.949352179034158,0.0181954137587238,0.161563724970866,0.132
"MERFISH","MERFISH_adjacent_mix_15_r2",0.15,"adjacent_mix",2,"FiberMargin",28317,0.977328106790974,0.959479246594807,0.968911304372432,0.922804532577904,0.931508319914117,0.920770877944325,0.94416961130742,0.0168245264207378,0.159762686725289,0.127
"MERFISH","MERFISH_adjacent_mix_15_r3",0.15,"adjacent_mix",3,"FiberMargin",28317,0.975809584348625,0.959598036470266,0.964933217374221,0.903682719546742,0.927214170692432,0.911134903640257,0.942756183745583,0.018361581920904,0.161281209167638,0.123
"MERFISH","MERFISH_adjacent_mix_25_r1",0.25,"adjacent_mix",1,"FiberMargin",28317,0.965815587809443,0.938155770401836,0.952125953057769,0.863314447592068,0.897369833601718,0.86830835117773,0.931920903954802,0.022884588218675,0.257795670445316,0.126
"MERFISH","MERFISH_adjacent_mix_25_r2",0.25,"adjacent_mix",2,"FiberMargin",28317,0.967404739202599,0.942708543321916,0.953945335793256,0.86756373937677,0.902308105206656,0.87152034261242,0.93771186440678,0.0226962376983566,0.258537274428788,0.126
"MERFISH","MERFISH_adjacent_mix_25_r3",0.25,"adjacent_mix",3,"FiberMargin",28317,0.965956845711057,0.93872261741571,0.95125478517938,0.847025495750708,0.898443370907139,0.875802997858672,0.931073446327684,0.0224137119178792,0.257018751986439,0.128
"MERFISH","MERFISH_adjacent_mix_40_r1",0.4,"adjacent_mix",1,"FiberMargin",28317,0.93604548504432,0.883856776618662,0.91269284690648,0.775495750708215,0.832957595276436,0.810492505353319,0.902083701218436,0.0413159908186687,0.401772786665254,0.13
"MERFISH","MERFISH_adjacent_mix_40_r2",0.4,"adjacent_mix",2,"FiberMargin",28317,0.939435674683053,0.888104822719016,0.918966837125061,0.764164305949009,0.840365002683843,0.797644539614561,0.908087586085114,0.039668059560944,0.402726277501148,0.126
"MERFISH","MERFISH_adjacent_mix_40_r3",0.4,"adjacent_mix",3,"FiberMargin",28317,0.934738849454391,0.879799552959247,0.911376458606275,0.771246458923513,0.828770799785293,0.782655246252677,0.897933957266467,0.0407274439409099,0.400466151075326,0.128
"MERFISH","MERFISH_interface_band_05_r1",0.05,"interface_band",1,"FiberMargin",28317,0.969135148497369,0.942336886372392,0.961560184245923,0.905099150141643,0.90703166935051,0.926124197002141,0.709540636042403,0.0172106163110549,0.0518416498922908,0.122
"MERFISH","MERFISH_interface_band_05_r2",0.05,"interface_band",2,"FiberMargin",28317,0.97118338807077,0.945184819750599,0.965383978359683,0.91643059490085,0.912936124530327,0.93576017130621,0.725088339222615,0.0158724258419448,0.0513119327612388,0.125
"MERFISH","MERFISH_interface_band_05_r3",0.05,"interface_band",3,"FiberMargin",28317,0.969594236677614,0.943504486783576,0.962608859483821,0.902974504249292,0.908105206655931,0.922912205567452,0.71095406360424,0.0168017247788269,0.0515944485644666,0.129
"MERFISH","MERFISH_interface_band_10_r1",0.1,"interface_band",1,"FiberMargin",28317,0.952360772680722,0.90729163478639,0.944692610142696,0.864730878186969,0.85625335480408,0.91541755888651,0.700918079096045,0.0196978614871493,0.088003672705442,0.128
"MERFISH","MERFISH_interface_band_10_r2",0.1,"interface_band",2,"FiberMargin",28317,0.952607974008546,0.907002135647467,0.946410890777057,0.861898016997167,0.857541599570585,0.929336188436831,0.698093220338983,0.019109279968609,0.0871914397711622,0.126
"MERFISH","MERFISH_interface_band_10_r3",0.1,"interface_band",3,"FiberMargin",28317,0.951654483172652,0.905211434595482,0.945502977692919,0.861189801699717,0.854643048845947,0.917558886509636,0.694209039548023,0.019737100255052,0.08747395557439,0.125
"MERFISH","MERFISH_interface_band_15_r1",0.15,"interface_band",1,"FiberMargin",28317,0.93604548504432,0.875481582984019,0.929393877490383,0.845609065155807,0.810091250670961,0.897216274089936,0.692724275959501,0.0210220191109265,0.122258713846806,0.123
"MERFISH","MERFISH_interface_band_15_r2",0.15,"interface_band",2,"FiberMargin",28317,0.933255641487446,0.869082254992523,0.925272780991424,0.822237960339943,0.802683843263553,0.88865096359743,0.678596656463386,0.0218113834648941,0.12066956245365,0.121
"MERFISH","MERFISH_interface_band_15_r3",0.15,"interface_band",3,"FiberMargin",28317,0.933644100716884,0.868571962440583,0.926982789088104,0.834277620396601,0.804079441760601,0.906852248394004,0.671768307040264,0.0201495637723307,0.118444750503231,0.123
"MERFISH","MERFISH_interface_band_25_r1",0.25,"interface_band",1,"FiberMargin",28317,0.876823109792704,0.752439658126554,0.876002169251021,0.746458923512748,0.674825550187869,0.862955032119914,0.60225988700565,0.0316428874134765,0.175618886181446,0.125
"MERFISH","MERFISH_interface_band_25_r2",0.25,"interface_band",2,"FiberMargin",28317,0.875904933432214,0.746152716439051,0.877907573985122,0.761331444759207,0.677616747181965,0.88865096359743,0.597033898305085,0.0311249234826011,0.1741356782145,0.126
"MERFISH","MERFISH_interface_band_25_r3",0.25,"interface_band",3,"FiberMargin",28317,0.882579369283469,0.761650595035846,0.881984291372565,0.748583569405099,0.681159420289855,0.846895074946467,0.615112994350282,0.0282525780477469,0.176325175689515,0.125
"MERFISH","MERFISH_interface_band_40_r1",0.4,"interface_band",1,"FiberMargin",28317,0.723063883886005,0.466338624642596,0.747604407394543,0.651119975452593,0.459473966720344,0.785867237687366,0.408264170934134,0.0670943440645047,0.20835540488046,0.124000000000001
"MERFISH","MERFISH_interface_band_40_r2",0.4,"interface_band",2,"FiberMargin",28317,0.724370519475933,0.470343043785024,0.74870333537387,0.644475920679887,0.452925389157273,0.773019271948608,0.414621225498852,0.0691542581366606,0.212769714305894,0.127
"MERFISH","MERFISH_interface_band_40_r3",0.4,"interface_band",3,"FiberMargin",28317,0.7199562100505,0.46310915400927,0.742154112282326,0.607648725212465,0.454857756307032,0.785867237687366,0.408087586085114,0.0721558472132305,0.211922166896211,0.122
"MERFISH","MERFISH_spatial_patch_3d_05_r1",0.05,"spatial_patch_3d",1,"FiberMargin",28317,0.9317724335205,0.84030504619968,0.947494755679597,0.761942675159236,0.933977455716586,0.941113490364026,0.25635593220339,0.0326753652280584,0.0439665218773175,0.124
"MERFISH","MERFISH_spatial_patch_3d_05_r2",0.05,"spatial_patch_3d",2,"FiberMargin",28317,0.950948193664583,0.884650082386277,0.957924417794391,0.853025477707006,0.936768652710682,0.941113490364026,0.503531073446328,0.0255009107468124,0.0494049510894516,0.125999999999999
"MERFISH","MERFISH_spatial_patch_3d_05_r3",0.05,"spatial_patch_3d",3,"FiberMargin",28317,0.95702228343398,0.899746611368053,0.961250446119217,0.879777070063694,0.939881910896404,0.943254817987152,0.610875706214689,0.024757443961191,0.0541017763181128,0.125
"MERFISH","MERFISH_spatial_patch_3d_10_r1",0.1,"spatial_patch_3d",1,"FiberMargin",28317,0.876505279514073,0.742889362474734,0.910864268165106,0.694745222929936,0.889855072463768,0.947537473233405,0.190324858757062,0.0472434765548362,0.0617297030052619,0.124000000000001
"MERFISH","MERFISH_spatial_patch_3d_10_r2",0.1,"spatial_patch_3d",2,"FiberMargin",28317,0.876293392661652,0.742388780960476,0.911418287532793,0.673407643312102,0.890069779924852,0.947537473233405,0.202683615819209,0.0488522660388464,0.0645195465621358,0.127
"MERFISH","MERFISH_spatial_patch_3d_10_r3",0.1,"spatial_patch_3d",3,"FiberMargin",28317,0.901331355722711,0.783775341413914,0.923859240723765,0.695700636942675,0.897262479871176,0.920770877944325,0.41066384180791,0.0441436138905238,0.0811526644771692,0.123
"MERFISH","MERFISH_spatial_patch_3d_15_r1",0.15,"spatial_patch_3d",1,"FiberMargin",28317,0.850655083518734,0.706618569303682,0.875410546267996,0.627866242038217,0.836607622114868,0.89186295503212,0.364642184557439,0.0635672441730026,0.109651446127768,0.125999999999999
"MERFISH","MERFISH_spatial_patch_3d_15_r2",0.15,"spatial_patch_3d",2,"FiberMargin",28317,0.837941872373486,0.689909381826035,0.863779289492067,0.640922401171303,0.818357487922705,0.906852248394004,0.200329566854991,0.0495242843491628,0.0732069075113889,0.122
"MERFISH","MERFISH_spatial_patch_3d_15_r3",0.15,"spatial_patch_3d",3,"FiberMargin",28317,0.886075502348413,0.76250234987803,0.897285542362627,0.749363057324841,0.847342995169082,0.876873661670236,0.529425612052731,0.0509784369936433,0.123353462584313,0.127
"MERFISH","MERFISH_spatial_patch_3d_25_r1",0.25,"spatial_patch_3d",1,"FiberMargin",28317,0.7454179468164,0.571595567217154,0.770801473889019,0.545222929936306,0.704777241009125,0.769807280513919,0.155247916372369,0.0578679725021188,0.085814175230427,0.128
"MERFISH","MERFISH_spatial_patch_3d_25_r2",0.25,"spatial_patch_3d",2,"FiberMargin",28317,0.761238831797154,0.583886436070818,0.77558130341676,0.50201317715959,0.697799248523886,0.745182012847966,0.206950134199746,0.054006968641115,0.0963732033760639,0.126
"MERFISH","MERFISH_spatial_patch_3d_25_r3",0.25,"spatial_patch_3d",3,"FiberMargin",28317,0.754811597273722,0.577822962854767,0.779467725374373,0.550878477306003,0.719162640901771,0.820128479657388,0.294956914818477,0.0919107260570675,0.146166613694954,0.127
"MERFISH","MERFISH_spatial_patch_3d_40_r1",0.4,"spatial_patch_3d",1,"FiberMargin",28317,0.648832856587915,0.457609843434206,0.66506488557169,0.386931818181818,0.577777777777778,0.635974304068523,0.210647126335305,0.0590347263095939,0.128050287812975,0.122
"MERFISH","MERFISH_spatial_patch_3d_40_r2",0.4,"spatial_patch_3d",2,"FiberMargin",28317,0.600063566055726,0.400335953154106,0.640821559008392,0.314238653001464,0.572302737520129,0.650963597430407,0.140990553544628,0.0938787522071807,0.121234594060105,0.125999999999999
"MERFISH","MERFISH_spatial_patch_3d_40_r3",0.4,"spatial_patch_3d",3,"FiberMargin",28317,0.59928664759685,0.39870289980448,0.640273090451422,0.312408491947291,0.572624798711755,0.653104925053533,0.139401430211,0.0941141848145968,0.120916763781474,0.117
"CRC","CRC_boundary_05_r1",0.05,"boundary",1,"FiberMargin",194541,0.955459260515778,0.926153185209398,0.920047831831864,0.641025641025641,0.806735450444415,0.641025641025641,0.436208491826874,0.0172118995314208,0.0382335857222899,1.34
"CRC","CRC_boundary_05_r2",0.05,"boundary",2,"FiberMargin",194541,0.954719056651297,0.924976232798117,0.9166600760624,0.615384615384615,0.803854571441333,0.615384615384615,0.440731983139714,0.0182291384851797,0.0394107154789993,1.357
"CRC","CRC_boundary_05_r3",0.05,"boundary",3,"FiberMargin",194541,0.954755038783598,0.925040803375399,0.919435667594654,0.641025641025641,0.803876903836706,0.641025641025641,0.43744217127583,0.0180181155107297,0.0390406135467588,1.384
"CRC","CRC_patch_05_r1",0.05,"patch",1,"FiberMargin",194541,0.928534344945281,0.887120497071149,0.905736308222348,0.705128205128205,0.847536736790388,0.705128205128205,0.280353654775368,0.0373510664776478,0.0497427277540467,1.326
"CRC","CRC_patch_05_r2",0.05,"patch",2,"FiberMargin",194541,0.929618949218931,0.884688675128636,0.915554905897883,0.705128205128205,0.870226450489079,0.705128205128205,0.258558651177136,0.0350622788316902,0.0463347057946654,1.519
"CRC","CRC_patch_05_r3",0.05,"patch",3,"FiberMargin",194541,0.93375175412895,0.893549814548354,0.920031563942148,0.750123517786561,0.872214033677252,0.769230769230769,0.243651691168911,0.0299273864534072,0.0411018756971538,1.436
"CRC","CRC_random_05_r1",0.05,"random",1,"FiberMargin",194541,0.97971121768676,0.967869775338544,0.950223685544223,0.692307692307692,0.912010362231453,0.692307692307692,0.938521640793667,0.0181209215752053,0.0667776972463388,1.534
"CRC","CRC_random_05_r2",0.05,"random",2,"FiberMargin",194541,0.979865426825194,0.968202818054619,0.949769490044828,0.692307692307692,0.912881325650989,0.692307692307692,0.943867585072479,0.0182399601761771,0.0669524676032302,1.44
"CRC","CRC_random_05_r3",0.05,"random",3,"FiberMargin",194541,0.979736919209832,0.967865994423167,0.952993889414762,0.743589743589744,0.912390012952789,0.743589743589744,0.940269353346356,0.01818585172119,0.066757136027881,1.278
"CRC","CRC_region_05_r1",0.05,"region",1,"FiberMargin",194541,0.912784451606602,0.88213346225487,0.87096592990929,0.615384615384615,0.799053106436196,0.615384615384615,0.220931427983962,0.0508024283874598,0.0594527631707455,1.325
"CRC","CRC_region_05_r2",0.05,"region",2,"FiberMargin",194541,0.93445597586113,0.883392710439311,0.906507379133585,0.654075546719682,0.881146991826343,0.743589743589744,0.23573558137144,0.0287694655166816,0.0392102435990357,1.258
"CRC","CRC_region_05_r3",0.05,"region",3,"FiberMargin",194541,0.931993769950807,0.924565339023369,0.86484748555645,0.115384615384615,0.834427620706597,0.115384615384615,0.0466742058188547,0.0214107156384257,0.0254753496692214,1.332
"CRC","CRC_boundary_10_r1",0.1,"boundary",1,"FiberMargin",194541,0.925388478521237,0.880041527808285,0.86425219760375,0.487179487179487,0.678100853097503,0.487179487179487,0.418114526575511,0.018248070959009,0.0583681588970962,1.368
"CRC","CRC_boundary_10_r2",0.1,"boundary",2,"FiberMargin",194541,0.925229129078189,0.879601966245274,0.870685972015928,0.435897435897436,0.677810531957658,0.435897435897436,0.418988382851856,0.0185222203818673,0.0586971383924211,1.287
"CRC","CRC_boundary_10_r3",0.1,"boundary",3,"FiberMargin",194541,0.92470995831213,0.878121038892928,0.874587781103455,0.5,0.675711286792621,0.5,0.417240670299167,0.0189048872846071,0.0588821893585414,1.29
"CRC","CRC_patch_10_r1",0.1,"patch",1,"FiberMargin",194541,0.879413594049583,0.805211302361359,0.855996220886838,0.653846153846154,0.809928982982715,0.653846153846154,0.240053459442788,0.0495467967353373,0.0702731043841658,1.252
"CRC","CRC_patch_10_r2",0.1,"patch",2,"FiberMargin",194541,0.879043492117343,0.824711052841877,0.843641848261011,0.294871794871795,0.795904238688642,0.294871794871795,0.233885062198006,0.0492726473124789,0.0684739977691078,1.881
"CRC","CRC_patch_10_r3",0.1,"patch",3,"FiberMargin",194541,0.877681311394513,0.812982224954467,0.867526112339704,0.551282051282051,0.79351467238376,0.551282051282051,0.265703711319009,0.0543215658501202,0.0797107036562987,1.857
"CRC","CRC_random_10_r1",0.1,"random",1,"FiberMargin",194541,0.977115363856462,0.963397358695303,0.94106510821656,0.653846153846154,0.901067488498816,0.653846153846154,0.944844247969569,0.019298977079966,0.116510144391157,1.917
"CRC","CRC_random_10_r2",0.1,"random",2,"FiberMargin",194541,0.976693858878077,0.962604083099124,0.942222925956712,0.641025641025641,0.899280896868998,0.641025641025641,0.944587231417703,0.0197387584458012,0.116952210587999,1.838
"CRC","CRC_random_10_r3",0.1,"random",3,"FiberMargin",194541,0.977017698068788,0.963336741306609,0.946250069234942,0.67948717948718,0.900620840591362,0.67948717948718,0.945101264521435,0.0194360517913951,0.116674634138819,1.564
"CRC","CRC_region_10_r1",0.1,"region",1,"FiberMargin",194541,0.869533928580608,0.828118764896069,0.838456052425893,0.260162601626016,0.705592031801331,0.512820512820513,0.046211576025496,0.0389863325089813,0.0399350265496733,1.706
"CRC","CRC_region_10_r2",0.1,"region",2,"FiberMargin",194541,0.852391012691412,0.793612352544377,0.831367363487909,0.583148558758315,0.696815400419849,0.615384615384615,0.207052534183201,0.0759051214539058,0.0892511090207206,1.515
"CRC","CRC_region_10_r3",0.1,"region",3,"FiberMargin",194541,0.882842177227423,0.777550845759863,0.841977811422525,0.612950163695889,0.792509714591987,0.730769230769231,0.192711010589082,0.0404770199957735,0.0561064248667376,1.628
"CRC","CRC_boundary_15_r1",0.15,"boundary",1,"FiberMargin",194541,0.89378588575159,0.835861145064181,0.820170163146138,0.41025641025641,0.545424092188128,0.41025641025641,0.388471950926973,0.0170416061925496,0.0729717643067528,1.657
"CRC","CRC_boundary_15_r2",0.15,"boundary",2,"FiberMargin",194541,0.893518589911638,0.834536272425105,0.814863781713345,0.423076923076923,0.544463799187101,0.423076923076923,0.386724238374285,0.0170476536042574,0.0727610118175603,1.535
"CRC","CRC_boundary_15_r3",0.15,"boundary",3,"FiberMargin",194541,0.894114865246915,0.835887223452185,0.824157096215823,0.487179487179487,0.547724328911519,0.487179487179487,0.391727493917275,0.017229075955491,0.073634863602017,1.51
"CRC","CRC_patch_15_r1",0.15,"patch",1,"FiberMargin",194541,0.823672130810472,0.716788942869911,0.821793379816273,0.641025641025641,0.771115279824914,0.641025641025641,0.22459819745725,0.0706095791001451,0.102687865282897,1.585
"CRC","CRC_patch_15_r2",0.15,"patch",2,"FiberMargin",194541,0.815077541495109,0.713833061281349,0.786980266617101,0.217948717948718,0.700634240028585,0.217948717948718,0.208012062643501,0.0777939042089986,0.105263157894737,1.582
"CRC","CRC_patch_15_r3",0.15,"patch",3,"FiberMargin",194541,0.817750499894624,0.729742934453034,0.812856821112031,0.512820512820513,0.721068381794631,0.512820512820513,0.230800863575614,0.078670778906628,0.101901398676886,1.503
"CRC","CRC_random_15_r1",0.15,"random",1,"FiberMargin",194541,0.973722762810924,0.957460693520569,0.939389721432753,0.653846153846154,0.886551431506543,0.653846153846154,0.942668174497104,0.0207970488630866,0.166509887375926,1.485
"CRC","CRC_random_15_r2",0.15,"random",2,"FiberMargin",194541,0.973604535804792,0.957154005626191,0.941482260511019,0.705128205128205,0.886350439948189,0.705128205128205,0.940646310955759,0.0205793420416062,0.166186048185215,1.487
"CRC","CRC_random_15_r3",0.15,"random",3,"FiberMargin",194541,0.973183030826407,0.956583848343603,0.937302223941469,0.67948717948718,0.884764839876725,0.67948717948718,0.941708646036805,0.0212626995645864,0.166777183215877,1.69
"CRC","CRC_region_15_r1",0.15,"region",1,"FiberMargin",194541,0.826478737129962,0.758539799727196,0.840422651358347,0.165558019216556,0.715038635043995,0.615384615384615,0.00747061444090333,0.0289912917271408,0.0258300306876185,1.844
"CRC","CRC_region_15_r2",0.15,"region",2,"FiberMargin",194541,0.818233688528382,0.720910812905555,0.801366233228831,0.57455268389662,0.759078118719014,0.641025641025641,0.226928480860834,0.0774189646831156,0.0999378023141651,1.785
"CRC","CRC_region_15_r3",0.15,"region",3,"FiberMargin",194541,0.801286104214536,0.71647126816689,0.733174915540185,0.426778242677824,0.631582473536112,0.615384615384615,0.220211781638738,0.0961719883889695,0.115158244277556,1.873
"CRC","CRC_boundary_25_r1",0.25,"boundary",1,"FiberMargin",194541,0.845071218920433,0.77227224705307,0.729048987870944,0.304351656095842,0.352740184912234,0.320512820512821,0.401686028580241,0.00713473057996244,0.106388884605302,1.478
"CRC","CRC_boundary_25_r2",0.25,"boundary",2,"FiberMargin",194541,0.845569828468035,0.773100320738279,0.732059305597613,0.306113460183228,0.354214123006834,0.320512820512821,0.40370103834687,0.00714158430770496,0.106841231411373,1.276
"CRC","CRC_boundary_25_r3",0.25,"boundary",3,"FiberMargin",194541,0.845163744403493,0.772503106714026,0.730825144298023,0.305673009161381,0.352717852516861,0.320512820512821,0.402220623008122,0.0071895604019026,0.106527672829892,1.203
"CRC","CRC_patch_25_r1",0.25,"patch",1,"FiberMargin",194541,0.706951233930123,0.593670252829301,0.639139760486712,0.0701754385964912,0.549667247308946,0.102564102564103,0.182008841369384,0.118069167820378,0.14435517448764,1.444
"CRC","CRC_patch_25_r2",0.25,"patch",2,"FiberMargin",194541,0.71035411558489,0.568306487835443,0.675994291596825,0.16374269005848,0.606279869578811,0.435897435897436,0.19658682019122,0.118391293024276,0.14280794279869,1.43
"CRC","CRC_patch_25_r3",0.25,"patch",3,"FiberMargin",194541,0.71274435723061,0.521951024313104,0.705741431795584,0.548387096774194,0.60741882174282,0.615384615384615,0.223234296288681,0.124086740778309,0.158444749435852,1.451
"CRC","CRC_random_25_r1",0.25,"random",1,"FiberMargin",194541,0.967431029962836,0.94604964505726,0.927461162930386,0.576923076923077,0.860221537362097,0.576923076923077,0.940783386450087,0.0236864830781462,0.265882256182501,1.354
"CRC","CRC_random_25_r2",0.25,"random",2,"FiberMargin",194541,0.968160953218088,0.948028121035893,0.925909963403184,0.576923076923077,0.863013086783688,0.576923076923077,0.941605839416058,0.0229874028484092,0.265393927244128,1.486
"CRC","CRC_random_25_r3",0.25,"random",3,"FiberMargin",194541,0.96884461373181,0.949131890769967,0.930765744017888,0.692307692307692,0.865759971414534,0.692307692307692,0.943250745348,0.0226241552780557,0.265285980847225,2.13800000000001
"CRC","CRC_region_25_r1",0.25,"region",1,"FiberMargin",194541,0.74488154168016,0.4937428924223,0.718906300610373,0.42544731610338,0.687860109875385,0.564102564102564,0.21190500668243,0.0774608309459515,0.111534329524368,1.65199999999999
"CRC","CRC_region_25_r2",0.25,"region",2,"FiberMargin",194541,0.750762050159092,0.425706216314077,0.771510588010631,0.277915019762846,0.714212336415204,0.743589743589744,0.139426339056235,0.0454607761161296,0.069137097064372,1.206
"CRC","CRC_region_25_r3",0.25,"region",3,"FiberMargin",194541,0.742049233837597,0.479335117976641,0.687510236755697,0.433155080213904,0.679351467238376,0.551282051282051,0.234275727356842,0.0886940907159404,0.125551940207977,2.137
"CRC","CRC_boundary_40_r1",0.4,"boundary",1,"FiberMargin",194541,0.846155823194082,0.780025865566662,0.709347040953451,0.243589743589744,0.413037652418598,0.243589743589744,0.641924539940372,0.0176911544227886,0.270523951249351,1.642
"CRC","CRC_boundary_40_r2",0.4,"boundary",2,"FiberMargin",194541,0.84589880796336,0.780525844782264,0.707938696562751,0.230769230769231,0.413305641163071,0.230769230769231,0.641037832836435,0.017528378667809,0.270097305966352,1.643
"CRC","CRC_boundary_40_r3",0.4,"boundary",3,"FiberMargin",194541,0.845729177911083,0.779546835589988,0.710095945825695,0.25,0.411318057974898,0.294871794871795,0.639855556697851,0.0170229171128721,0.269161770526521,1.798
"CRC","CRC_patch_40_r1",0.4,"patch",1,"FiberMargin",194541,0.559049249258511,0.372709942415401,0.550884958787153,0.278640059127864,0.469583277502345,0.512820512820513,0.192094170864604,0.19631612765046,0.211682884327725,1.641
"CRC","CRC_patch_40_r2",0.4,"patch",2,"FiberMargin",194541,0.565947538051105,0.347478744265001,0.529890089033184,0.00584795321637427,0.497811425253473,0.166666666666667,0.176287652924848,0.174281430713215,0.202157899877147,1.458
"CRC","CRC_patch_40_r3",0.4,"patch",3,"FiberMargin",194541,0.560966582879701,0.438888318586038,0.51386935319702,0.128205128205128,0.404663004153826,0.128205128205128,0.158823378225558,0.170940244163632,0.201731254594147,1.301
"CRC","CRC_random_40_r1",0.4,"random",1,"FiberMargin",194541,0.958281287749112,0.931381249561482,0.904525210369771,0.487179487179487,0.823015766671133,0.487179487179487,0.936812480723759,0.0274062968515742,0.413522085318776,1.283
"CRC","CRC_random_40_r2",0.4,"random",2,"FiberMargin",194541,0.957587346626161,0.931271457766249,0.90979540652894,0.58974358974359,0.820335879226406,0.58974358974359,0.935771563688702,0.0278689226815164,0.413542646537234,1.444
"CRC","CRC_random_40_r3",0.4,"random",3,"FiberMargin",194541,0.957556504798474,0.930484257458691,0.906033676886878,0.602564102564103,0.820358211621779,0.602564102564103,0.935810116171481,0.0279460269865067,0.413732837807968,0.999000000000002
"CRC","CRC_region_40_r1",0.4,"region",1,"FiberMargin",194541,0.589520975012979,0.302090236299001,0.510254202809638,0,0.39823127428648,0,0.201719440731983,0.151946883701007,0.172436658596388,1.267
"CRC","CRC_region_40_r2",0.4,"region",2,"FiberMargin",194541,0.603230167419721,0.492252996421882,0.560702236444737,0,0.424896154361517,0,0.0617353757581988,0.035776397515528,0.0473884682406279,1.465
"CRC","CRC_region_40_r3",0.4,"region",3,"FiberMargin",194541,0.609270025341702,0.368313086945977,0.638326649416208,0,0.626423690205011,0.705128205128205,0.114899249511669,0.061152281002356,0.0830004986095476,0.997
