"shape","acquisition","noise_type","replicate","scenario","samples","n","stage","method","accuracy","ari","macro_recall","worst_recall","sparse_region_accuracy","boundary_accuracy","interior_accuracy","correction_recall","damage_rate","changed_precision","changed_fraction","density_ratio","seconds","classes","initial_accuracy","accuracy_gain","error_reduction","dense_region_accuracy","unresolved_fraction","observations"
"Branching tubes","class_imbalanced","boundary",1,1,1,12000,"primary","Initial",0.75,0.269536266428367,0.255942822634553,0.0923076923076923,0.125,0,0.9375,0,0,NA,0,224.5625,0,NA,NA,NA,NA,NA,NA,NA
"Branching tubes","class_imbalanced","boundary",1,1,1,12000,"primary","SpaGCN refine",0.759166666666667,0.288528589069048,0.264308349735685,0.0846153846153846,0.145833333333333,0.0075,0.947083333333333,0.0393333333333333,0.000888888888888889,0.330532212885154,0.02975,224.5625,0.0329999999999999,NA,NA,NA,NA,NA,NA,NA
"Branching tubes","class_imbalanced","boundary",1,1,1,12000,"primary","GraphST refine",0.865,0.600049857357027,0.247890859873226,0,0,0.450416666666667,0.968645833333333,0.504333333333333,0.0147777777777778,0.573323228495642,0.219916666666667,224.5625,0.139,NA,NA,NA,NA,NA,NA,NA
"Branching tubes","class_imbalanced","boundary",1,1,1,12000,"primary","Potts-like ICM",0.7545,0.276544884452518,0.256944770867228,0.0923076923076923,0.125,0.00583333333333333,0.941666666666667,0.018,0,0.947368421052632,0.00475,224.5625,0.0810000000000004,NA,NA,NA,NA,NA,NA,NA
"Branching tubes","class_imbalanced","boundary",2,2,1,12000,"primary","Initial",0.75,0.0512351793328103,0.166028020090642,0,0.024390243902439,0,0.9375,0,0,NA,0,285.463414634146,0,NA,NA,NA,NA,NA,NA,NA
"Branching tubes","class_imbalanced","boundary",2,2,1,12000,"primary","SpaGCN refine",0.75875,0.057075751302603,0.171858209221964,0.0126582278481013,0.024390243902439,0.00375,0.9475,0.0363333333333333,0.000444444444444444,0.364548494983278,0.0249166666666667,285.463414634146,0.032,NA,NA,NA,NA,NA,NA,NA
"Branching tubes","class_imbalanced","boundary",2,2,1,12000,"primary","GraphST refine",0.883166666666667,0.276026993472911,0.308280395079666,0.0692307692307692,0.195121951219512,0.455833333333333,0.99,0.537333333333333,0.00155555555555556,0.602166604407919,0.223083333333333,285.463414634146,0.139,NA,NA,NA,NA,NA,NA,NA
"Branching tubes","class_imbalanced","boundary",2,2,1,12000,"primary","Potts-like ICM",0.75475,0.0532113826010033,0.167002046064668,0,0.024390243902439,0.00583333333333333,0.941979166666667,0.019,0,1,0.00475,285.463414634146,0.077,NA,NA,NA,NA,NA,NA,NA
"Branching tubes","class_imbalanced","boundary",3,3,3,12000,"primary","Initial",0.75,0.57142349245949,0.66607416166457,0.582994120307553,0.63003663003663,0,0.9375,0,0,NA,0,9.96153846153846,0,NA,NA,NA,NA,NA,NA,NA
"Branching tubes","class_imbalanced","boundary",3,3,3,12000,"primary","SpaGCN refine",0.792583333333333,0.627812056993253,0.730677929903141,0.6515707874337,0.728937728937729,0.1575,0.951354166666667,0.187,0.00555555555555556,0.755047106325707,0.0619166666666667,9.96153846153846,0.032,NA,NA,NA,NA,NA,NA,NA
"Branching tubes","class_imbalanced","boundary",3,3,3,12000,"primary","GraphST refine",0.932666666666667,0.838157021571949,0.909733892894222,0.728937728937729,0.728937728937729,0.867083333333333,0.9490625,0.870333333333333,0.0465555555555556,0.788107455478418,0.276083333333333,9.96153846153846,0.135,NA,NA,NA,NA,NA,NA,NA
"Branching tubes","class_imbalanced","boundary",3,3,3,12000,"primary","Potts-like ICM",0.8265,0.662860019969312,0.772525834682933,0.688644688644689,0.688644688644689,0.351666666666667,0.945208333333333,0.360333333333333,0.0181111111111111,0.828352490421456,0.10875,9.96153846153846,0.0690000000000002,NA,NA,NA,NA,NA,NA,NA
"Branching tubes","class_imbalanced","patch",1,4,1,12000,"primary","Initial",0.75,0.399845155812889,0.683519873755792,0.489655172413793,0.594594594594595,0.689583333333333,0.765104166666667,0,0,NA,0,124.162162162162,0,NA,NA,NA,NA,NA,NA,NA
"Branching tubes","class_imbalanced","patch",1,4,1,12000,"primary","SpaGCN refine",0.748,0.393687580069049,0.638899233985361,0.418918918918919,0.418918918918919,0.665416666666667,0.768645833333333,0.019,0.009,0.134433962264151,0.0353333333333333,124.162162162162,0.034,NA,NA,NA,NA,NA,NA,NA
"Branching tubes","class_imbalanced","patch",1,4,1,12000,"primary","GraphST refine",0.76525,0.427403890143496,0.532159443679643,0.027027027027027,0.027027027027027,0.585833333333333,0.810104166666667,0.212666666666667,0.0505555555555556,0.233870967741935,0.227333333333333,124.162162162162,0.142,NA,NA,NA,NA,NA,NA,NA
"Branching tubes","class_imbalanced","patch",1,4,1,12000,"primary","Potts-like ICM",0.737583333333333,0.377751808212546,0.604425816186577,0.22972972972973,0.22972972972973,0.628333333333333,0.764895833333333,0.0146666666666667,0.0214444444444444,0.116402116402116,0.0315,124.162162162162,0.0800000000000001,NA,NA,NA,NA,NA,NA,NA
"Branching tubes","class_imbalanced","patch",2,5,1,12000,"primary","Initial",0.75,0.506633779276005,0.694997640548449,0.507963118189438,0.721649484536082,0.62875,0.7803125,0,0,NA,0,74.4329896907217,0,NA,NA,NA,NA,NA,NA,NA
"Branching tubes","class_imbalanced","patch",2,5,1,12000,"primary","SpaGCN refine",0.746916666666667,0.499876296983188,0.657762923612511,0.511244377811094,0.54639175257732,0.596666666666667,0.784479166666667,0.0306666666666667,0.0143333333333333,0.188524590163934,0.0406666666666667,74.4329896907217,0.04,NA,NA,NA,NA,NA,NA,NA
"Branching tubes","class_imbalanced","patch",2,5,1,12000,"primary","GraphST refine",0.765583333333333,0.541209986026114,0.568453991760063,0.0618556701030928,0.0618556701030928,0.594166666666667,0.8084375,0.249666666666667,0.0624444444444444,0.276383763837638,0.225833333333333,74.4329896907217,0.159,NA,NA,NA,NA,NA,NA,NA
"Branching tubes","class_imbalanced","patch",2,5,1,12000,"primary","Potts-like ICM",0.72425,0.449957254311768,0.58608491174863,0.237113402061856,0.237113402061856,0.564166666666667,0.764270833333333,0.019,0.0406666666666667,0.0846953937592868,0.0560833333333333,74.4329896907217,0.0840000000000001,NA,NA,NA,NA,NA,NA,NA
"Branching tubes","class_imbalanced","patch",3,6,3,12000,"primary","Initial",0.75,0.504445403857205,0.715058693165124,0.606420927467301,0.795698924731183,0.6475,0.775625,0,0,NA,0,77.258064516129,0,NA,NA,NA,NA,NA,NA,NA
"Branching tubes","class_imbalanced","patch",3,6,3,12000,"primary","SpaGCN refine",0.745833333333333,0.494350981155435,0.668376689016723,0.56989247311828,0.56989247311828,0.610833333333333,0.779583333333333,0.0376666666666667,0.0181111111111111,0.190556492411467,0.0494166666666667,77.258064516129,0.032,NA,NA,NA,NA,NA,NA,NA
"Branching tubes","class_imbalanced","patch",3,6,3,12000,"primary","GraphST refine",0.755833333333333,0.490609002706318,0.55537107054333,0,0,0.57125,0.801979166666667,0.287333333333333,0.088,0.281699346405229,0.255,77.258064516129,0.173,NA,NA,NA,NA,NA,NA,NA
"Branching tubes","class_imbalanced","patch",3,6,3,12000,"primary","Potts-like ICM",0.722833333333333,0.441874542530543,0.580909083509259,0.172043010752688,0.172043010752688,0.589166666666667,0.75625,0.031,0.0465555555555556,0.155778894472362,0.04975,77.258064516129,0.0699999999999998,NA,NA,NA,NA,NA,NA,NA
"Branching tubes","class_imbalanced","random",1,7,1,12000,"primary","Initial",0.75,0.276319614121732,0.721285662129647,0.666666666666667,0.736842105263158,0.744583333333333,0.751354166666667,0,0,NA,0,189.017543859649,0,NA,NA,NA,NA,NA,NA,NA
"Branching tubes","class_imbalanced","random",1,7,1,12000,"primary","SpaGCN refine",0.93725,0.709446227216681,0.724761004715502,0.492753623188406,0.56140350877193,0.876666666666667,0.952395833333333,0.771,0.00733333333333333,0.964151729887453,0.199916666666667,189.017543859649,0.032,NA,NA,NA,NA,NA,NA,NA
"Branching tubes","class_imbalanced","random",1,7,1,12000,"primary","GraphST refine",0.964583333333333,0.792035464176303,0.4128073717057,0,0,0.846666666666667,0.9940625,0.964333333333333,0.0353333333333333,0.883089133089133,0.273,189.017543859649,0.202,NA,NA,NA,NA,NA,NA,NA
"Branching tubes","class_imbalanced","random",1,7,1,12000,"primary","Potts-like ICM",0.9665,0.808984712118222,0.452829018631534,0.0434782608695652,0.087719298245614,0.855,0.994375,0.941333333333333,0.0251111111111111,0.910380399742102,0.2585,189.017543859649,0.0820000000000003,NA,NA,NA,NA,NA,NA,NA
"Branching tubes","class_imbalanced","random",2,8,1,12000,"primary","Initial",0.75,0.258752369332944,0.746623485753914,0.710526315789474,0.770833333333333,0.756666666666667,0.748333333333333,0,0,NA,0,226.5625,0,NA,NA,NA,NA,NA,NA,NA
"Branching tubes","class_imbalanced","random",2,8,1,12000,"primary","SpaGCN refine",0.942333333333333,0.70794519888987,0.74598215197371,0.479166666666667,0.479166666666667,0.892083333333333,0.954895833333333,0.788,0.00622222222222222,0.970045137464095,0.203083333333333,226.5625,0.0669999999999997,NA,NA,NA,NA,NA,NA,NA
"Branching tubes","class_imbalanced","random",2,8,1,12000,"primary","GraphST refine",0.969666666666667,0.809483477008361,0.434404545425802,0,0,0.86625,0.995520833333333,0.969,0.0301111111111111,0.899164862356944,0.269416666666667,226.5625,0.148,NA,NA,NA,NA,NA,NA,NA
"Branching tubes","class_imbalanced","random",2,8,1,12000,"primary","Potts-like ICM",0.972916666666667,0.82844165998782,0.454058091823335,0.0131578947368421,0.0416666666666667,0.882083333333333,0.995625,0.959333333333333,0.0225555555555556,0.922140339634732,0.260083333333333,226.5625,0.081,NA,NA,NA,NA,NA,NA,NA
"Branching tubes","class_imbalanced","random",3,9,3,12000,"primary","Initial",0.750166666666667,0.472034284209593,0.752471275683877,0.725677830940989,0.783783783783784,0.734583333333333,0.7540625,0,0,NA,0,64.7927927927928,0,NA,NA,NA,NA,NA,NA,NA
"Branching tubes","class_imbalanced","random",3,9,3,12000,"primary","SpaGCN refine",0.916166666666667,0.799363788684277,0.851634519843085,0.63963963963964,0.63963963963964,0.846666666666667,0.933541666666667,0.722481654436291,0.0193290379915574,0.904006677796327,0.199666666666667,64.7927927927928,0.0410000000000004,NA,NA,NA,NA,NA,NA,NA
"Branching tubes","class_imbalanced","random",3,9,3,12000,"primary","GraphST refine",0.899083333333333,0.742192908143564,0.718655608365447,0,0,0.82625,0.917291666666667,0.892261507671781,0.0986447456120862,0.708234048186391,0.31475,64.7927927927928,0.162,NA,NA,NA,NA,NA,NA,NA
"Branching tubes","class_imbalanced","random",3,9,3,12000,"primary","Potts-like ICM",0.913916666666667,0.773834334335813,0.79978763979336,0.324324324324324,0.324324324324324,0.850833333333333,0.9296875,0.83155436957972,0.0586536325261053,0.788924050632911,0.263333333333333,64.7927927927928,0.0840000000000005,NA,NA,NA,NA,NA,NA,NA
"Branching tubes","class_imbalanced","region",1,10,1,12000,"primary","Initial",0.75,0.582473207827019,0.801657902924915,0.493327402135231,1,0.750833333333333,0.749791666666667,0,0,NA,0,10.4518072289157,0,NA,NA,NA,NA,NA,NA,NA
"Branching tubes","class_imbalanced","region",1,10,1,12000,"primary","SpaGCN refine",0.734583333333333,0.548146572088769,0.789013813429535,0.491548042704626,0.973895582329317,0.699166666666667,0.7434375,0.00433333333333333,0.022,0.0599078341013825,0.0180833333333333,10.4518072289157,0.052,NA,NA,NA,NA,NA,NA,NA
"Branching tubes","class_imbalanced","region",1,10,1,12000,"primary","GraphST refine",0.687,0.453057728041517,0.745849935228126,0.481761565836299,0.879518072289157,0.65375,0.6953125,0.028,0.0933333333333333,0.0892667375132837,0.0784166666666667,10.4518072289157,0.182,NA,NA,NA,NA,NA,NA,NA
"Branching tubes","class_imbalanced","region",1,10,1,12000,"primary","Potts-like ICM",0.71325,0.496286186416124,0.77844105495513,0.495106761565836,0.965863453815261,0.68875,0.719375,0.00566666666666667,0.0508888888888889,0.0351239669421488,0.0403333333333333,10.4518072289157,0.11,NA,NA,NA,NA,NA,NA,NA
"Branching tubes","class_imbalanced","region",2,11,1,12000,"primary","Initial",0.75,0.121345033669408,0.799080374478952,0.592105263157895,1,0.8075,0.735625,0,0,NA,0,284.951219512195,0,NA,NA,NA,NA,NA,NA,NA
"Branching tubes","class_imbalanced","region",2,11,1,12000,"primary","SpaGCN refine",0.743666666666667,0.0786124748473751,0.534226619260074,0.341463414634146,0.341463414634146,0.776666666666667,0.735416666666667,0.00766666666666667,0.011,0.186991869918699,0.01025,284.951219512195,0.0419999999999998,NA,NA,NA,NA,NA,NA,NA
"Branching tubes","class_imbalanced","region",2,11,1,12000,"primary","GraphST refine",0.7335,0.0104460757632065,0.241494667937498,0,0,0.741666666666667,0.731458333333333,0.0303333333333333,0.0321111111111111,0.235751295336788,0.0321666666666667,284.951219512195,0.187,NA,NA,NA,NA,NA,NA,NA
"Branching tubes","class_imbalanced","region",2,11,1,12000,"primary","Potts-like ICM",0.736,0.0295259869038069,0.298626989348264,0.0188679245283019,0.024390243902439,0.74625,0.7334375,0.009,0.0216666666666667,0.120535714285714,0.0186666666666667,284.951219512195,0.0949999999999998,NA,NA,NA,NA,NA,NA,NA
"Branching tubes","class_imbalanced","region",3,12,3,12000,"primary","Initial",0.750166666666667,0.535373400159242,0.70388844680188,0.604882459312839,0.702602230483271,0.638333333333333,0.778125,0,0,NA,0,10.1728624535316,0,NA,NA,NA,NA,NA,NA,NA
"Branching tubes","class_imbalanced","region",3,12,3,12000,"primary","SpaGCN refine",0.738333333333333,0.510363657828656,0.693546899309321,0.604882459312839,0.680297397769517,0.602083333333333,0.772395833333333,0.0326884589726484,0.0266607420573206,0.259946949602122,0.0314166666666667,10.1728624535316,0.0430000000000001,NA,NA,NA,NA,NA,NA,NA
"Branching tubes","class_imbalanced","region",3,12,3,12000,"primary","GraphST refine",0.695416666666667,0.435584537949989,0.627861052093208,0.470260223048327,0.470260223048327,0.557916666666667,0.729791666666667,0.166444296197465,0.128415907576094,0.275995575221239,0.150666666666667,10.1728624535316,0.163,NA,NA,NA,NA,NA,NA,NA
"Branching tubes","class_imbalanced","region",3,12,3,12000,"primary","Potts-like ICM",0.718416666666667,0.471932564957933,0.665713029832515,0.587360594795539,0.587360594795539,0.588333333333333,0.7509375,0.0733822548365577,0.0667629415685403,0.265379975874548,0.0690833333333333,10.1728624535316,0.0890000000000004,NA,NA,NA,NA,NA,NA,NA
"Branching tubes","irregular_z","boundary",1,13,1,12000,"primary","Initial",0.75,0.278410435969615,0.256475720196435,0.104046242774566,0.114197530864198,0,0.9375,0,0,NA,0,32.8827160493827,0,NA,NA,NA,NA,NA,NA,NA
"Branching tubes","irregular_z","boundary",1,13,1,12000,"primary","SpaGCN refine",0.756666666666667,0.296228017771889,0.259124054268133,0.106936416184971,0.114197530864198,0.00833333333333333,0.94375,0.0293333333333333,0.000888888888888889,0.253602305475504,0.0289166666666667,32.8827160493827,0.0309999999999997,NA,NA,NA,NA,NA,NA,NA
"Branching tubes","irregular_z","boundary",1,13,1,12000,"primary","GraphST refine",0.857916666666667,0.602514803695385,0.241125715083113,0.0123456790123457,0.0123456790123457,0.438333333333333,0.9628125,0.487,0.0184444444444444,0.556571428571429,0.21875,32.8827160493827,0.133999999999999,NA,NA,NA,NA,NA,NA,NA
"Branching tubes","irregular_z","boundary",1,13,1,12000,"primary","Potts-like ICM",0.754,0.285382872231076,0.257376790217085,0.104046242774566,0.114197530864198,0.00833333333333333,0.940416666666667,0.016,0,1,0.004,32.8827160493827,0.0720000000000001,NA,NA,NA,NA,NA,NA,NA
"Branching tubes","irregular_z","boundary",2,14,1,12000,"primary","Initial",0.75,0.282848396426914,0.263699353736204,0.100313479623824,0.13166144200627,0,0.9375,0,0,NA,0,33.3699059561129,0,NA,NA,NA,NA,NA,NA,NA
"Branching tubes","irregular_z","boundary",2,14,1,12000,"primary","SpaGCN refine",0.756916666666667,0.29779073690453,0.266198801044813,0.0971786833855799,0.128526645768025,0.00666666666666667,0.944479166666667,0.0313333333333333,0.00122222222222222,0.272463768115942,0.02875,33.3699059561129,0.032,NA,NA,NA,NA,NA,NA,NA
"Branching tubes","irregular_z","boundary",2,14,1,12000,"primary","GraphST refine",0.85625,0.6385988417981,0.271785320707359,0.0125391849529781,0.210031347962382,0.4225,0.9646875,0.481,0.0186666666666667,0.555427251732102,0.2165,33.3699059561129,0.133,NA,NA,NA,NA,NA,NA,NA
"Branching tubes","irregular_z","boundary",2,14,1,12000,"primary","Potts-like ICM",0.756416666666667,0.295665901618474,0.263929700154011,0.0940438871473354,0.13166144200627,0.0145833333333333,0.941875,0.0263333333333333,0.000222222222222222,0.822916666666667,0.008,33.3699059561129,0.0739999999999998,NA,NA,NA,NA,NA,NA,NA
"Branching tubes","irregular_z","boundary",3,15,3,12000,"primary","Initial",0.750083333333333,0.288701726408707,0.257108500339824,0.095679012345679,0.095679012345679,0,0.937604166666667,0,0,NA,0,32.8302469135802,0,NA,NA,NA,NA,NA,NA,NA
"Branching tubes","irregular_z","boundary",3,15,3,12000,"primary","SpaGCN refine",0.763833333333333,0.316072708574518,0.260679747230687,0.0864197530864197,0.0864197530864197,0.02875,0.947604166666667,0.0596865621873958,0.00155538273525164,0.462532299741602,0.03225,32.8302469135802,0.0279999999999996,NA,NA,NA,NA,NA,NA,NA
"Branching tubes","irregular_z","boundary",3,15,3,12000,"primary","GraphST refine",0.879416666666667,0.485191436692176,0.258414613578872,0.0191256830601093,0.095679012345679,0.537083333333333,0.965,0.567855951983995,0.016775913787357,0.635684957073535,0.22325,32.8302469135802,0.132,NA,NA,NA,NA,NA,NA,NA
"Branching tubes","irregular_z","boundary",3,15,3,12000,"primary","Potts-like ICM",0.7705,0.320098521255334,0.260659770753284,0.095679012345679,0.095679012345679,0.0595833333333333,0.948229166666667,0.0823607869289763,0.000222197533607377,0.901459854014598,0.0228333333333333,32.8302469135802,0.0619999999999994,NA,NA,NA,NA,NA,NA,NA
"Branching tubes","irregular_z","patch",1,16,1,12000,"primary","Initial",0.75,0.294664071938895,0.751400302560108,0.47787610619469,0.653721682847896,0.763333333333333,0.746666666666667,0,0,NA,0,34.4595469255663,0,NA,NA,NA,NA,NA,NA,NA
"Branching tubes","irregular_z","patch",1,16,1,12000,"primary","SpaGCN refine",0.751666666666667,0.294875295185662,0.742161813561136,0.474926253687316,0.640776699029126,0.75625,0.750520833333333,0.017,0.00344444444444444,0.146131805157593,0.0290833333333333,34.4595469255663,0.032,NA,NA,NA,NA,NA,NA,NA
"Branching tubes","irregular_z","patch",1,16,1,12000,"primary","GraphST refine",0.785416666666667,0.30994235229761,0.622664703356818,0.324483775811209,0.466019417475728,0.679583333333333,0.811875,0.250666666666667,0.0363333333333333,0.270795822830392,0.231416666666667,34.4595469255663,0.137,NA,NA,NA,NA,NA,NA,NA
"Branching tubes","irregular_z","patch",1,16,1,12000,"primary","Potts-like ICM",0.748083333333333,0.289692982820439,0.732465616371231,0.436578171091445,0.650485436893204,0.749166666666667,0.7478125,0.00433333333333333,0.004,0.209677419354839,0.00516666666666667,34.4595469255663,0.0749999999999993,NA,NA,NA,NA,NA,NA,NA
"Branching tubes","irregular_z","patch",2,17,1,12000,"primary","Initial",0.75,0.28917121447246,0.629867599720986,0.351428571428571,0.472560975609756,0.5725,0.794375,0,0,NA,0,32.3658536585366,0,NA,NA,NA,NA,NA,NA,NA
"Branching tubes","irregular_z","patch",2,17,1,12000,"primary","SpaGCN refine",0.7515,0.288704012026143,0.622130397231084,0.342857142857143,0.445121951219512,0.56625,0.7978125,0.0146666666666667,0.00288888888888889,0.119241192411924,0.03075,32.3658536585366,0.0299999999999994,NA,NA,NA,NA,NA,NA,NA
"Branching tubes","irregular_z","patch",2,17,1,12000,"primary","GraphST refine",0.783333333333333,0.332966037398302,0.572314378883235,0.302857142857143,0.344512195121951,0.545833333333333,0.842708333333333,0.215333333333333,0.0273333333333333,0.250484683986041,0.214916666666667,32.3658536585366,0.131,NA,NA,NA,NA,NA,NA,NA
"Branching tubes","irregular_z","patch",2,17,1,12000,"primary","Potts-like ICM",0.749,0.282841643910191,0.615382699541258,0.337142857142857,0.432926829268293,0.5625,0.795625,0.00433333333333333,0.00277777777777778,0.276595744680851,0.00391666666666667,32.3658536585366,0.0700000000000003,NA,NA,NA,NA,NA,NA,NA
"Branching tubes","irregular_z","patch",3,18,3,12000,"primary","Initial",0.750083333333333,0.307374523134592,0.721307003496611,0.537142857142857,0.537142857142857,0.730416666666667,0.755,0,0,NA,0,30.18,0,NA,NA,NA,NA,NA,NA,NA
"Branching tubes","irregular_z","patch",3,18,3,12000,"primary","SpaGCN refine",0.749666666666667,0.301359689501159,0.702509178356396,0.528571428571429,0.528571428571429,0.712916666666667,0.758854166666667,0.0200066688896299,0.00722141984223975,0.147058823529412,0.034,30.18,0.0270000000000001,NA,NA,NA,NA,NA,NA,NA
"Branching tubes","irregular_z","patch",3,18,3,12000,"primary","GraphST refine",0.762833333333333,0.198396742481276,0.441562901520872,0.236111111111111,0.277142857142857,0.556666666666667,0.814375,0.279093031010337,0.0759915564937229,0.270611057225994,0.25775,30.18,0.141,NA,NA,NA,NA,NA,NA,NA
"Branching tubes","irregular_z","patch",3,18,3,12000,"primary","Potts-like ICM",0.741416666666667,0.273713236351018,0.651441454285625,0.5,0.5,0.68625,0.755208333333333,0.00866955651883961,0.0144428396844795,0.151162790697674,0.0143333333333333,30.18,0.0620000000000003,NA,NA,NA,NA,NA,NA,NA
"Branching tubes","irregular_z","random",1,19,1,12000,"primary","Initial",0.75,0.292161312138215,0.757890576238229,0.748603351955307,0.768518518518518,0.744583333333333,0.751354166666667,0,0,NA,0,32.820987654321,0,NA,NA,NA,NA,NA,NA,NA
"Branching tubes","irregular_z","random",1,19,1,12000,"primary","SpaGCN refine",0.936916666666667,0.730027438089351,0.883986625292804,0.837606837606838,0.901234567901235,0.863333333333333,0.9553125,0.76,0.00411111111111111,0.977282468924132,0.194416666666667,32.820987654321,0.0309999999999997,NA,NA,NA,NA,NA,NA,NA
"Branching tubes","irregular_z","random",1,19,1,12000,"primary","GraphST refine",0.966083333333333,0.819217600582869,0.795843916067198,0.714714714714715,0.808641975308642,0.837083333333333,0.998333333333333,0.967333333333333,0.0343333333333333,0.891551459293395,0.27125,32.820987654321,0.13,NA,NA,NA,NA,NA,NA,NA
"Branching tubes","irregular_z","random",1,19,1,12000,"primary","Potts-like ICM",0.971,0.875860193797081,0.882154972441724,0.795795795795796,0.885802469135803,0.862916666666667,0.998020833333333,0.898333333333333,0.00477777777777778,0.981785063752277,0.22875,32.820987654321,0.0749999999999993,NA,NA,NA,NA,NA,NA,NA
"Branching tubes","irregular_z","random",2,20,1,12000,"primary","Initial",0.75,0.289476599290753,0.759133265393472,0.71513353115727,0.768965517241379,0.747916666666667,0.750520833333333,0,0,NA,0,36.7137931034483,0,NA,NA,NA,NA,NA,NA,NA
"Branching tubes","irregular_z","random",2,20,1,12000,"primary","SpaGCN refine",0.941083333333333,0.741250457667913,0.895719608053866,0.830860534124629,0.868965517241379,0.885,0.955104166666667,0.778666666666667,0.00477777777777778,0.973739057940809,0.199916666666667,36.7137931034483,0.032,NA,NA,NA,NA,NA,NA,NA
"Branching tubes","irregular_z","random",2,20,1,12000,"primary","GraphST refine",0.9635,0.805277934794263,0.772402649670425,0.599406528189911,0.675862068965517,0.82375,0.9984375,0.962,0.036,0.880146386093321,0.27325,36.7137931034483,0.135,NA,NA,NA,NA,NA,NA,NA
"Branching tubes","irregular_z","random",2,20,1,12000,"primary","Potts-like ICM",0.9705,0.873288686245654,0.859884057982844,0.750741839762611,0.820689655172414,0.863333333333333,0.997291666666667,0.899,0.00566666666666667,0.975406871609403,0.230416666666667,36.7137931034483,0.0730000000000004,NA,NA,NA,NA,NA,NA,NA
"Branching tubes","irregular_z","random",3,21,3,12000,"primary","Initial",0.750083333333333,0.299070376317401,0.747355033511228,0.714285714285714,0.714285714285714,0.747083333333333,0.750833333333333,0,0,NA,0,31.625,0,NA,NA,NA,NA,NA,NA,NA
"Branching tubes","irregular_z","random",3,21,3,12000,"primary","SpaGCN refine",0.933166666666667,0.723860456175543,0.86765329385815,0.838709677419355,0.839285714285714,0.855833333333333,0.9525,0.749583194398133,0.00566603710698811,0.968548039638087,0.193416666666667,31.625,0.0260000000000007,NA,NA,NA,NA,NA,NA,NA
"Branching tubes","irregular_z","random",3,21,3,12000,"primary","GraphST refine",0.913083333333333,0.405545243049839,0.413297733573546,0.22316384180791,0.258928571428571,0.6475,0.979479166666667,0.913637879293098,0.0871014331740918,0.743151613778139,0.30725,31.625,0.138,NA,NA,NA,NA,NA,NA,NA
"Branching tubes","irregular_z","random",3,21,3,12000,"primary","Potts-like ICM",0.95325,0.812591255658913,0.764637232131512,0.680351906158358,0.717261904761905,0.802083333333333,0.991041666666667,0.850616872290764,0.0125541606488168,0.947622585438336,0.224333333333333,31.625,0.0630000000000006,NA,NA,NA,NA,NA,NA,NA
"Branching tubes","irregular_z","region",1,22,1,12000,"primary","Initial",0.75,0.348690655078973,0.773714161233219,0.242690058479532,1,0.784583333333333,0.741354166666667,0,0,NA,0,32.7006172839506,0,NA,NA,NA,NA,NA,NA,NA
"Branching tubes","irregular_z","region",1,22,1,12000,"primary","SpaGCN refine",0.7475,0.342279992136216,0.761899255087139,0.239766081871345,0.990740740740741,0.770416666666667,0.741770833333333,0.00266666666666667,0.00422222222222222,0.173913043478261,0.00383333333333333,32.7006172839506,0.032,NA,NA,NA,NA,NA,NA,NA
"Branching tubes","irregular_z","region",1,22,1,12000,"primary","GraphST refine",0.72475,0.282591345946375,0.62916077403309,0.169590643274854,0.753086419753086,0.662916666666667,0.740208333333333,0.0133333333333333,0.0381111111111111,0.104166666666667,0.032,32.7006172839506,0.137,NA,NA,NA,NA,NA,NA,NA
"Branching tubes","irregular_z","region",1,22,1,12000,"primary","Potts-like ICM",0.747083333333333,0.341023770986293,0.753909666832199,0.242690058479532,0.92283950617284,0.769166666666667,0.7415625,0.002,0.00455555555555556,0.127659574468085,0.00391666666666667,32.7006172839506,0.0749999999999993,NA,NA,NA,NA,NA,NA,NA
"Branching tubes","irregular_z","region",2,23,1,12000,"primary","Initial",0.75,0.341724074380818,0.763267762581753,0.464285714285714,0.604361370716511,0.74625,0.7509375,0,0,NA,0,33.0654205607477,0,NA,NA,NA,NA,NA,NA,NA
"Branching tubes","irregular_z","region",2,23,1,12000,"primary","SpaGCN refine",0.7475,0.335982422370779,0.750954827418683,0.450549450549451,0.588785046728972,0.730833333333333,0.751666666666667,0.00333333333333333,0.00444444444444444,0.2,0.00416666666666667,33.0654205607477,0.0309999999999997,NA,NA,NA,NA,NA,NA,NA
"Branching tubes","irregular_z","region",2,23,1,12000,"primary","GraphST refine",0.729166666666667,0.291669609987434,0.641509207226583,0.326923076923077,0.439252336448598,0.649166666666667,0.749166666666667,0.016,0.0331111111111111,0.137931034482759,0.029,33.0654205607477,0.138,NA,NA,NA,NA,NA,NA,NA
"Branching tubes","irregular_z","region",2,23,1,12000,"primary","Potts-like ICM",0.746916666666667,0.333368484562178,0.742669396609592,0.42032967032967,0.582554517133956,0.729166666666667,0.751354166666667,0.003,0.00511111111111111,0.163636363636364,0.00458333333333333,33.0654205607477,0.0710000000000006,NA,NA,NA,NA,NA,NA,NA
"Branching tubes","irregular_z","region",3,24,3,12000,"primary","Initial",0.750083333333333,0.335605563927497,0.675449256582724,0.517441860465116,0.780864197530864,0.649166666666667,0.7753125,0,0,NA,0,32.8765432098765,0,NA,NA,NA,NA,NA,NA,NA
"Branching tubes","irregular_z","region",3,24,3,12000,"primary","SpaGCN refine",0.74775,0.330070361009673,0.665724711138552,0.502923976608187,0.771604938271605,0.634583333333333,0.776041666666667,0.0100033344448149,0.00644372847461393,0.319148936170213,0.00783333333333333,32.8765432098765,0.0259999999999998,NA,NA,NA,NA,NA,NA,NA
"Branching tubes","irregular_z","region",3,24,3,12000,"primary","GraphST refine",0.702666666666667,0.170902852638524,0.341580795605771,0.0818713450292398,0.237654320987654,0.43625,0.769270833333333,0.0786928976325442,0.0894345072769692,0.225837320574163,0.0870833333333333,32.8765432098765,0.131,NA,NA,NA,NA,NA,NA,NA
"Branching tubes","irregular_z","region",3,24,3,12000,"primary","Potts-like ICM",0.743833333333333,0.315307158192088,0.63896061263367,0.464912280701754,0.75,0.62125,0.774479166666667,0.0126708902967656,0.0125541606488168,0.251655629139073,0.0125833333333333,32.8765432098765,0.0619999999999994,NA,NA,NA,NA,NA,NA,NA
"Branching tubes","uniform","boundary",1,25,1,12000,"primary","Initial",0.75,0.291923397995409,0.272113777687638,0.101449275362319,0.13782991202346,0,0.9375,0,0,NA,0,31.0674486803519,0,NA,NA,NA,NA,NA,NA,NA
"Branching tubes","uniform","boundary",1,25,1,12000,"primary","SpaGCN refine",0.760583333333333,0.317457980174481,0.274642063512779,0.0898550724637681,0.155425219941349,0.0120833333333333,0.947708333333333,0.047,0.00155555555555556,0.394957983193277,0.02975,31.0674486803519,0.0310000000000006,NA,NA,NA,NA,NA,NA,NA
"Branching tubes","uniform","boundary",1,25,1,12000,"primary","GraphST refine",0.87025,0.668006276537547,0.27297841224887,0,0.167155425219941,0.51125,0.96,0.543,0.0206666666666667,0.607609101081686,0.223416666666667,31.0674486803519,0.137,NA,NA,NA,NA,NA,NA,NA
"Branching tubes","uniform","boundary",1,25,1,12000,"primary","Potts-like ICM",0.755,0.298249339589633,0.271608950503152,0.0956521739130435,0.13782991202346,0.00833333333333333,0.941666666666667,0.021,0.000333333333333333,0.863013698630137,0.00608333333333333,31.0674486803519,0.0759999999999987,NA,NA,NA,NA,NA,NA,NA
"Branching tubes","uniform","boundary",2,26,1,12000,"primary","Initial",0.75,0.301374290060018,0.26146833009045,0.112,0.121661721068249,0,0.9375,0,0,NA,0,31.2848664688427,0,NA,NA,NA,NA,NA,NA,NA
"Branching tubes","uniform","boundary",2,26,1,12000,"primary","SpaGCN refine",0.760083333333333,0.320042293475488,0.260730442807404,0.106666666666667,0.124629080118694,0.0170833333333333,0.945833333333333,0.046,0.00188888888888889,0.376021798365123,0.0305833333333333,31.2848664688427,0.0310000000000006,NA,NA,NA,NA,NA,NA,NA
"Branching tubes","uniform","boundary",2,26,1,12000,"primary","GraphST refine",0.86225,0.635992345861937,0.241792051644872,0.0106666666666667,0.0712166172106825,0.463333333333333,0.961979166666667,0.505333333333333,0.0187777777777778,0.583525789068514,0.2165,31.2848664688427,0.138,NA,NA,NA,NA,NA,NA,NA
"Branching tubes","uniform","boundary",2,26,1,12000,"primary","Potts-like ICM",0.7545,0.309692180815412,0.262492706453913,0.112,0.121661721068249,0.00708333333333333,0.941354166666667,0.018,0,1,0.0045,31.2848664688427,0.0779999999999994,NA,NA,NA,NA,NA,NA,NA
"Branching tubes","uniform","boundary",3,27,3,12000,"primary","Initial",0.750083333333333,0.284707483641721,0.263088938737431,0.0895953757225433,0.129129129129129,0,0.937604166666667,0,0,NA,0,31.8828828828829,0,NA,NA,NA,NA,NA,NA,NA
"Branching tubes","uniform","boundary",3,27,3,12000,"primary","SpaGCN refine",0.76575,0.32483884314862,0.26065114190013,0.0722543352601156,0.144144144144144,0.045,0.9459375,0.0726908969656552,0.00333296300411065,0.510538641686183,0.0355833333333333,31.8828828828829,0.0279999999999987,NA,NA,NA,NA,NA,NA,NA
"Branching tubes","uniform","boundary",3,27,3,12000,"primary","GraphST refine",0.882166666666667,0.454435953443304,0.222327553385665,0.00289017341040462,0.0840840840840841,0.549166666666667,0.965416666666667,0.583861287095699,0.0184423952894123,0.656050955414013,0.222416666666667,31.8828828828829,0.122000000000002,NA,NA,NA,NA,NA,NA,NA
"Branching tubes","uniform","boundary",3,27,3,12000,"primary","Potts-like ICM",0.76875,0.315590954399615,0.265634317603661,0.0838150289017341,0.129129129129129,0.0504166666666667,0.948333333333333,0.0756918972990997,0.000333296300411065,0.957805907172996,0.01975,31.8828828828829,0.0630000000000006,NA,NA,NA,NA,NA,NA,NA
"Branching tubes","uniform","patch",1,28,1,12000,"primary","Initial",0.75,0.307033627287068,0.459768307421206,0.269005847953216,0.269005847953216,0.452083333333333,0.824479166666667,0,0,NA,0,30.8099415204678,0,NA,NA,NA,NA,NA,NA,NA
"Branching tubes","uniform","patch",1,28,1,12000,"primary","SpaGCN refine",0.755,0.317192209716212,0.45897089739639,0.274853801169591,0.274853801169591,0.455833333333333,0.829791666666667,0.026,0.002,0.210810810810811,0.0308333333333333,30.8099415204678,0.032,NA,NA,NA,NA,NA,NA,NA
"Branching tubes","uniform","patch",1,28,1,12000,"primary","GraphST refine",0.80275,0.352754372859571,0.425003007213917,0.239766081871345,0.239766081871345,0.50875,0.87625,0.260666666666667,0.0165555555555556,0.318663406682967,0.2045,30.8099415204678,0.141,NA,NA,NA,NA,NA,NA,NA
"Branching tubes","uniform","patch",1,28,1,12000,"primary","Potts-like ICM",0.751833333333333,0.308024592300233,0.454531630289644,0.269005847953216,0.269005847953216,0.449166666666667,0.8275,0.013,0.00188888888888889,0.549295774647887,0.00591666666666667,30.8099415204678,0.077,NA,NA,NA,NA,NA,NA,NA
"Branching tubes","uniform","patch",2,29,1,12000,"primary","Initial",0.75,0.301646444586278,0.703406207187375,0.440721649484536,0.641566265060241,0.665833333333333,0.771041666666667,0,0,NA,0,31.6927710843373,0,NA,NA,NA,NA,NA,NA,NA
"Branching tubes","uniform","patch",2,29,1,12000,"primary","SpaGCN refine",0.752916666666667,0.304359277718581,0.697751107530703,0.435567010309278,0.626506024096386,0.657916666666667,0.776666666666667,0.0266666666666667,0.005,0.20997375328084,0.03175,31.6927710843373,0.032,NA,NA,NA,NA,NA,NA,NA
"Branching tubes","uniform","patch",2,29,1,12000,"primary","GraphST refine",0.783083333333333,0.339948054203271,0.612911100039732,0.34020618556701,0.557228915662651,0.605,0.827604166666667,0.232,0.0332222222222222,0.261654135338346,0.221666666666667,31.6927710843373,0.139000000000001,NA,NA,NA,NA,NA,NA,NA
"Branching tubes","uniform","patch",2,29,1,12000,"primary","Potts-like ICM",0.7505,0.297621111190823,0.69575023032998,0.425257731958763,0.635542168674699,0.661666666666667,0.772708333333333,0.00766666666666667,0.00188888888888889,0.469387755102041,0.00408333333333333,31.6927710843373,0.077,NA,NA,NA,NA,NA,NA,NA
"Branching tubes","uniform","patch",3,30,3,12000,"primary","Initial",0.750083333333333,0.288143708292653,0.74516942452562,0.543543543543544,0.819018404907976,0.734166666666667,0.7540625,0,0,NA,0,32.6472392638037,0,NA,NA,NA,NA,NA,NA,NA
"Branching tubes","uniform","patch",3,30,3,12000,"primary","SpaGCN refine",0.754333333333333,0.28771994143382,0.723871122527982,0.519519519519519,0.803680981595092,0.718333333333333,0.763333333333333,0.0380126708902968,0.00699922230863237,0.289340101522843,0.0328333333333333,32.6472392638037,0.0280000000000005,NA,NA,NA,NA,NA,NA,NA
"Branching tubes","uniform","patch",3,30,3,12000,"primary","GraphST refine",0.791416666666667,0.223990825382652,0.45692217323767,0.27027027027027,0.383435582822086,0.585,0.843020833333333,0.379793264421474,0.0714365070547717,0.365415463586782,0.25975,32.6472392638037,0.124000000000001,NA,NA,NA,NA,NA,NA,NA
"Branching tubes","uniform","patch",3,30,3,12000,"primary","Potts-like ICM",0.740583333333333,0.245966703242897,0.652944747727042,0.465465465465465,0.628834355828221,0.67875,0.756041666666667,0.0153384461487162,0.0177758026885902,0.213953488372093,0.0179166666666667,32.6472392638037,0.0630000000000006,NA,NA,NA,NA,NA,NA,NA
"Branching tubes","uniform","random",1,31,1,12000,"primary","Initial",0.75,0.300893591956938,0.747441972108568,0.739130434782609,0.756923076923077,0.74,0.7525,0,0,NA,0,32.5569230769231,0,NA,NA,NA,NA,NA,NA,NA
"Branching tubes","uniform","random",1,31,1,12000,"primary","SpaGCN refine",0.931583333333333,0.724619730448513,0.858727577391963,0.797368421052632,0.821538461538462,0.845416666666667,0.953125,0.745666666666667,0.00644444444444444,0.963808703145196,0.193416666666667,32.5569230769231,0.032,NA,NA,NA,NA,NA,NA,NA
"Branching tubes","uniform","random",1,31,1,12000,"primary","GraphST refine",0.96275,0.809569956532126,0.780385207798981,0.676923076923077,0.676923076923077,0.81875,0.99875,0.961333333333333,0.0367777777777778,0.875531268973892,0.2745,32.5569230769231,0.138999999999999,NA,NA,NA,NA,NA,NA,NA
"Branching tubes","uniform","random",1,31,1,12000,"primary","Potts-like ICM",0.967666666666667,0.888274778414485,0.84323991776956,0.773684210526316,0.8,0.844166666666667,0.998541666666667,0.883333333333333,0.00422222222222222,0.984398216939079,0.224333333333333,32.5569230769231,0.077,NA,NA,NA,NA,NA,NA,NA
"Branching tubes","uniform","random",2,32,1,12000,"primary","Initial",0.75,0.30046840051868,0.746582842201594,0.728613569321534,0.767371601208459,0.74375,0.7515625,0,0,NA,0,32.0332326283988,0,NA,NA,NA,NA,NA,NA,NA
"Branching tubes","uniform","random",2,32,1,12000,"primary","SpaGCN refine",0.930416666666667,0.717571955298869,0.865546143037359,0.836858006042296,0.836858006042296,0.854583333333333,0.949375,0.739666666666667,0.006,0.968572675687473,0.190916666666667,32.0332326283988,0.032,NA,NA,NA,NA,NA,NA,NA
"Branching tubes","uniform","random",2,32,1,12000,"primary","GraphST refine",0.963333333333333,0.799864245632467,0.767230873435679,0.670694864048338,0.670694864048338,0.82125,0.998854166666667,0.959666666666667,0.0354444444444444,0.880966952264382,0.272333333333333,32.0332326283988,0.137,NA,NA,NA,NA,NA,NA,NA
"Branching tubes","uniform","random",2,32,1,12000,"primary","Potts-like ICM",0.968,0.887716922856635,0.83415424353235,0.746223564954683,0.746223564954683,0.849166666666667,0.997708333333333,0.884666666666667,0.00422222222222222,0.981871994080651,0.22525,32.0332326283988,0.0759999999999987,NA,NA,NA,NA,NA,NA,NA
"Branching tubes","uniform","random",3,33,3,12000,"primary","Initial",0.750083333333333,0.302114632193392,0.761420555924578,0.748082204754238,0.760932944606414,0.759166666666667,0.7478125,0,0,NA,0,30.7842565597668,0,NA,NA,NA,NA,NA,NA,NA
"Branching tubes","uniform","random",3,33,3,12000,"primary","SpaGCN refine",0.923916666666667,0.695139296185191,0.839546024241572,0.80106100795756,0.822157434402332,0.82375,0.948958333333333,0.719239746582194,0.00788801244306188,0.953580901856764,0.1885,30.7842565597668,0.027000000000001,NA,NA,NA,NA,NA,NA,NA
"Branching tubes","uniform","random",3,33,3,12000,"primary","GraphST refine",0.923916666666667,0.526889484544585,0.520611538239379,0.303468208092486,0.469387755102041,0.6825,0.984270833333333,0.926308769589863,0.0768803466281524,0.771238200999445,0.300166666666667,30.7842565597668,0.123000000000001,NA,NA,NA,NA,NA,NA,NA
"Branching tubes","uniform","random",3,33,3,12000,"primary","Potts-like ICM",0.946833333333333,0.7777465051954,0.734155284177343,0.61271676300578,0.690962099125364,0.779166666666667,0.98875,0.84594864954985,0.0195533829574492,0.925237053245806,0.2285,30.7842565597668,0.0650000000000013,NA,NA,NA,NA,NA,NA,NA
"Branching tubes","uniform","region",1,34,1,12000,"primary","Initial",0.75,0.352278026475424,0.611379908171555,0.494117647058824,0.623880597014925,0.53625,0.8034375,0,0,NA,0,31.6597014925373,0,NA,NA,NA,NA,NA,NA,NA
"Branching tubes","uniform","region",1,34,1,12000,"primary","SpaGCN refine",0.748666666666667,0.347853582403279,0.611634338929982,0.535294117647059,0.594029850746269,0.532083333333333,0.8028125,0.00666666666666667,0.004,0.263157894736842,0.00633333333333333,31.6597014925373,0.0310000000000006,NA,NA,NA,NA,NA,NA,NA
"Branching tubes","uniform","region",1,34,1,12000,"primary","GraphST refine",0.738666666666667,0.301167794966905,0.56582735820871,0.426865671641791,0.426865671641791,0.490833333333333,0.800625,0.049,0.0314444444444444,0.317494600431965,0.0385833333333333,31.6597014925373,0.137,NA,NA,NA,NA,NA,NA,NA
"Branching tubes","uniform","region",1,34,1,12000,"primary","Potts-like ICM",0.74925,0.345743227228585,0.612620870258412,0.543661971830986,0.614925373134328,0.535416666666667,0.802708333333333,0.00633333333333333,0.00311111111111111,0.387755102040816,0.00408333333333333,31.6597014925373,0.0800000000000001,NA,NA,NA,NA,NA,NA,NA
"Branching tubes","uniform","region",2,35,1,12000,"primary","Initial",0.75,0.367656389251192,0.597195241636697,0.473684210526316,0.649851632047478,0.63375,0.7790625,0,0,NA,0,31.3115727002967,0,NA,NA,NA,NA,NA,NA,NA
"Branching tubes","uniform","region",2,35,1,12000,"primary","SpaGCN refine",0.747166666666667,0.355790023838385,0.590633775242536,0.453216374269006,0.617210682492582,0.624166666666667,0.777916666666667,0.00666666666666667,0.006,0.227272727272727,0.00733333333333333,31.3115727002967,0.0310000000000006,NA,NA,NA,NA,NA,NA,NA
"Branching tubes","uniform","region",2,35,1,12000,"primary","GraphST refine",0.744083333333333,0.308320003361604,0.542635349127818,0.333333333333333,0.454005934718101,0.587083333333333,0.783333333333333,0.0656666666666667,0.0297777777777778,0.395582329317269,0.0415,31.3115727002967,0.139999999999999,NA,NA,NA,NA,NA,NA,NA
"Branching tubes","uniform","region",2,35,1,12000,"primary","Potts-like ICM",0.747083333333333,0.353469447834746,0.582456614151804,0.45906432748538,0.58753709198813,0.620416666666667,0.77875,0.006,0.00588888888888889,0.253521126760563,0.00591666666666667,31.3115727002967,0.0780000000000012,NA,NA,NA,NA,NA,NA,NA
"Branching tubes","uniform","region",3,36,3,12000,"primary","Initial",0.750083333333333,0.330703149165619,0.762319159260926,0.55625,0.55625,0.7725,0.744479166666667,0,0,NA,0,33.109375,0,NA,NA,NA,NA,NA,NA,NA
"Branching tubes","uniform","region",3,36,3,12000,"primary","SpaGCN refine",0.745666666666667,0.322169835967848,0.746187297247594,0.525,0.525,0.754166666666667,0.743541666666667,0.00633544514838279,0.00799911120986557,0.193877551020408,0.00816666666666667,33.109375,0.0279999999999987,NA,NA,NA,NA,NA,NA,NA
"Branching tubes","uniform","region",3,36,3,12000,"primary","GraphST refine",0.694333333333333,0.152865250443622,0.419269258116926,0.146875,0.146875,0.53875,0.733229166666667,0.0430143381127042,0.0886568159093434,0.137820512820513,0.078,33.109375,0.122999999999999,NA,NA,NA,NA,NA,NA,NA
"Branching tubes","uniform","region",3,36,3,12000,"primary","Potts-like ICM",0.745583333333333,0.312384912343888,0.734792344583067,0.49375,0.49375,0.749166666666667,0.7446875,0.0110036678892964,0.0096655927119209,0.272727272727273,0.0100833333333333,33.109375,0.0619999999999994,NA,NA,NA,NA,NA,NA,NA
"Concentric shells","class_imbalanced","boundary",1,37,1,12000,"primary","Initial",0.75,0.463041212676243,0.751959044159438,0.60875512995896,0.633928571428571,0,0.9375,0,0,NA,0,68.3839285714286,0,NA,NA,NA,NA,NA,NA,NA
"Concentric shells","class_imbalanced","boundary",1,37,1,12000,"primary","SpaGCN refine",0.822416666666667,0.554190107193927,0.779422069694724,0.517857142857143,0.517857142857143,0.299583333333333,0.953125,0.315333333333333,0.00855555555555556,0.850719424460432,0.0926666666666667,68.3839285714286,0.0289999999999999,NA,NA,NA,NA,NA,NA,NA
"Concentric shells","class_imbalanced","boundary",1,37,1,12000,"primary","GraphST refine",0.782583333333333,0.480829653505681,0.470740582179112,0,0,0.68125,0.807916666666667,0.685,0.184888888888889,0.491039426523298,0.34875,68.3839285714286,0.121,NA,NA,NA,NA,NA,NA,NA
"Concentric shells","class_imbalanced","boundary",1,37,1,12000,"primary","Potts-like ICM",0.776166666666667,0.458886589129821,0.61627835941419,0.232142857142857,0.232142857142857,0.44625,0.858645833333333,0.452666666666667,0.116,0.492564381574175,0.22975,68.3839285714286,0.0690000000000008,NA,NA,NA,NA,NA,NA,NA
"Concentric shells","class_imbalanced","boundary",2,38,1,12000,"primary","Initial",0.75,0.508051490410059,0.787509039443744,0.64969450101833,0.931506849315068,0,0.9375,0,0,NA,0,52.0205479452055,0,NA,NA,NA,NA,NA,NA,NA
"Concentric shells","class_imbalanced","boundary",2,38,1,12000,"primary","SpaGCN refine",0.863166666666667,0.730284442740524,0.793460442792178,0.604887983706721,0.863013698630137,0.49,0.956458333333333,0.503,0.0167777777777778,0.850620067643743,0.147833333333333,52.0205479452055,0.0310000000000006,NA,NA,NA,NA,NA,NA,NA
"Concentric shells","class_imbalanced","boundary",2,38,1,12000,"primary","GraphST refine",0.84875,0.631015183141236,0.461948899598636,0.00568181818181818,0.417808219178082,0.797083333333333,0.861666666666667,0.796666666666667,0.133888888888889,0.602015113350126,0.330833333333333,52.0205479452055,0.134,NA,NA,NA,NA,NA,NA,NA
"Concentric shells","class_imbalanced","boundary",2,38,1,12000,"primary","Potts-like ICM",0.8665,0.72722970409259,0.50702242328903,0,0.383561643835616,0.694583333333333,0.909479166666667,0.697333333333333,0.0771111111111111,0.717667238421955,0.242916666666667,52.0205479452055,0.0759999999999987,NA,NA,NA,NA,NA,NA,NA
"Concentric shells","class_imbalanced","boundary",3,39,3,12000,"primary","Initial",0.750083333333333,0.439814562440973,0.806049338897754,0.696466431095406,0.947368421052632,0,0.937604166666667,0,0,NA,0,57.7894736842105,0,NA,NA,NA,NA,NA,NA,NA
"Concentric shells","class_imbalanced","boundary",3,39,3,12000,"primary","SpaGCN refine",0.823,0.571574672740615,0.699821698900249,0.4375,0.721804511278195,0.454583333333333,0.915104166666667,0.464154718239413,0.057438062437507,0.664756446991404,0.1745,57.7894736842105,0.027000000000001,NA,NA,NA,NA,NA,NA,NA
"Concentric shells","class_imbalanced","boundary",3,39,3,12000,"primary","GraphST refine",0.646416666666667,0.0397817521436523,0.223238186922211,0,0.0902255639097744,0.637916666666667,0.648541666666667,0.638212737579193,0.350849905566048,0.337983401024192,0.471916666666667,57.7894736842105,0.103,NA,NA,NA,NA,NA,NA,NA
"Concentric shells","class_imbalanced","boundary",3,39,3,12000,"primary","Potts-like ICM",0.657166666666667,0.0498503209909614,0.233991186668923,0,0,0.603333333333333,0.670625,0.603867955985328,0.325074991667593,0.342992424242424,0.44,57.7894736842105,0.0630000000000006,NA,NA,NA,NA,NA,NA,NA
"Concentric shells","class_imbalanced","patch",1,40,1,12000,"primary","Initial",0.75,0.552085679379019,0.766733753506999,0.686131386861314,0.686131386861314,0.740416666666667,0.752395833333333,0,0,NA,0,56.2043795620438,0,NA,NA,NA,NA,NA,NA,NA
"Concentric shells","class_imbalanced","patch",1,40,1,12000,"primary","SpaGCN refine",0.734083333333333,0.530700801581939,0.599015340775127,0.291970802919708,0.291970802919708,0.715833333333333,0.738645833333333,0.0253333333333333,0.0296666666666667,0.135231316725979,0.0468333333333333,56.2043795620438,0.032,NA,NA,NA,NA,NA,NA,NA
"Concentric shells","class_imbalanced","patch",1,40,1,12000,"primary","GraphST refine",0.685416666666667,0.426189101687513,0.370969481827936,0.0143149284253579,0.160583941605839,0.678333333333333,0.6871875,0.150666666666667,0.136333333333333,0.175261729352462,0.214916666666667,56.2043795620438,0.131,NA,NA,NA,NA,NA,NA,NA
"Concentric shells","class_imbalanced","patch",1,40,1,12000,"primary","Potts-like ICM",0.676916666666667,0.41467954135413,0.410538377871673,0.132930513595166,0.218978102189781,0.663333333333333,0.6803125,0.0236666666666667,0.105333333333333,0.0490331491712707,0.120666666666667,56.2043795620438,0.0750000000000011,NA,NA,NA,NA,NA,NA,NA
"Concentric shells","class_imbalanced","patch",2,41,1,12000,"primary","Initial",0.75,0.527082834751104,0.777328845606453,0.722792607802875,0.854014598540146,0.7525,0.749375,0,0,NA,0,55.7591240875912,0,NA,NA,NA,NA,NA,NA,NA
"Concentric shells","class_imbalanced","patch",2,41,1,12000,"primary","SpaGCN refine",0.713833333333333,0.476502680283891,0.559514450631135,0.179941002949853,0.635036496350365,0.70875,0.715104166666667,0.0333333333333333,0.0593333333333333,0.101419878296146,0.0821666666666667,55.7591240875912,0.0289999999999999,NA,NA,NA,NA,NA,NA,NA
"Concentric shells","class_imbalanced","patch",2,41,1,12000,"primary","GraphST refine",0.71575,0.474998954151431,0.439792546259675,0.109144542772861,0.343065693430657,0.730416666666667,0.712083333333333,0.220666666666667,0.119222222222222,0.225476839237057,0.244666666666667,55.7591240875912,0.125,NA,NA,NA,NA,NA,NA,NA
"Concentric shells","class_imbalanced","patch",2,41,1,12000,"primary","Potts-like ICM",0.69475,0.444488348959819,0.463301448587867,0.0914454277286136,0.416058394160584,0.705,0.6921875,0.0313333333333333,0.0841111111111111,0.0797285835453774,0.09825,55.7591240875912,0.0709999999999997,NA,NA,NA,NA,NA,NA,NA
"Concentric shells","class_imbalanced","patch",3,42,3,12000,"primary","Initial",0.750083333333333,0.568246404828654,0.758251601486207,0.696585365853658,0.755555555555556,0.74375,0.751666666666667,0,0,NA,0,56.3777777777778,0,NA,NA,NA,NA,NA,NA,NA
"Concentric shells","class_imbalanced","patch",3,42,3,12000,"primary","SpaGCN refine",0.72625,0.530097444514972,0.499392059433701,0.137426900584795,0.17037037037037,0.724583333333333,0.726666666666667,0.0430143381127042,0.0461059882235307,0.163498098859316,0.06575,56.3777777777778,0.0259999999999998,NA,NA,NA,NA,NA,NA,NA
"Concentric shells","class_imbalanced","patch",3,42,3,12000,"primary","GraphST refine",0.712333333333333,0.502368499535226,0.387725664105998,0.0730994152046784,0.125925925925926,0.72125,0.710104166666667,0.224741580526842,0.125208310187757,0.251492537313433,0.223333333333333,56.3777777777778,0.119,NA,NA,NA,NA,NA,NA,NA
"Concentric shells","class_imbalanced","patch",3,42,3,12000,"primary","Potts-like ICM",0.708916666666667,0.509922297898027,0.444187625952478,0.0906432748538012,0.111111111111111,0.69875,0.711458333333333,0.0406802267422474,0.0684368403510721,0.106550218340611,0.0954166666666667,56.3777777777778,0.059000000000001,NA,NA,NA,NA,NA,NA,NA
"Concentric shells","class_imbalanced","random",1,43,1,12000,"primary","Initial",0.75,0.446196794904507,0.738465143218148,0.676691729323308,0.676691729323308,0.747083333333333,0.750729166666667,0,0,NA,0,57.8496240601504,0,NA,NA,NA,NA,NA,NA,NA
"Concentric shells","class_imbalanced","random",1,43,1,12000,"primary","SpaGCN refine",0.8675,0.678189995901758,0.664245720421437,0.377245508982036,0.406015037593985,0.814166666666667,0.880833333333333,0.598666666666667,0.0428888888888889,0.790145182578091,0.189416666666667,57.8496240601504,0.032,NA,NA,NA,NA,NA,NA,NA
"Concentric shells","class_imbalanced","random",1,43,1,12000,"primary","GraphST refine",0.840333333333333,0.58437013746389,0.44733469315488,0,0,0.820416666666667,0.8453125,0.834333333333333,0.157666666666667,0.604443371166385,0.345083333333333,57.8496240601504,0.131,NA,NA,NA,NA,NA,NA,NA
"Concentric shells","class_imbalanced","random",1,43,1,12000,"primary","Potts-like ICM",0.849166666666667,0.607821553558019,0.466530309465203,0,0,0.819583333333333,0.8565625,0.774333333333333,0.125888888888889,0.634526085768916,0.305083333333333,57.8496240601504,0.0759999999999987,NA,NA,NA,NA,NA,NA,NA
"Concentric shells","class_imbalanced","random",2,44,1,12000,"primary","Initial",0.75,0.540926790592013,0.747435741163338,0.738666666666667,0.745762711864407,0.742083333333333,0.751979166666667,0,0,NA,0,64.2966101694915,0,NA,NA,NA,NA,NA,NA,NA
"Concentric shells","class_imbalanced","random",2,44,1,12000,"primary","SpaGCN refine",0.86825,0.73594529289944,0.672230625657481,0.35593220338983,0.35593220338983,0.8675,0.8684375,0.601333333333333,0.0427777777777778,0.813345356176736,0.184833333333333,64.2966101694915,0.0280000000000005,NA,NA,NA,NA,NA,NA,NA
"Concentric shells","class_imbalanced","random",2,44,1,12000,"primary","GraphST refine",0.875166666666667,0.708678859926816,0.40705386996904,0,0,0.90375,0.868020833333333,0.876666666666667,0.125333333333333,0.686146621445343,0.319416666666667,64.2966101694915,0.124000000000001,NA,NA,NA,NA,NA,NA,NA
"Concentric shells","class_imbalanced","random",2,44,1,12000,"primary","Potts-like ICM",0.8795,0.725943957236665,0.432,0,0,0.90625,0.8728125,0.875666666666667,0.119222222222222,0.699786893979755,0.312833333333333,64.2966101694915,0.0709999999999997,NA,NA,NA,NA,NA,NA,NA
"Concentric shells","class_imbalanced","random",3,45,3,12000,"primary","Initial",0.75,0.534519334758877,0.736248773144908,0.704545454545455,0.704545454545455,0.74,0.7525,0,0,NA,0,58.2954545454545,0,NA,NA,NA,NA,NA,NA,NA
"Concentric shells","class_imbalanced","random",3,45,3,12000,"primary","SpaGCN refine",0.845833333333333,0.681177136640322,0.586930867347429,0.227272727272727,0.227272727272727,0.84625,0.845729166666667,0.567333333333333,0.0613333333333333,0.741935483870968,0.191166666666667,58.2954545454545,0.0239999999999991,NA,NA,NA,NA,NA,NA,NA
"Concentric shells","class_imbalanced","random",3,45,3,12000,"primary","GraphST refine",0.8785,0.699539701888561,0.402310628892907,0,0,0.904166666666667,0.872083333333333,0.869333333333333,0.118444444444444,0.694540612516644,0.312916666666667,58.2954545454545,0.112,NA,NA,NA,NA,NA,NA,NA
"Concentric shells","class_imbalanced","random",3,45,3,12000,"primary","Potts-like ICM",0.8835,0.719863310365836,0.444638813942095,0,0,0.9025,0.87875,0.864,0.11,0.711892337269981,0.303416666666667,58.2954545454545,0.0559999999999992,NA,NA,NA,NA,NA,NA,NA
"Concentric shells","class_imbalanced","region",1,46,1,12000,"primary","Initial",0.75,0.367076319789963,0.724281540847885,0.680851063829787,0.680851063829787,0.74875,0.7503125,0,0,NA,0,54.3191489361702,0,NA,NA,NA,NA,NA,NA,NA
"Concentric shells","class_imbalanced","region",1,46,1,12000,"primary","SpaGCN refine",0.7155,0.302338244369324,0.566625294906727,0.264623955431755,0.432624113475177,0.687916666666667,0.722395833333333,0.019,0.0523333333333333,0.0734536082474227,0.0646666666666667,54.3191489361702,0.0310000000000006,NA,NA,NA,NA,NA,NA,NA
"Concentric shells","class_imbalanced","region",1,46,1,12000,"primary","GraphST refine",0.586083333333333,0.0997814227700631,0.344424896708973,0,0,0.63125,0.574791666666667,0.174666666666667,0.276777777777778,0.12638687891944,0.3455,54.3191489361702,0.122,NA,NA,NA,NA,NA,NA,NA
"Concentric shells","class_imbalanced","region",1,46,1,12000,"primary","Potts-like ICM",0.56825,0.0610856565371559,0.350258988679384,0.0139275766016713,0.170212765957447,0.6075,0.5584375,0.014,0.247,0.0176470588235294,0.198333333333333,54.3191489361702,0.0710000000000015,NA,NA,NA,NA,NA,NA,NA
"Concentric shells","class_imbalanced","region",2,47,1,12000,"primary","Initial",0.75,0.571714224867193,0.7191913505614,0.510769230769231,0.692913385826772,0.785,0.74125,0,0,NA,0,60.4251968503937,0,NA,NA,NA,NA,NA,NA,NA
"Concentric shells","class_imbalanced","region",2,47,1,12000,"primary","SpaGCN refine",0.714333333333333,0.514991082490363,0.52789509035813,0.230769230769231,0.409448818897638,0.723333333333333,0.712083333333333,0.0143333333333333,0.0523333333333333,0.0836575875486381,0.0428333333333333,60.4251968503937,0.0299999999999994,NA,NA,NA,NA,NA,NA,NA
"Concentric shells","class_imbalanced","region",2,47,1,12000,"primary","GraphST refine",0.548666666666667,0.193531042019786,0.316092886937229,0,0.283464566929134,0.550416666666667,0.548229166666667,0.0333333333333333,0.279555555555556,0.038109756097561,0.218666666666667,60.4251968503937,0.131,NA,NA,NA,NA,NA,NA,NA
"Concentric shells","class_imbalanced","region",2,47,1,12000,"primary","Potts-like ICM",0.609666666666667,0.274697314832172,0.412562709581773,0.104615384615385,0.377952755905512,0.615,0.608333333333333,0.019,0.193444444444444,0.0316842690383546,0.149916666666667,60.4251968503937,0.0750000000000011,NA,NA,NA,NA,NA,NA,NA
"Concentric shells","class_imbalanced","region",3,48,3,12000,"primary","Initial",0.750083333333333,0.590335903392623,0.686671911932564,0.59493670886076,0.683098591549296,0.747916666666667,0.750625,0,0,NA,0,54.5774647887324,0,NA,NA,NA,NA,NA,NA,NA
"Concentric shells","class_imbalanced","region",3,48,3,12000,"primary","SpaGCN refine",0.738333333333333,0.579642547315283,0.554154691773855,0.267605633802817,0.267605633802817,0.732916666666667,0.7396875,0.0223407802600867,0.0231085434951672,0.240143369175627,0.02325,54.5774647887324,0.0260000000000016,NA,NA,NA,NA,NA,NA,NA
"Concentric shells","class_imbalanced","region",3,48,3,12000,"primary","GraphST refine",0.609666666666667,0.319682136500001,0.36577584476756,0.0950920245398773,0.183098591549296,0.585833333333333,0.615625,0.0306768922974325,0.197422508610154,0.0476190476190476,0.161,54.5774647887324,0.111000000000001,NA,NA,NA,NA,NA,NA,NA
"Concentric shells","class_imbalanced","region",3,48,3,12000,"primary","Potts-like ICM",0.7255,0.547771059496994,0.54644776546111,0.331288343558282,0.359154929577465,0.71,0.729375,0.0193397799266422,0.039217864681702,0.139423076923077,0.0346666666666667,54.5774647887324,0.0589999999999993,NA,NA,NA,NA,NA,NA,NA
"Concentric shells","irregular_z","boundary",1,49,1,12000,"primary","Initial",0.75,0.51888869758109,0.750440828180353,0.60715771951727,0.775580395528805,0,0.9375,0,0,NA,0,1.05073086844368,0,NA,NA,NA,NA,NA,NA,NA
"Concentric shells","irregular_z","boundary",1,49,1,12000,"primary","SpaGCN refine",0.817916666666667,0.619515112854977,0.818412376088095,0.732833957553059,0.852966466036113,0.252916666666667,0.959166666666667,0.286333333333333,0.00488888888888889,0.847976307996051,0.0844166666666667,1.05073086844368,0.0310000000000006,NA,NA,NA,NA,NA,NA,NA
"Concentric shells","irregular_z","boundary",1,49,1,12000,"primary","GraphST refine",0.815583333333333,0.626815204524383,0.816723243827739,0.679555738379268,0.930352536543422,0.595,0.870729166666667,0.613333333333333,0.117,0.550239234449761,0.278666666666667,1.05073086844368,0.133000000000001,NA,NA,NA,NA,NA,NA,NA
"Concentric shells","irregular_z","boundary",1,49,1,12000,"primary","Potts-like ICM",0.782,0.563498851401565,0.7826661719876,0.669579692051602,0.837059329320722,0.1525,0.939375,0.166,0.0126666666666667,0.759146341463415,0.0546666666666667,1.05073086844368,0.0749999999999993,NA,NA,NA,NA,NA,NA,NA
"Concentric shells","irregular_z","boundary",2,50,1,12000,"primary","Initial",0.75,0.517871185048547,0.750112306535017,0.608767576509512,0.681041844577284,0,0.9375,0,0,NA,0,1.0597779675491,0,NA,NA,NA,NA,NA,NA,NA
"Concentric shells","irregular_z","boundary",2,50,1,12000,"primary","SpaGCN refine",0.8225,0.625794891087851,0.822690625366744,0.751033912324235,0.774978650725875,0.277916666666667,0.958645833333333,0.302666666666667,0.00422222222222222,0.861480075901328,0.0878333333333333,1.0597779675491,0.0309999999999988,NA,NA,NA,NA,NA,NA,NA
"Concentric shells","irregular_z","boundary",2,50,1,12000,"primary","GraphST refine",0.82175,0.637405800277262,0.823155621904203,0.695406929895246,0.824081981212639,0.615416666666667,0.873333333333333,0.630666666666667,0.114555555555556,0.575776019476567,0.273833333333333,1.0597779675491,0.136000000000001,NA,NA,NA,NA,NA,NA,NA
"Concentric shells","irregular_z","boundary",2,50,1,12000,"primary","Potts-like ICM",0.782666666666667,0.564631238674593,0.783101028882795,0.668734491315137,0.734842015371477,0.157916666666667,0.938854166666667,0.168,0.0124444444444444,0.778979907264297,0.0539166666666667,1.0597779675491,0.0750000000000011,NA,NA,NA,NA,NA,NA,NA
"Concentric shells","irregular_z","boundary",3,51,3,12000,"primary","Initial",0.750083333333333,0.518675040541082,0.750643151053684,0.621174524400331,0.770735857082093,0,0.937604166666667,0,0,NA,0,1.03615482773288,0,NA,NA,NA,NA,NA,NA,NA
"Concentric shells","irregular_z","boundary",3,51,3,12000,"primary","SpaGCN refine",0.801083333333333,0.59215932726962,0.801591685049839,0.720443349753695,0.843470863462356,0.2325,0.943229166666667,0.253417805935312,0.0164426174869459,0.714957666980245,0.0885833333333333,1.03615482773288,0.0259999999999998,NA,NA,NA,NA,NA,NA,NA
"Concentric shells","irregular_z","boundary",3,51,3,12000,"primary","GraphST refine",0.640916666666667,0.403977717205005,0.64193051388049,0.414786967418546,0.803487877498937,0.473333333333333,0.6828125,0.471823941313771,0.302744139540051,0.292900020699648,0.402583333333333,1.03615482773288,0.131,NA,NA,NA,NA,NA,NA,NA
"Concentric shells","irregular_z","boundary",3,51,3,12000,"primary","Potts-like ICM",0.76,0.53246786931549,0.760592619834731,0.640612076095947,0.803913228413441,0.0904166666666667,0.927395833333333,0.0966988996332111,0.0189978891234307,0.56640625,0.0426666666666667,1.03615482773288,0.0609999999999999,NA,NA,NA,NA,NA,NA,NA
"Concentric shells","irregular_z","patch",1,52,1,12000,"primary","Initial",0.75,0.521882362557383,0.74861985734004,0.592783505154639,0.592783505154639,0.7825,0.741875,0,0,NA,0,1.05240549828179,0,NA,NA,NA,NA,NA,NA,NA
"Concentric shells","irregular_z","patch",1,52,1,12000,"primary","SpaGCN refine",0.741916666666667,0.508422866845248,0.7406051549604,0.59106529209622,0.59106529209622,0.741666666666667,0.741979166666667,0.024,0.0187777777777778,0.171021377672209,0.0350833333333333,1.05240549828179,0.032,NA,NA,NA,NA,NA,NA,NA
"Concentric shells","irregular_z","patch",1,52,1,12000,"primary","GraphST refine",0.648,0.376585592357554,0.647006072782984,0.5446735395189,0.5446735395189,0.57125,0.6671875,0.184,0.197333333333333,0.181102362204724,0.254,1.05240549828179,0.135999999999999,NA,NA,NA,NA,NA,NA,NA
"Concentric shells","irregular_z","patch",1,52,1,12000,"primary","Potts-like ICM",0.7325,0.493595654276362,0.731168053974215,0.57946735395189,0.57946735395189,0.73125,0.7328125,0.016,0.0286666666666667,0.111111111111111,0.036,1.05240549828179,0.0739999999999998,NA,NA,NA,NA,NA,NA,NA
"Concentric shells","irregular_z","patch",2,53,1,12000,"primary","Initial",0.75,0.546183163795868,0.750668314133107,0.477470028937578,0.865197117422637,0.815,0.73375,0,0,NA,0,1.02543450614667,0,NA,NA,NA,NA,NA,NA,NA
"Concentric shells","irregular_z","patch",2,53,1,12000,"primary","SpaGCN refine",0.738416666666667,0.527537458476756,0.7390557909309,0.470028937577511,0.847392963119966,0.757916666666667,0.733541666666667,0.015,0.0204444444444444,0.113924050632911,0.0329166666666667,1.02543450614667,0.0310000000000006,NA,NA,NA,NA,NA,NA,NA
"Concentric shells","irregular_z","patch",2,53,1,12000,"primary","GraphST refine",0.647416666666667,0.39843650626328,0.648110178399387,0.418768085985945,0.759643916913947,0.56375,0.668333333333333,0.171333333333333,0.193888888888889,0.185358817165525,0.231083333333333,1.02543450614667,0.131,NA,NA,NA,NA,NA,NA,NA
"Concentric shells","irregular_z","patch",2,53,1,12000,"primary","Potts-like ICM",0.722666666666667,0.504463195782896,0.723379536720694,0.45266639107069,0.846969054684188,0.7325,0.720208333333333,0.0153333333333333,0.0415555555555556,0.08984375,0.0426666666666667,1.02543450614667,0.0730000000000004,NA,NA,NA,NA,NA,NA,NA
"Concentric shells","irregular_z","patch",3,54,3,12000,"primary","Initial",0.750083333333333,0.509695633781056,0.750602516301398,0.677272727272727,0.849829351535836,0.760416666666667,0.7475,0,0,NA,0,1.03498293515358,0,NA,NA,NA,NA,NA,NA,NA
"Concentric shells","irregular_z","patch",3,54,3,12000,"primary","SpaGCN refine",0.734416666666667,0.484379044948836,0.734843247465653,0.672507300792658,0.817832764505119,0.7075,0.741145833333333,0.0406802267422474,0.0344406177091434,0.201652892561983,0.0504166666666667,1.03498293515358,0.0259999999999998,NA,NA,NA,NA,NA,NA,NA
"Concentric shells","irregular_z","patch",3,54,3,12000,"primary","GraphST refine",0.5575,0.2856691553346,0.556252503192746,0.34598976109215,0.34598976109215,0.47125,0.5790625,0.346782260753585,0.37229196755916,0.21133915870758,0.410083333333333,1.03498293515358,0.129,NA,NA,NA,NA,NA,NA,NA
"Concentric shells","irregular_z","patch",3,54,3,12000,"primary","Potts-like ICM",0.721583333333333,0.465621163831822,0.721864589527994,0.65790571547768,0.781143344709898,0.707916666666667,0.725,0.019673224408136,0.0445506054882791,0.116370808678501,0.04225,1.03498293515358,0.0599999999999987,NA,NA,NA,NA,NA,NA,NA
"Concentric shells","irregular_z","random",1,55,1,12000,"primary","Initial",0.75,0.503438673863572,0.749943183802727,0.737691352916839,0.750423011844332,0.738333333333333,0.752916666666667,0,0,NA,0,1.02918781725888,0,NA,NA,NA,NA,NA,NA,NA
"Concentric shells","irregular_z","random",1,55,1,12000,"primary","SpaGCN refine",0.865833333333333,0.702582855751667,0.865889385470043,0.817128671907323,0.892554991539763,0.759166666666667,0.8925,0.539333333333333,0.0253333333333333,0.852925672113864,0.158083333333333,1.02918781725888,0.0330000000000013,NA,NA,NA,NA,NA,NA,NA
"Concentric shells","irregular_z","random",1,55,1,12000,"primary","GraphST refine",0.7975,0.61166071200047,0.797875468235683,0.498965659908978,0.892554991539763,0.61375,0.8434375,0.793,0.201,0.550566998380005,0.360083333333333,1.02918781725888,0.141999999999999,NA,NA,NA,NA,NA,NA,NA
"Concentric shells","irregular_z","random",1,55,1,12000,"primary","Potts-like ICM",0.84625,0.676228496346325,0.846206895537189,0.722383119569715,0.901015228426396,0.725,0.8765625,0.551666666666667,0.0555555555555556,0.759174311926605,0.181666666666667,1.02918781725888,0.0779999999999994,NA,NA,NA,NA,NA,NA,NA
"Concentric shells","irregular_z","random",2,56,1,12000,"primary","Initial",0.75,0.503731735458939,0.749975932744891,0.744707347447073,0.751297577854671,0.744583333333333,0.751354166666667,0,0,NA,0,1.06574394463668,0,NA,NA,NA,NA,NA,NA,NA
"Concentric shells","irregular_z","random",2,56,1,12000,"primary","SpaGCN refine",0.860333333333333,0.690806136026862,0.860702310055022,0.825892857142857,0.890138408304498,0.755416666666667,0.8865625,0.52,0.0262222222222222,0.841423948220065,0.1545,1.06574394463668,0.032,NA,NA,NA,NA,NA,NA,NA
"Concentric shells","irregular_z","random",2,56,1,12000,"primary","GraphST refine",0.798833333333333,0.601923077337074,0.800477885276906,0.5625,0.899221453287197,0.602916666666667,0.8478125,0.793666666666667,0.199444444444444,0.548870447210696,0.3615,1.06574394463668,0.140000000000001,NA,NA,NA,NA,NA,NA,NA
"Concentric shells","irregular_z","random",2,56,1,12000,"primary","Potts-like ICM",0.852833333333333,0.684512770305057,0.853333725234715,0.756087662337662,0.897058823529412,0.719166666666667,0.88625,0.553333333333333,0.0473333333333333,0.784869976359338,0.17625,1.06574394463668,0.0749999999999993,NA,NA,NA,NA,NA,NA,NA
"Concentric shells","irregular_z","random",3,57,3,12000,"primary","Initial",0.750083333333333,0.50167650063801,0.750126855639678,0.742505133470226,0.758856167306872,0.745416666666667,0.75125,0,0,NA,0,1.04396073410158,0,NA,NA,NA,NA,NA,NA,NA
"Concentric shells","irregular_z","random",3,57,3,12000,"primary","SpaGCN refine",0.820416666666667,0.618333531956254,0.820153821686311,0.771233461374306,0.771233461374306,0.73625,0.841458333333333,0.40813604534845,0.0422175313854016,0.731182795698925,0.1395,1.04396073410158,0.0249999999999986,NA,NA,NA,NA,NA,NA,NA
"Concentric shells","irregular_z","random",3,57,3,12000,"primary","GraphST refine",0.624666666666667,0.393024985887807,0.6224637470507,0.232180964575331,0.232180964575331,0.511666666666667,0.652916666666667,0.625875291763921,0.375736029330074,0.332330028328612,0.470666666666667,1.04396073410158,0.130000000000003,NA,NA,NA,NA,NA,NA,NA
"Concentric shells","irregular_z","random",3,57,3,12000,"primary","Potts-like ICM",0.792583333333333,0.57883180855303,0.791796905208161,0.687580025608195,0.687580025608195,0.717083333333333,0.811458333333333,0.312104034678226,0.0473280746583713,0.675812274368231,0.115416666666667,1.04396073410158,0.0609999999999999,NA,NA,NA,NA,NA,NA,NA
"Concentric shells","irregular_z","region",1,58,1,12000,"primary","Initial",0.75,0.592953218529992,0.746858893136249,0.31888935633151,0.700967458223395,0.8475,0.725625,0,0,NA,0,1.08311345646438,0,NA,NA,NA,NA,NA,NA,NA
"Concentric shells","irregular_z","region",1,58,1,12000,"primary","SpaGCN refine",0.735833333333333,0.566205059288519,0.732847981011733,0.310896087505259,0.69613016710642,0.78875,0.722604166666667,0.0173333333333333,0.0246666666666667,0.153846153846154,0.0281666666666667,1.08311345646438,0.0309999999999988,NA,NA,NA,NA,NA,NA,NA
"Concentric shells","irregular_z","region",1,58,1,12000,"primary","GraphST refine",0.620416666666667,0.371729243242025,0.619512637256859,0.267984854859066,0.704925241864556,0.56125,0.635208333333333,0.116333333333333,0.211555555555556,0.14010437575271,0.207583333333333,1.08311345646438,0.175999999999998,NA,NA,NA,NA,NA,NA,NA
"Concentric shells","irregular_z","region",1,58,1,12000,"primary","Potts-like ICM",0.728583333333333,0.558383415826484,0.725566092407238,0.290702566259992,0.691732629727353,0.796666666666667,0.7115625,0.021,0.0355555555555556,0.132631578947368,0.0395833333333333,1.08311345646438,0.0760000000000005,NA,NA,NA,NA,NA,NA,NA
"Concentric shells","irregular_z","region",2,59,1,12000,"primary","Initial",0.75,0.465438308573472,0.750521148281709,0.599343185550082,0.740336134453782,0.7775,0.743125,0,0,NA,0,1.02352941176471,0,NA,NA,NA,NA,NA,NA,NA
"Concentric shells","irregular_z","region",2,59,1,12000,"primary","SpaGCN refine",0.738333333333333,0.444526566053593,0.738819718857443,0.595238095238095,0.726470588235294,0.725,0.741666666666667,0.0116666666666667,0.0194444444444444,0.138339920948617,0.0210833333333333,1.02352941176471,0.032,NA,NA,NA,NA,NA,NA,NA
"Concentric shells","irregular_z","region",2,59,1,12000,"primary","GraphST refine",0.65425,0.30420744730966,0.654462814164993,0.532608695652174,0.665546218487395,0.540833333333333,0.682604166666667,0.154,0.179,0.217105263157895,0.177333333333333,1.02352941176471,0.137,NA,NA,NA,NA,NA,NA,NA
"Concentric shells","irregular_z","region",2,59,1,12000,"primary","Potts-like ICM",0.72675,0.421037106772888,0.727221804983093,0.584564860426929,0.719747899159664,0.715833333333333,0.729479166666667,0.019,0.0373333333333333,0.144303797468354,0.0329166666666667,1.02352941176471,0.0940000000000012,NA,NA,NA,NA,NA,NA,NA
"Concentric shells","irregular_z","region",3,60,3,12000,"primary","Initial",0.750083333333333,0.482851364192736,0.750411107887182,0.678156146179402,0.80595026642984,0.752083333333333,0.749583333333333,0,0,NA,0,1.10923623445826,0,NA,NA,NA,NA,NA,NA,NA
"Concentric shells","irregular_z","region",3,60,3,12000,"primary","SpaGCN refine",0.731333333333333,0.450810317253686,0.731479455628186,0.67109634551495,0.771314387211368,0.69,0.741666666666667,0.0193397799266422,0.0314409510054438,0.148337595907928,0.0325833333333333,1.10923623445826,0.0300000000000011,NA,NA,NA,NA,NA,NA,NA
"Concentric shells","irregular_z","region",3,60,3,12000,"primary","GraphST refine",0.501,0.188253718444173,0.498118381407226,0.246891651865009,0.246891651865009,0.40125,0.5259375,0.154718239413138,0.383624041773136,0.11702395964691,0.330416666666667,1.10923623445826,0.131999999999998,NA,NA,NA,NA,NA,NA,NA
"Concentric shells","irregular_z","region",3,60,3,12000,"primary","Potts-like ICM",0.718916666666667,0.42905368543658,0.717668028897031,0.6578073089701,0.671403197158082,0.696666666666667,0.724479166666667,0.0410136712237412,0.0552160871014332,0.196485623003195,0.0521666666666667,1.10923623445826,0.0609999999999999,NA,NA,NA,NA,NA,NA,NA
"Concentric shells","uniform","boundary",1,61,1,12000,"primary","Initial",0.75,0.518026127743545,0.750088225755949,0.618142548596112,0.618142548596112,0,0.9375,0,0,NA,0,1.07257019438445,0,NA,NA,NA,NA,NA,NA,NA
"Concentric shells","uniform","boundary",1,61,1,12000,"primary","SpaGCN refine",0.806083333333333,0.601525786968386,0.806100441247831,0.706263498920086,0.706263498920086,0.235833333333333,0.948645833333333,0.258,0.0112222222222222,0.750727449078564,0.0859166666666667,1.07257019438445,0.0299999999999976,NA,NA,NA,NA,NA,NA,NA
"Concentric shells","uniform","boundary",1,61,1,12000,"primary","GraphST refine",0.772666666666667,0.574148598534401,0.772876156892688,0.620302375809935,0.620302375809935,0.57625,0.821770833333333,0.587333333333333,0.165555555555556,0.478414336139017,0.306916666666667,1.07257019438445,0.137,NA,NA,NA,NA,NA,NA,NA
"Concentric shells","uniform","boundary",1,61,1,12000,"primary","Potts-like ICM",0.757916666666667,0.53032722659702,0.758080936851864,0.630237580993521,0.630237580993521,0.0608333333333333,0.9321875,0.0626666666666667,0.0103333333333333,0.630872483221476,0.0248333333333333,1.07257019438445,0.0769999999999982,NA,NA,NA,NA,NA,NA,NA
"Concentric shells","uniform","boundary",2,62,1,12000,"primary","Initial",0.75,0.52124057583928,0.749990460953036,0.601485148514851,0.784799316823228,0,0.9375,0,0,NA,0,1.04739538855679,0,NA,NA,NA,NA,NA,NA,NA
"Concentric shells","uniform","boundary",2,62,1,12000,"primary","SpaGCN refine",0.805333333333333,0.602476310616606,0.805605930390717,0.684818481848185,0.857386848847139,0.239166666666667,0.946875,0.254333333333333,0.011,0.750984251968504,0.0846666666666667,1.04739538855679,0.032,NA,NA,NA,NA,NA,NA,NA
"Concentric shells","uniform","boundary",2,62,1,12000,"primary","GraphST refine",0.7655,0.561993401456886,0.76686885557759,0.618811881188119,0.953031596925704,0.555416666666667,0.818020833333333,0.568,0.168666666666667,0.46166350582498,0.307583333333333,1.04739538855679,0.138999999999999,NA,NA,NA,NA,NA,NA,NA
"Concentric shells","uniform","boundary",2,62,1,12000,"primary","Potts-like ICM",0.75625,0.529856659968948,0.756529309821926,0.617574257425743,0.822374039282664,0.065,0.9290625,0.069,0.0146666666666667,0.586402266288952,0.0294166666666667,1.04739538855679,0.0770000000000017,NA,NA,NA,NA,NA,NA,NA
"Concentric shells","uniform","boundary",3,63,3,12000,"primary","Initial",0.750083333333333,0.523548530577486,0.749792570992293,0.597971602434077,0.672038327526132,0,0.937604166666667,0,0,NA,0,1.073606271777,0,NA,NA,NA,NA,NA,NA,NA
"Concentric shells","uniform","boundary",3,63,3,12000,"primary","SpaGCN refine",0.77675,0.562122298205465,0.776943029402311,0.644624746450304,0.71602787456446,0.205,0.9196875,0.210070023341114,0.0344406177091434,0.5625,0.0933333333333333,1.073606271777,0.0279999999999987,NA,NA,NA,NA,NA,NA,NA
"Concentric shells","uniform","boundary",3,63,3,12000,"primary","GraphST refine",0.6555,0.434848815604134,0.655486974637755,0.477351916376307,0.477351916376307,0.502083333333333,0.693854166666667,0.496832277425809,0.291634262859682,0.312368972746331,0.3975,1.073606271777,0.121000000000002,NA,NA,NA,NA,NA,NA,NA
"Concentric shells","uniform","boundary",3,63,3,12000,"primary","Potts-like ICM",0.751,0.52485849787357,0.750814845059429,0.601217038539554,0.671602787456446,0.0241666666666667,0.932708333333333,0.0240080026675559,0.006777024775025,0.51063829787234,0.01175,1.073606271777,0.0629999999999988,NA,NA,NA,NA,NA,NA,NA
"Concentric shells","uniform","patch",1,64,1,12000,"primary","Initial",0.75,0.501639510707022,0.750724584421072,0.701797385620915,0.801724137931034,0.7475,0.750625,0,0,NA,0,1.06206896551724,0,NA,NA,NA,NA,NA,NA,NA
"Concentric shells","uniform","patch",1,64,1,12000,"primary","SpaGCN refine",0.74275,0.490625751528095,0.743434323008938,0.703022875816993,0.792241379310345,0.7175,0.7490625,0.036,0.0216666666666667,0.220858895705521,0.04075,1.06206896551724,0.032,NA,NA,NA,NA,NA,NA,NA
"Concentric shells","uniform","patch",1,64,1,12000,"primary","GraphST refine",0.6785,0.413462729317598,0.677395524853855,0.535344827586207,0.535344827586207,0.550416666666667,0.710520833333333,0.37,0.218666666666667,0.309450794535824,0.298916666666667,1.06206896551724,0.137999999999998,NA,NA,NA,NA,NA,NA,NA
"Concentric shells","uniform","patch",1,64,1,12000,"primary","Potts-like ICM",0.732083333333333,0.47501423467406,0.732436002937831,0.693627450980392,0.738793103448276,0.708333333333333,0.738020833333333,0.00966666666666667,0.0271111111111111,0.100346020761246,0.0240833333333333,1.06206896551724,0.0769999999999982,NA,NA,NA,NA,NA,NA,NA
"Concentric shells","uniform","patch",2,65,1,12000,"primary","Initial",0.75,0.507741578575936,0.749874607453,0.698009318085557,0.698009318085557,0.747916666666667,0.750520833333333,0,0,NA,0,1.03388394747988,0,NA,NA,NA,NA,NA,NA,NA
"Concentric shells","uniform","patch",2,65,1,12000,"primary","SpaGCN refine",0.7435,0.49701529477505,0.743383435311844,0.696738670055061,0.696738670055061,0.720833333333333,0.749166666666667,0.038,0.0213333333333333,0.233128834355828,0.04075,1.03388394747988,0.0330000000000013,NA,NA,NA,NA,NA,NA,NA
"Concentric shells","uniform","patch",2,65,1,12000,"primary","GraphST refine",0.668,0.396939722649541,0.668063950996396,0.572916666666667,0.735705209656925,0.543333333333333,0.699166666666667,0.358333333333333,0.228777777777778,0.293075245365322,0.305666666666667,1.03388394747988,0.141000000000002,NA,NA,NA,NA,NA,NA,NA
"Concentric shells","uniform","patch",2,65,1,12000,"primary","Potts-like ICM",0.733833333333333,0.480748673044389,0.733691443100928,0.695044472681067,0.695044472681067,0.7225,0.736666666666667,0.0226666666666667,0.0291111111111111,0.195965417867435,0.0289166666666667,1.03388394747988,0.088000000000001,NA,NA,NA,NA,NA,NA,NA
"Concentric shells","uniform","patch",3,66,3,12000,"primary","Initial",0.750083333333333,0.510935581234668,0.749809700735628,0.676767676767677,0.793413173652695,0.759583333333333,0.747708333333333,0,0,NA,0,1.04662104362703,0,NA,NA,NA,NA,NA,NA,NA
"Concentric shells","uniform","patch",3,66,3,12000,"primary","SpaGCN refine",0.727083333333333,0.474491438218863,0.726876653879168,0.671296296296296,0.761334473909324,0.699166666666667,0.7340625,0.0570190063354451,0.0496611487612487,0.23265306122449,0.06125,1.04662104362703,0.0289999999999999,NA,NA,NA,NA,NA,NA,NA
"Concentric shells","uniform","patch",3,66,3,12000,"primary","GraphST refine",0.577166666666667,0.307976334596053,0.577603942984077,0.431027425296766,0.53207869974337,0.48125,0.601145833333333,0.396465488496165,0.362626374847239,0.244097721207144,0.405916666666667,1.04662104362703,0.129999999999999,NA,NA,NA,NA,NA,NA,NA
"Concentric shells","uniform","patch",3,66,3,12000,"primary","Potts-like ICM",0.737416666666667,0.491172118182996,0.737327845047414,0.659090909090909,0.801112061591103,0.7375,0.737395833333333,0.0263421140380127,0.025663815131652,0.250793650793651,0.02625,1.04662104362703,0.0640000000000001,NA,NA,NA,NA,NA,NA,NA
"Concentric shells","uniform","random",1,67,1,12000,"primary","Initial",0.75,0.502040596529712,0.749998004586851,0.736534446764092,0.742759795570698,0.74625,0.7509375,0,0,NA,0,1.04770017035775,0,NA,NA,NA,NA,NA,NA,NA
"Concentric shells","uniform","random",1,67,1,12000,"primary","SpaGCN refine",0.82475,0.624980933806671,0.824935225616297,0.788509575353872,0.830068143100511,0.73,0.8484375,0.417,0.0393333333333333,0.75,0.139,1.04770017035775,0.032,NA,NA,NA,NA,NA,NA,NA
"Concentric shells","uniform","random",1,67,1,12000,"primary","GraphST refine",0.73725,0.524418205289334,0.73713295939903,0.417985012489592,0.711243611584327,0.546666666666667,0.784895833333333,0.764666666666667,0.271888888888889,0.467686034658512,0.40875,1.04770017035775,0.146000000000001,NA,NA,NA,NA,NA,NA,NA
"Concentric shells","uniform","random",1,67,1,12000,"primary","Potts-like ICM",0.81025,0.609111076850069,0.810354102803229,0.723147377185679,0.753407155025554,0.72375,0.831875,0.322,0.027,0.794407894736842,0.101333333333333,1.04770017035775,0.083000000000002,NA,NA,NA,NA,NA,NA,NA
"Concentric shells","uniform","random",2,68,1,12000,"primary","Initial",0.75,0.501845717771922,0.750017330072971,0.739884393063584,0.750529436679373,0.755833333333333,0.748541666666667,0,0,NA,0,1.03346039813638,0,NA,NA,NA,NA,NA,NA,NA
"Concentric shells","uniform","random",2,68,1,12000,"primary","SpaGCN refine",0.82225,0.620294948974593,0.82237767884087,0.763005780346821,0.816603134265142,0.73875,0.843125,0.398666666666667,0.0365555555555556,0.74937343358396,0.133,1.03346039813638,0.0329999999999977,NA,NA,NA,NA,NA,NA,NA
"Concentric shells","uniform","random",2,68,1,12000,"primary","GraphST refine",0.735333333333333,0.528609062389581,0.736010892239592,0.36168455821635,0.734858110969928,0.562916666666667,0.7784375,0.736666666666667,0.265111111111111,0.465361128658665,0.39575,1.03346039813638,0.141999999999999,NA,NA,NA,NA,NA,NA,NA
"Concentric shells","uniform","random",2,68,1,12000,"primary","Potts-like ICM",0.78525,0.574720885045985,0.785802070554282,0.588356729975227,0.755612028801355,0.717083333333333,0.802291666666667,0.317333333333333,0.0587777777777778,0.637642330877428,0.124416666666667,1.03346039813638,0.0800000000000018,NA,NA,NA,NA,NA,NA,NA
"Concentric shells","uniform","random",3,69,3,12000,"primary","Initial",0.750083333333333,0.501697201210213,0.750034528669743,0.740554156171285,0.745283018867924,0.738333333333333,0.753020833333333,0,0,NA,0,1.04974271012007,0,NA,NA,NA,NA,NA,NA,NA
"Concentric shells","uniform","random",3,69,3,12000,"primary","SpaGCN refine",0.781083333333333,0.553059622830058,0.780596855415545,0.695111492281304,0.695111492281304,0.700833333333333,0.801145833333333,0.303434478159386,0.0597711365403844,0.591677503250975,0.128166666666667,1.04974271012007,0.0279999999999987,NA,NA,NA,NA,NA,NA,NA
"Concentric shells","uniform","random",3,69,3,12000,"primary","GraphST refine",0.612833333333333,0.388773418696871,0.610705701747183,0.215694682675815,0.215694682675815,0.499583333333333,0.641145833333333,0.609869956652217,0.386179313409621,0.323144876325088,0.471666666666667,1.04974271012007,0.118000000000002,NA,NA,NA,NA,NA,NA,NA
"Concentric shells","uniform","random",3,69,3,12000,"primary","Potts-like ICM",0.77575,0.549305774992024,0.775124160025968,0.680960548885077,0.680960548885077,0.72,0.7896875,0.191730576858953,0.0296633707365848,0.674091441969519,0.0710833333333333,1.04974271012007,0.0670000000000002,NA,NA,NA,NA,NA,NA,NA
"Concentric shells","uniform","region",1,70,1,12000,"primary","Initial",0.75,0.44592138559118,0.750125942610222,0.695399917115624,0.765078026149304,0.763333333333333,0.746666666666667,0,0,NA,0,1.02783635596795,0,NA,NA,NA,NA,NA,NA,NA
"Concentric shells","uniform","region",1,70,1,12000,"primary","SpaGCN refine",0.735,0.421272616261386,0.735099881397023,0.693327807708247,0.736819907212147,0.707083333333333,0.741979166666667,0.0136666666666667,0.0245555555555556,0.156488549618321,0.0218333333333333,1.02783635596795,0.0309999999999988,NA,NA,NA,NA,NA,NA,NA
"Concentric shells","uniform","region",1,70,1,12000,"primary","GraphST refine",0.615166666666667,0.266162587334157,0.614852329800586,0.426402361872628,0.426402361872628,0.43875,0.659270833333333,0.131666666666667,0.223666666666667,0.164036544850498,0.200666666666667,1.02783635596795,0.138999999999999,NA,NA,NA,NA,NA,NA,NA
"Concentric shells","uniform","region",1,70,1,12000,"primary","Potts-like ICM",0.762083333333333,0.449801484736364,0.762198313503561,0.692498963945296,0.74441164065795,0.750833333333333,0.764895833333333,0.111666666666667,0.0211111111111111,0.638095238095238,0.04375,1.02783635596795,0.0779999999999994,NA,NA,NA,NA,NA,NA,NA
"Concentric shells","uniform","region",2,71,1,12000,"primary","Initial",0.75,0.455662693620601,0.749675552099857,0.692930153321976,0.692930153321976,0.760416666666667,0.747395833333333,0,0,NA,0,1.03577512776831,0,NA,NA,NA,NA,NA,NA,NA
"Concentric shells","uniform","region",2,71,1,12000,"primary","SpaGCN refine",0.736166666666667,0.432730393916581,0.735920365081218,0.688671209540034,0.688671209540034,0.712083333333333,0.7421875,0.00766666666666667,0.021,0.108490566037736,0.0176666666666667,1.03577512776831,0.0330000000000013,NA,NA,NA,NA,NA,NA,NA
"Concentric shells","uniform","region",2,71,1,12000,"primary","GraphST refine",0.610416666666667,0.279946956393577,0.610910760277023,0.49938195302843,0.651618398637138,0.472083333333333,0.645,0.121666666666667,0.226666666666667,0.151767151767152,0.200416666666667,1.03577512776831,0.140000000000001,NA,NA,NA,NA,NA,NA,NA
"Concentric shells","uniform","region",2,71,1,12000,"primary","Potts-like ICM",0.747833333333333,0.446098013741438,0.747542448925468,0.68824531516184,0.68824531516184,0.738333333333333,0.750208333333333,0.074,0.0275555555555556,0.472340425531915,0.0391666666666667,1.03577512776831,0.0800000000000018,NA,NA,NA,NA,NA,NA,NA
"Concentric shells","uniform","region",3,72,3,12000,"primary","Initial",0.750083333333333,0.502045542879759,0.750823103188678,0.510690789473684,0.725190839694656,0.799166666666667,0.7378125,0,0,NA,0,1.03901611535199,0,NA,NA,NA,NA,NA,NA,NA
"Concentric shells","uniform","region",3,72,3,12000,"primary","SpaGCN refine",0.72075,0.447528694966481,0.721582091110761,0.497121710526316,0.724766751484309,0.736666666666667,0.716770833333333,0.0443481160386796,0.0538829018997889,0.200301204819277,0.0553333333333333,1.03901611535199,0.0279999999999987,NA,NA,NA,NA,NA,NA,NA
"Concentric shells","uniform","region",3,72,3,12000,"primary","GraphST refine",0.495666666666667,0.187676358460904,0.496665882291862,0.374166666666667,0.754452926208651,0.442083333333333,0.5090625,0.205068356118706,0.407510276635929,0.14222941720629,0.360333333333333,1.03901611535199,0.122,NA,NA,NA,NA,NA,NA,NA
"Concentric shells","uniform","region",3,72,3,12000,"primary","Potts-like ICM",0.736166666666667,0.478645813820286,0.737301677574456,0.460115131578947,0.735368956743003,0.785,0.723958333333333,0.0673557852617539,0.040995444950561,0.350694444444444,0.048,1.03901611535199,0.0629999999999988,NA,NA,NA,NA,NA,NA,NA
"Disconnected volumes","class_imbalanced","boundary",1,73,1,12000,"primary","Initial",0.75,0.471619624754084,0.760981975138747,0.705625264345129,0.74468085106383,0,0.9375,0,0,NA,0,50.3049645390071,0,NA,NA,NA,NA,NA,NA,NA
"Disconnected volumes","class_imbalanced","boundary",1,73,1,12000,"primary","SpaGCN refine",0.7725,0.509051775634325,0.786192990008548,0.722120400394755,0.765957446808511,0.0645833333333333,0.949479166666667,0.0926666666666667,0.000888888888888889,0.671497584541063,0.0345,50.3049645390071,0.0579999999999998,NA,NA,NA,NA,NA,NA,NA
"Disconnected volumes","class_imbalanced","boundary",1,73,1,12000,"primary","GraphST refine",0.947666666666667,0.884794520011565,0.830610945168281,0.595744680851064,0.595744680851064,0.789583333333333,0.9871875,0.818,0.00911111111111111,0.835262083049694,0.244833333333333,50.3049645390071,0.181000000000001,NA,NA,NA,NA,NA,NA,NA
"Disconnected volumes","class_imbalanced","boundary",1,73,1,12000,"primary","Potts-like ICM",0.793416666666667,0.54181474737465,0.787004932867804,0.695035460992908,0.695035460992908,0.169583333333333,0.949375,0.177,0.00111111111111111,0.946524064171123,0.04675,50.3049645390071,0.105,NA,NA,NA,NA,NA,NA,NA
"Disconnected volumes","class_imbalanced","boundary",2,74,1,12000,"primary","Initial",0.75,0.476354775393512,0.781567285779088,0.740848420774415,0.8,0,0.9375,0,0,NA,0,52.1862068965517,0,NA,NA,NA,NA,NA,NA,NA
"Disconnected volumes","class_imbalanced","boundary",2,74,1,12000,"primary","SpaGCN refine",0.776333333333333,0.519174608393175,0.80333128384046,0.760274877758689,0.779310344827586,0.07875,0.950729166666667,0.108333333333333,0.001,0.715859030837004,0.0378333333333333,52.1862068965517,0.0330000000000013,NA,NA,NA,NA,NA,NA,NA
"Disconnected volumes","class_imbalanced","boundary",2,74,1,12000,"primary","GraphST refine",0.957083333333333,0.912605096026663,0.810823173289118,0.406896551724138,0.406896551724138,0.845,0.985104166666667,0.866333333333333,0.0126666666666667,0.862309223623092,0.251166666666667,52.1862068965517,0.204000000000001,NA,NA,NA,NA,NA,NA,NA
"Disconnected volumes","class_imbalanced","boundary",2,74,1,12000,"primary","Potts-like ICM",0.793416666666667,0.546527329906713,0.764502613966709,0.510344827586207,0.510344827586207,0.176666666666667,0.947604166666667,0.191333333333333,0.00588888888888889,0.879019908116386,0.0544166666666667,52.1862068965517,0.109000000000002,NA,NA,NA,NA,NA,NA,NA
"Disconnected volumes","class_imbalanced","boundary",3,75,3,12000,"primary","Initial",0.750083333333333,0.475203992040128,0.773285263100151,0.729160897258377,0.863636363636364,0,0.937604166666667,0,0,NA,0,41.0340909090909,0,NA,NA,NA,NA,NA,NA,NA
"Disconnected volumes","class_imbalanced","boundary",3,75,3,12000,"primary","SpaGCN refine",0.791583333333333,0.549020828349064,0.802965291881756,0.770008307947937,0.852272727272727,0.142083333333333,0.953958333333333,0.172057352450817,0.00199977780246639,0.828250401284109,0.0519166666666667,41.0340909090909,0.036999999999999,NA,NA,NA,NA,NA,NA,NA
"Disconnected volumes","class_imbalanced","boundary",3,75,3,12000,"primary","GraphST refine",0.942333333333333,0.873960676889708,0.741888036367451,0.414772727272727,0.414772727272727,0.849583333333333,0.965520833333333,0.856618872957653,0.0291078769025664,0.819980849026492,0.261083333333333,41.0340909090909,0.144000000000002,NA,NA,NA,NA,NA,NA,NA
"Disconnected volumes","class_imbalanced","boundary",3,75,3,12000,"primary","Potts-like ICM",0.823833333333333,0.618711041599706,0.749936071943564,0.619318181818182,0.619318181818182,0.302083333333333,0.954270833333333,0.32810936978993,0.0109987779135652,0.855652173913043,0.0958333333333333,41.0340909090909,0.0669999999999966,NA,NA,NA,NA,NA,NA,NA
"Disconnected volumes","class_imbalanced","patch",1,76,1,12000,"primary","Initial",0.75,0.41580193863512,0.879442750295611,0.629605688429218,0.853658536585366,0.802083333333333,0.736979166666667,0,0,NA,0,62.8861788617886,0,NA,NA,NA,NA,NA,NA,NA
"Disconnected volumes","class_imbalanced","patch",1,76,1,12000,"primary","SpaGCN refine",0.744333333333333,0.411436787550105,0.796249113051418,0.601626016260163,0.601626016260163,0.76875,0.738229166666667,0.0196666666666667,0.0141111111111111,0.128540305010893,0.03825,62.8861788617886,0.041999999999998,NA,NA,NA,NA,NA,NA,NA
"Disconnected volumes","class_imbalanced","patch",1,76,1,12000,"primary","GraphST refine",0.76275,0.454381342508603,0.656564713054946,0.308943089430894,0.308943089430894,0.72875,0.77125,0.214333333333333,0.0544444444444444,0.222722549359196,0.240583333333333,62.8861788617886,0.204000000000001,NA,NA,NA,NA,NA,NA,NA
"Disconnected volumes","class_imbalanced","patch",1,76,1,12000,"primary","Potts-like ICM",0.727666666666667,0.384302098991713,0.722639438623249,0.455284552845528,0.455284552845528,0.740416666666667,0.724479166666667,0.005,0.0314444444444444,0.0501672240802676,0.0249166666666667,62.8861788617886,0.0990000000000002,NA,NA,NA,NA,NA,NA,NA
"Disconnected volumes","class_imbalanced","patch",2,77,1,12000,"primary","Initial",0.75,0.45946721482906,0.815460016569501,0.717004048582996,0.848,0.6975,0.763125,0,0,NA,0,59.28,0,NA,NA,NA,NA,NA,NA,NA
"Disconnected volumes","class_imbalanced","patch",2,77,1,12000,"primary","SpaGCN refine",0.749,0.458901234939695,0.754197799695007,0.624,0.624,0.67875,0.7665625,0.0293333333333333,0.0111111111111111,0.216216216216216,0.0339166666666667,59.28,0.0330000000000013,NA,NA,NA,NA,NA,NA,NA
"Disconnected volumes","class_imbalanced","patch",2,77,1,12000,"primary","GraphST refine",0.792083333333333,0.530794202325836,0.619733899334075,0.152,0.152,0.679583333333333,0.820208333333333,0.315333333333333,0.049,0.321987746766508,0.244833333333333,59.28,0.140999999999998,NA,NA,NA,NA,NA,NA,NA
"Disconnected volumes","class_imbalanced","patch",2,77,1,12000,"primary","Potts-like ICM",0.727166666666667,0.426483814773105,0.633880991329136,0.328,0.328,0.639583333333333,0.7490625,0.0103333333333333,0.0338888888888889,0.0914454277286136,0.02825,59.28,0.0809999999999995,NA,NA,NA,NA,NA,NA,NA
"Disconnected volumes","class_imbalanced","patch",3,78,3,12000,"primary","Initial",0.750083333333333,0.425917645015273,0.882619811409421,0.663199794555727,0.919642857142857,0.842916666666667,0.726875,0,0,NA,0,69.5357142857143,0,NA,NA,NA,NA,NA,NA,NA
"Disconnected volumes","class_imbalanced","patch",3,78,3,12000,"primary","SpaGCN refine",0.742166666666667,0.416078070073012,0.763958988690013,0.5,0.5,0.8,0.727708333333333,0.0280093364454818,0.0198866792578602,0.161538461538462,0.0433333333333333,69.5357142857143,0.0309999999999988,NA,NA,NA,NA,NA,NA,NA
"Disconnected volumes","class_imbalanced","patch",3,78,3,12000,"primary","GraphST refine",0.75925,0.449501199386445,0.57357082244702,0.0178571428571429,0.0178571428571429,0.7625,0.7584375,0.283094364788263,0.0821019886679258,0.268331226295828,0.263666666666667,69.5357142857143,0.120999999999999,NA,NA,NA,NA,NA,NA,NA
"Disconnected volumes","class_imbalanced","patch",3,78,3,12000,"primary","Potts-like ICM",0.718083333333333,0.380408447799072,0.647806800175997,0.232142857142857,0.232142857142857,0.772916666666667,0.704375,0.00966988996332111,0.0458837906899233,0.0650224215246637,0.0371666666666667,69.5357142857143,0.0640000000000001,NA,NA,NA,NA,NA,NA,NA
"Disconnected volumes","class_imbalanced","random",1,79,1,12000,"primary","Initial",0.75,0.486808082652802,0.750963148426166,0.732438016528926,0.7625,0.747916666666667,0.750520833333333,0,0,NA,0,46.38125,0,NA,NA,NA,NA,NA,NA,NA
"Disconnected volumes","class_imbalanced","random",1,79,1,12000,"primary","SpaGCN refine",0.934333333333333,0.852777015627731,0.873845953200382,0.78125,0.78125,0.89,0.945416666666667,0.766666666666667,0.00977777777777778,0.951592883740174,0.201416666666667,46.38125,0.0389999999999979,NA,NA,NA,NA,NA,NA,NA
"Disconnected volumes","class_imbalanced","random",1,79,1,12000,"primary","GraphST refine",0.9425,0.864810972932556,0.717608090402882,0.3875,0.3875,0.867916666666667,0.961145833333333,0.947,0.059,0.815442020665901,0.290333333333333,46.38125,0.163,NA,NA,NA,NA,NA,NA,NA
"Disconnected volumes","class_imbalanced","random",1,79,1,12000,"primary","Potts-like ICM",0.948583333333333,0.884082751421325,0.763504080560276,0.547738693467337,0.55,0.884583333333333,0.964583333333333,0.925333333333333,0.0436666666666667,0.852579852579853,0.271333333333333,46.38125,0.0809999999999995,NA,NA,NA,NA,NA,NA,NA
"Disconnected volumes","class_imbalanced","random",2,80,1,12000,"primary","Initial",0.75,0.48139788728696,0.748080468857519,0.721739130434783,0.721739130434783,0.73875,0.7528125,0,0,NA,0,63.9826086956522,0,NA,NA,NA,NA,NA,NA,NA
"Disconnected volumes","class_imbalanced","random",2,80,1,12000,"primary","SpaGCN refine",0.93625,0.853185814017832,0.859426666570161,0.652173913043478,0.652173913043478,0.8925,0.9471875,0.767333333333333,0.00744444444444444,0.962777080719364,0.19925,63.9826086956522,0.0329999999999977,NA,NA,NA,NA,NA,NA,NA
"Disconnected volumes","class_imbalanced","random",2,80,1,12000,"primary","GraphST refine",0.961916666666667,0.927100125208475,0.699142261312379,0.104347826086957,0.104347826086957,0.905416666666667,0.976041666666667,0.963666666666667,0.0386666666666667,0.872359686179843,0.276166666666667,63.9826086956522,0.143999999999998,NA,NA,NA,NA,NA,NA,NA
"Disconnected volumes","class_imbalanced","random",2,80,1,12000,"primary","Potts-like ICM",0.965916666666667,0.934626933786844,0.72806613419758,0.191304347826087,0.191304347826087,0.919166666666667,0.977604166666667,0.951333333333333,0.0292222222222222,0.898614609571788,0.264666666666667,63.9826086956522,0.0809999999999995,NA,NA,NA,NA,NA,NA,NA
"Disconnected volumes","class_imbalanced","random",3,81,3,12000,"primary","Initial",0.750083333333333,0.484720203116376,0.756791640187113,0.709779179810726,0.81651376146789,0.760416666666667,0.7475,0,0,NA,0,66.8623853211009,0,NA,NA,NA,NA,NA,NA,NA
"Disconnected volumes","class_imbalanced","random",3,81,3,12000,"primary","SpaGCN refine",0.930666666666667,0.853760890985082,0.824478072157083,0.678899082568807,0.678899082568807,0.886666666666667,0.941666666666667,0.758252750916972,0.0118875680479947,0.941614906832298,0.20125,66.8623853211009,0.041999999999998,NA,NA,NA,NA,NA,NA,NA
"Disconnected volumes","class_imbalanced","random",3,81,3,12000,"primary","GraphST refine",0.939916666666667,0.8734041764237,0.610083508640643,0.018348623853211,0.018348623853211,0.880416666666667,0.954791666666667,0.938646215405135,0.0596600377735807,0.807979334098737,0.290333333333333,66.8623853211009,0.154,NA,NA,NA,NA,NA,NA,NA
"Disconnected volumes","class_imbalanced","random",3,81,3,12000,"primary","Potts-like ICM",0.947083333333333,0.889201552906516,0.683108316252982,0.275229357798165,0.275229357798165,0.897083333333333,0.959583333333333,0.916638879626542,0.0427730252194201,0.850030921459493,0.2695,66.8623853211009,0.0689999999999991,NA,NA,NA,NA,NA,NA,NA
"Disconnected volumes","class_imbalanced","region",1,82,1,12000,"primary","Initial",0.75,0.870324676600577,0.698478858266455,0.252093301435407,0.941176470588235,0.78875,0.7403125,0,0,NA,0,54.5588235294118,0,NA,NA,NA,NA,NA,NA,NA
"Disconnected volumes","class_imbalanced","region",1,82,1,12000,"primary","SpaGCN refine",0.741833333333333,0.853412730930684,0.628935475540799,0.249700956937799,0.794117647058823,0.758333333333333,0.737708333333333,0.00733333333333333,0.0133333333333333,0.152777777777778,0.012,54.5588235294118,0.0330000000000013,NA,NA,NA,NA,NA,NA,NA
"Disconnected volumes","class_imbalanced","region",1,82,1,12000,"primary","GraphST refine",0.716166666666667,0.81416365074466,0.472381351614091,0.217703349282297,0.448529411764706,0.705,0.718958333333333,0.0246666666666667,0.0533333333333333,0.130511463844797,0.04725,54.5588235294118,0.170999999999999,NA,NA,NA,NA,NA,NA,NA
"Disconnected volumes","class_imbalanced","region",1,82,1,12000,"primary","Potts-like ICM",0.72725,0.828141322835978,0.526766849291893,0.236543062200957,0.536764705882353,0.731666666666667,0.726145833333333,0.0116666666666667,0.0342222222222222,0.1,0.0291666666666667,54.5588235294118,0.0999999999999979,NA,NA,NA,NA,NA,NA,NA
"Disconnected volumes","class_imbalanced","region",2,83,1,12000,"primary","Initial",0.75,0.482763182816192,0.84911171884394,0.674337704040674,0.818965517241379,0.740416666666667,0.752395833333333,0,0,NA,0,64.4310344827586,0,NA,NA,NA,NA,NA,NA,NA
"Disconnected volumes","class_imbalanced","region",2,83,1,12000,"primary","SpaGCN refine",0.742333333333333,0.469858159881768,0.771517823012152,0.577586206896552,0.577586206896552,0.707916666666667,0.7509375,0.012,0.0142222222222222,0.216867469879518,0.0138333333333333,64.4310344827586,0.0329999999999977,NA,NA,NA,NA,NA,NA,NA
"Disconnected volumes","class_imbalanced","region",2,83,1,12000,"primary","GraphST refine",0.724,0.440625942959065,0.599865861609063,0.120689655172414,0.120689655172414,0.66,0.74,0.0483333333333333,0.0507777777777778,0.240464344941957,0.05025,64.4310344827586,0.144000000000002,NA,NA,NA,NA,NA,NA,NA
"Disconnected volumes","class_imbalanced","region",2,83,1,12000,"primary","Potts-like ICM",0.73275,0.455180230037095,0.695953610762096,0.491379310344828,0.491379310344828,0.695416666666667,0.742083333333333,0.0186666666666667,0.0292222222222222,0.175548589341693,0.0265833333333333,64.4310344827586,0.0960000000000001,NA,NA,NA,NA,NA,NA,NA
"Disconnected volumes","class_imbalanced","region",3,84,3,12000,"primary","Initial",0.750166666666667,0.498734781745092,0.845551049495547,0.717400361060964,0.875,0.759583333333333,0.7478125,0,0,NA,0,52.9485294117647,0,NA,NA,NA,NA,NA,NA,NA
"Disconnected volumes","class_imbalanced","region",3,84,3,12000,"primary","SpaGCN refine",0.737416666666667,0.479160714439209,0.734289070851612,0.470588235294118,0.470588235294118,0.725833333333333,0.7403125,0.0116744496330887,0.0208842479449011,0.153508771929825,0.019,52.9485294117647,0.0340000000000025,NA,NA,NA,NA,NA,NA,NA
"Disconnected volumes","class_imbalanced","region",3,84,3,12000,"primary","GraphST refine",0.687916666666667,0.400197647539198,0.525437510635717,0,0,0.640416666666667,0.699791666666667,0.0470313542361574,0.0986447456120862,0.136760426770126,0.0859166666666667,52.9485294117647,0.169999999999998,NA,NA,NA,NA,NA,NA,NA
"Disconnected volumes","class_imbalanced","region",3,84,3,12000,"primary","Potts-like ICM",0.713833333333333,0.443350477060249,0.61599680986562,0.198529411764706,0.198529411764706,0.689583333333333,0.719895833333333,0.0170113408939293,0.054099089091313,0.0947955390334572,0.0448333333333333,52.9485294117647,0.0670000000000002,NA,NA,NA,NA,NA,NA,NA
"Disconnected volumes","irregular_z","boundary",1,85,1,12000,"primary","Initial",0.75,0.481228019330743,0.745551970043655,0.658388003748828,0.658388003748828,0,0.9375,0,0,NA,0,1.21087160262418,0,NA,NA,NA,NA,NA,NA,NA
"Disconnected volumes","irregular_z","boundary",1,85,1,12000,"primary","SpaGCN refine",0.766583333333333,0.510539180945364,0.762050584297171,0.67244611059044,0.67244611059044,0.035,0.949479166666667,0.0683333333333333,0.000666666666666667,0.56786703601108,0.0300833333333333,1.21087160262418,0.041999999999998,NA,NA,NA,NA,NA,NA,NA
"Disconnected volumes","irregular_z","boundary",1,85,1,12000,"primary","GraphST refine",0.924833333333333,0.82432421728196,0.921732544623945,0.86738519212746,0.86738519212746,0.66375,0.990104166666667,0.713666666666667,0.00477777777777778,0.758413035777542,0.23525,1.21087160262418,0.145000000000003,NA,NA,NA,NA,NA,NA,NA
"Disconnected volumes","irregular_z","boundary",1,85,1,12000,"primary","Potts-like ICM",0.758166666666667,0.495733567933026,0.753501058969302,0.663074039362699,0.663074039362699,0.02,0.942708333333333,0.033,0.000111111111111111,0.925233644859813,0.00891666666666667,1.21087160262418,0.0789999999999971,NA,NA,NA,NA,NA,NA,NA
"Disconnected volumes","irregular_z","boundary",2,86,1,12000,"primary","Initial",0.75,0.478602749596854,0.747387552692415,0.669260700389105,0.69365721997301,0,0.9375,0,0,NA,0,1.14799820062978,0,NA,NA,NA,NA,NA,NA,NA
"Disconnected volumes","irregular_z","boundary",2,86,1,12000,"primary","SpaGCN refine",0.765333333333333,0.505444083455326,0.762685661182019,0.680933852140078,0.708951866846604,0.0258333333333333,0.950208333333333,0.063,0.000555555555555556,0.526462395543176,0.0299166666666667,1.14799820062978,0.0460000000000029,NA,NA,NA,NA,NA,NA,NA
"Disconnected volumes","irregular_z","boundary",2,86,1,12000,"primary","GraphST refine",0.931333333333333,0.837524886453198,0.929847420040112,0.895186684660369,0.895186684660369,0.694166666666667,0.990625,0.738666666666667,0.00444444444444444,0.785258681785967,0.235166666666667,1.14799820062978,0.143000000000001,NA,NA,NA,NA,NA,NA,NA
"Disconnected volumes","irregular_z","boundary",2,86,1,12000,"primary","Potts-like ICM",0.760333333333333,0.497393127993378,0.757463316135701,0.675745784695201,0.695906432748538,0.0266666666666667,0.94375,0.0413333333333333,0,0.96875,0.0106666666666667,1.14799820062978,0.0779999999999994,NA,NA,NA,NA,NA,NA,NA
"Disconnected volumes","irregular_z","boundary",3,87,3,12000,"primary","Initial",0.750083333333333,0.479700042123639,0.746503700237826,0.664732142857143,0.664732142857143,0,0.937604166666667,0,0,NA,0,1.14553571428571,0,NA,NA,NA,NA,NA,NA,NA
"Disconnected volumes","irregular_z","boundary",3,87,3,12000,"primary","SpaGCN refine",0.78125,0.534851343161144,0.777674148287559,0.702678571428571,0.702678571428571,0.09625,0.9525,0.128376125375125,0.00122208643484057,0.750487329434698,0.04275,1.14553571428571,0.0299999999999976,NA,NA,NA,NA,NA,NA,NA
"Disconnected volumes","irregular_z","boundary",3,87,3,12000,"primary","GraphST refine",0.928,0.83115293078893,0.926307414158408,0.888839285714286,0.888839285714286,0.704583333333333,0.983854166666667,0.74324774924975,0.0104432840795467,0.770480470100242,0.241083333333333,1.14553571428571,0.516999999999999,NA,NA,NA,NA,NA,NA,NA
"Disconnected volumes","irregular_z","boundary",3,87,3,12000,"primary","Potts-like ICM",0.778333333333333,0.532655077530032,0.773765296495276,0.676785714285714,0.676785714285714,0.103333333333333,0.947083333333333,0.115038346115372,0.000666592600822131,0.940054495912807,0.0305833333333333,1.14553571428571,0.332999999999998,NA,NA,NA,NA,NA,NA,NA
"Disconnected volumes","irregular_z","patch",1,88,1,12000,"primary","Initial",0.75,0.485249996349636,0.749387674426783,0.648301574150787,0.696316262353998,0.737083333333333,0.753229166666667,0,0,NA,0,1.18149146451033,0,NA,NA,NA,NA,NA,NA,NA
"Disconnected volumes","irregular_z","patch",1,88,1,12000,"primary","SpaGCN refine",0.749666666666667,0.485422156243313,0.749001843711906,0.647887323943662,0.692722371967655,0.7225,0.756458333333333,0.0153333333333333,0.00555555555555556,0.126373626373626,0.0303333333333333,1.18149146451033,0.0450000000000017,NA,NA,NA,NA,NA,NA,NA
"Disconnected volumes","irregular_z","patch",1,88,1,12000,"primary","GraphST refine",0.765,0.51707360191747,0.764039482987239,0.65824357912179,0.688679245283019,0.665833333333333,0.789791666666667,0.188,0.0426666666666667,0.204867417362877,0.229416666666667,1.18149146451033,0.144000000000002,NA,NA,NA,NA,NA,NA,NA
"Disconnected volumes","irregular_z","patch",1,88,1,12000,"primary","Potts-like ICM",0.746166666666667,0.479185397919154,0.745431476286407,0.638359569179785,0.690026954177898,0.719166666666667,0.752916666666667,0.00433333333333333,0.00655555555555556,0.173333333333333,0.00625,1.18149146451033,0.0779999999999994,NA,NA,NA,NA,NA,NA,NA
"Disconnected volumes","irregular_z","patch",2,89,1,12000,"primary","Initial",0.75,0.486466425211558,0.754792017056123,0.5180820804551,0.893919218819352,0.79375,0.7390625,0,0,NA,0,1.13936972924989,0,NA,NA,NA,NA,NA,NA,NA
"Disconnected volumes","irregular_z","patch",2,89,1,12000,"primary","SpaGCN refine",0.747833333333333,0.481909042775554,0.752479373898078,0.52377082486794,0.886373723923657,0.770416666666667,0.7421875,0.012,0.00688888888888889,0.0947368421052632,0.0316666666666667,1.13936972924989,0.0299999999999976,NA,NA,NA,NA,NA,NA,NA
"Disconnected volumes","irregular_z","patch",2,89,1,12000,"primary","GraphST refine",0.7655,0.509898856927282,0.769396942094023,0.579439252336449,0.860630270750111,0.702916666666667,0.781145833333333,0.18,0.0393333333333333,0.200148257968866,0.224833333333333,1.13936972924989,0.137,NA,NA,NA,NA,NA,NA,NA
"Disconnected volumes","irregular_z","patch",2,89,1,12000,"primary","Potts-like ICM",0.7445,0.47604803978669,0.749233643319086,0.520113774888257,0.888592987128273,0.767916666666667,0.738645833333333,0.002,0.008,0.0714285714285714,0.007,1.13936972924989,0.0730000000000004,NA,NA,NA,NA,NA,NA,NA
"Disconnected volumes","irregular_z","patch",3,90,3,12000,"primary","Initial",0.750083333333333,0.474488333968548,0.7506773875507,0.67220718979513,0.77984566500227,0.718333333333333,0.758020833333333,0,0,NA,0,1.17430776214253,0,NA,NA,NA,NA,NA,NA,NA
"Disconnected volumes","irregular_z","patch",3,90,3,12000,"primary","SpaGCN refine",0.749166666666667,0.472890017748438,0.749711746766666,0.672980286045613,0.77666817975488,0.692916666666667,0.763229166666667,0.0203401133711237,0.00799911120986557,0.16010498687664,0.03175,1.17430776214253,0.0280000000000022,NA,NA,NA,NA,NA,NA,NA
"Disconnected volumes","irregular_z","patch",3,90,3,12000,"primary","GraphST refine",0.76625,0.50523838764395,0.766727120809773,0.678391959798995,0.806173399909215,0.58875,0.810625,0.285761920640213,0.0736584823908455,0.277256551277904,0.257583333333333,1.17430776214253,0.134,NA,NA,NA,NA,NA,NA,NA
"Disconnected volumes","irregular_z","patch",3,90,3,12000,"primary","Potts-like ICM",0.743333333333333,0.462812089278167,0.743888131930612,0.667182064166989,0.77666817975488,0.689166666666667,0.756875,0.0110036678892964,0.0126652594156205,0.221476510067114,0.0124166666666667,1.17430776214253,0.0629999999999988,NA,NA,NA,NA,NA,NA,NA
"Disconnected volumes","irregular_z","random",1,91,1,12000,"primary","Initial",0.75,0.47264672693856,0.749959807136373,0.742442088731841,0.743231046931408,0.740416666666667,0.752395833333333,0,0,NA,0,1.17012635379061,0,NA,NA,NA,NA,NA,NA,NA
"Disconnected volumes","irregular_z","random",1,91,1,12000,"primary","SpaGCN refine",0.932166666666667,0.838237906642737,0.931773528224987,0.924103419516264,0.927797833935018,0.855416666666667,0.951354166666667,0.748,0.00644444444444444,0.961851693099014,0.194416666666667,1.17012635379061,0.0380000000000003,NA,NA,NA,NA,NA,NA,NA
"Disconnected volumes","irregular_z","random",1,91,1,12000,"primary","GraphST refine",0.961083333333333,0.905835894924737,0.960770949900224,0.940366972477064,0.965252707581227,0.822916666666667,0.995625,0.963333333333333,0.0396666666666667,0.865269461077844,0.278333333333333,1.17012635379061,0.140000000000001,NA,NA,NA,NA,NA,NA,NA
"Disconnected volumes","irregular_z","random",1,91,1,12000,"primary","Potts-like ICM",0.964666666666667,0.914033305335909,0.964252877903021,0.947456213511259,0.967057761732852,0.854583333333333,0.9921875,0.876333333333333,0.00588888888888889,0.972623011468738,0.22525,1.17012635379061,0.0750000000000028,NA,NA,NA,NA,NA,NA,NA
"Disconnected volumes","irregular_z","random",2,92,1,12000,"primary","Initial",0.75,0.47312077169176,0.750077327444359,0.744640842421963,0.74942739349519,0.74625,0.7509375,0,0,NA,0,1.21804855703161,0,NA,NA,NA,NA,NA,NA,NA
"Disconnected volumes","irregular_z","random",2,92,1,12000,"primary","SpaGCN refine",0.932333333333333,0.838579465594385,0.932085077321314,0.927164452588181,0.927164452588181,0.86125,0.950104166666667,0.753333333333333,0.008,0.957627118644068,0.196666666666667,1.21804855703161,0.032,NA,NA,NA,NA,NA,NA,NA
"Disconnected volumes","irregular_z","random",2,92,1,12000,"primary","GraphST refine",0.959666666666667,0.903094002679562,0.959258436537625,0.922633744855967,0.954191479615208,0.815416666666667,0.995729166666667,0.958,0.0397777777777778,0.863841298467087,0.27725,1.21804855703161,0.139999999999997,NA,NA,NA,NA,NA,NA,NA
"Disconnected volumes","irregular_z","random",2,92,1,12000,"primary","Potts-like ICM",0.963333333333333,0.911218981651744,0.963061957371318,0.94156378600823,0.961520842876775,0.845416666666667,0.9928125,0.869666666666667,0.00544444444444444,0.978252718410199,0.22225,1.21804855703161,0.0770000000000017,NA,NA,NA,NA,NA,NA,NA
"Disconnected volumes","irregular_z","random",3,93,3,12000,"primary","Initial",0.750166666666667,0.473072130212805,0.75032757293229,0.741504854368932,0.762455516014235,0.74875,0.750520833333333,0,0,NA,0,1.12944839857651,0,NA,NA,NA,NA,NA,NA,NA
"Disconnected volumes","irregular_z","random",3,93,3,12000,"primary","SpaGCN refine",0.922333333333333,0.815351523052134,0.922406773141685,0.915453074433657,0.922597864768683,0.824166666666667,0.946875,0.71581054036024,0.00888691401910686,0.947879858657244,0.188666666666667,1.12944839857651,0.027000000000001,NA,NA,NA,NA,NA,NA,NA
"Disconnected volumes","irregular_z","random",3,93,3,12000,"primary","GraphST refine",0.935333333333333,0.846184640063221,0.934973602140883,0.920307443365696,0.925711743772242,0.72875,0.986979166666667,0.937625083388926,0.0654299044656743,0.793843547020616,0.295083333333333,1.12944839857651,0.129999999999995,NA,NA,NA,NA,NA,NA,NA
"Disconnected volumes","irregular_z","random",3,93,3,12000,"primary","Potts-like ICM",0.94225,0.861486307946946,0.941884081910755,0.921925566343042,0.929270462633452,0.799583333333333,0.977916666666667,0.800200133422281,0.0104421239724506,0.955015923566879,0.209333333333333,1.12944839857651,0.0619999999999976,NA,NA,NA,NA,NA,NA,NA
"Disconnected volumes","irregular_z","region",1,94,1,12000,"primary","Initial",0.75,0.487822326496601,0.755669829041146,0.466745843230404,0.845842696629214,0.7225,0.756875,0,0,NA,0,1.16134831460674,0,NA,NA,NA,NA,NA,NA,NA
"Disconnected volumes","irregular_z","region",1,94,1,12000,"primary","SpaGCN refine",0.748916666666667,0.484751135278314,0.754628236968076,0.466349960411718,0.849438202247191,0.713333333333333,0.7578125,0.0126666666666667,0.00566666666666667,0.319327731092437,0.00991666666666667,1.16134831460674,0.0329999999999941,NA,NA,NA,NA,NA,NA,NA
"Disconnected volumes","irregular_z","region",1,94,1,12000,"primary","GraphST refine",0.740583333333333,0.460805105670049,0.747172141274676,0.448931116389549,0.903820224719101,0.6425,0.765104166666667,0.098,0.0452222222222222,0.3675,0.0666666666666667,1.16134831460674,0.158000000000001,NA,NA,NA,NA,NA,NA,NA
"Disconnected volumes","irregular_z","region",1,94,1,12000,"primary","Potts-like ICM",0.748916666666667,0.485830406419728,0.754545996338355,0.465558194774347,0.846292134831461,0.710833333333333,0.7584375,0.0123333333333333,0.00555555555555556,0.425287356321839,0.00725,1.16134831460674,0.0750000000000028,NA,NA,NA,NA,NA,NA,NA
"Disconnected volumes","irregular_z","region",2,95,1,12000,"primary","Initial",0.75,0.547753455187313,0.741664123525765,0.407846715328467,0.407846715328467,0.688333333333333,0.765416666666667,0,0,NA,0,1.19251824817518,0,NA,NA,NA,NA,NA,NA,NA
"Disconnected volumes","irregular_z","region",2,95,1,12000,"primary","SpaGCN refine",0.746833333333333,0.54338524384803,0.738351237925123,0.399178832116788,0.399178832116788,0.6725,0.765416666666667,0.008,0.00688888888888889,0.158940397350993,0.0125833333333333,1.19251824817518,0.0319999999999965,NA,NA,NA,NA,NA,NA,NA
"Disconnected volumes","irregular_z","region",2,95,1,12000,"primary","GraphST refine",0.740333333333333,0.52880175622412,0.73167597889674,0.378649635036496,0.378649635036496,0.639166666666667,0.765625,0.083,0.0405555555555556,0.233802816901408,0.08875,1.19251824817518,0.143000000000001,NA,NA,NA,NA,NA,NA,NA
"Disconnected volumes","irregular_z","region",2,95,1,12000,"primary","Potts-like ICM",0.745916666666667,0.542372980414032,0.737423177055384,0.400091240875912,0.400091240875912,0.673333333333333,0.7640625,0.00833333333333333,0.00822222222222222,0.252525252525253,0.00825,1.19251824817518,0.0799999999999983,NA,NA,NA,NA,NA,NA,NA
"Disconnected volumes","irregular_z","region",3,96,3,12000,"primary","Initial",0.750083333333333,0.479775624745755,0.746078514544329,0.584279872785098,0.584279872785098,0.709583333333333,0.760208333333333,0,0,NA,0,1.20081781008632,0,NA,NA,NA,NA,NA,NA,NA
"Disconnected volumes","irregular_z","region",3,96,3,12000,"primary","SpaGCN refine",0.74675,0.474189022610438,0.742687536861774,0.578373466606088,0.578373466606088,0.68875,0.76125,0.0100033344448149,0.00777691367625819,0.236220472440945,0.0105833333333333,1.20081781008632,0.0309999999999988,NA,NA,NA,NA,NA,NA,NA
"Disconnected volumes","irregular_z","region",3,96,3,12000,"primary","GraphST refine",0.726,0.443464245496757,0.720859110812285,0.509313948205361,0.509313948205361,0.565833333333333,0.766041666666667,0.120706902300767,0.0723252971892012,0.313148788927336,0.0963333333333333,1.20081781008632,0.132999999999996,NA,NA,NA,NA,NA,NA,NA
"Disconnected volumes","irregular_z","region",3,96,3,12000,"primary","Potts-like ICM",0.743833333333333,0.469418807568074,0.73969539586914,0.574738755111313,0.574738755111313,0.69125,0.756979166666667,0.0210070023341114,0.015331629818909,0.313432835820896,0.01675,1.20081781008632,0.0629999999999953,NA,NA,NA,NA,NA,NA,NA
"Disconnected volumes","uniform","boundary",1,97,1,12000,"primary","Initial",0.75,0.482976019940983,0.744192326038764,0.685251798561151,0.687440076701822,0,0.9375,0,0,NA,0,1.41562799616491,0,NA,NA,NA,NA,NA,NA,NA
"Disconnected volumes","uniform","boundary",1,97,1,12000,"primary","SpaGCN refine",0.774333333333333,0.524984367224057,0.768659284276208,0.709982014388489,0.715723873441994,0.0591666666666667,0.953125,0.0986666666666667,0.000444444444444444,0.691588785046729,0.0356666666666667,1.41562799616491,0.0330000000000013,NA,NA,NA,NA,NA,NA,NA
"Disconnected volumes","uniform","boundary",1,97,1,12000,"primary","GraphST refine",0.95575,0.894058740738628,0.953560855539662,0.931205035971223,0.941994247363375,0.786666666666667,0.998020833333333,0.825666666666667,0.000888888888888889,0.860966284323949,0.23975,1.41562799616491,0.145000000000003,NA,NA,NA,NA,NA,NA,NA
"Disconnected volumes","uniform","boundary",1,97,1,12000,"primary","Potts-like ICM",0.766166666666667,0.513341481689384,0.759238429410835,0.697986577181208,0.697986577181208,0.0483333333333333,0.945625,0.0646666666666667,0,0.974874371859296,0.0165833333333333,1.41562799616491,0.0799999999999983,NA,NA,NA,NA,NA,NA,NA
"Disconnected volumes","uniform","boundary",2,98,1,12000,"primary","Initial",0.75,0.48039492995197,0.745669242887017,0.691290469676243,0.691290469676243,0,0.9375,0,0,NA,0,1.31190150478796,0,NA,NA,NA,NA,NA,NA,NA
"Disconnected volumes","uniform","boundary",2,98,1,12000,"primary","SpaGCN refine",0.778083333333333,0.53012674115351,0.773678380765759,0.720018239854081,0.720018239854081,0.0808333333333333,0.952395833333333,0.114666666666667,0.000777777777777778,0.707818930041152,0.0405,1.31190150478796,0.0339999999999989,NA,NA,NA,NA,NA,NA,NA
"Disconnected volumes","uniform","boundary",2,98,1,12000,"primary","GraphST refine",0.95,0.879632394769391,0.948569722225068,0.924256086564472,0.948016415868673,0.760416666666667,0.997395833333333,0.803333333333333,0.00111111111111111,0.841186736474695,0.23875,1.31190150478796,0.140000000000001,NA,NA,NA,NA,NA,NA,NA
"Disconnected volumes","uniform","boundary",2,98,1,12000,"primary","Potts-like ICM",0.770083333333333,0.517444132102331,0.764820068871564,0.699498404012768,0.699498404012768,0.06375,0.946666666666667,0.0803333333333333,0,1,0.0200833333333333,1.31190150478796,0.080999999999996,NA,NA,NA,NA,NA,NA,NA
"Disconnected volumes","uniform","boundary",3,99,3,12000,"primary","Initial",0.750083333333333,0.481741242323721,0.744703504588488,0.673130193905817,0.687789084181314,0,0.937604166666667,0,0,NA,0,1.30296022201665,0,NA,NA,NA,NA,NA,NA,NA
"Disconnected volumes","uniform","boundary",3,99,3,12000,"primary","SpaGCN refine",0.7875,0.548170567889484,0.782172198072192,0.710526315789474,0.72895467160037,0.117083333333333,0.955104166666667,0.153717905968656,0.00133318520164426,0.830630630630631,0.04625,1.30296022201665,0.0289999999999964,NA,NA,NA,NA,NA,NA,NA
"Disconnected volumes","uniform","boundary",3,99,3,12000,"primary","GraphST refine",0.949583333333333,0.880583399994364,0.94768164323857,0.925207756232687,0.927844588344126,0.777083333333333,0.992708333333333,0.812604201400467,0.0047772469725586,0.840634701621249,0.241583333333333,1.30296022201665,0.126999999999995,NA,NA,NA,NA,NA,NA,NA
"Disconnected volumes","uniform","boundary",3,99,3,12000,"primary","Potts-like ICM",0.7755,0.529129893964887,0.769109110124326,0.6865189289012,0.703052728954672,0.08875,0.9471875,0.101700566855619,0,0.996732026143791,0.0255,1.30296022201665,0.0679999999999978,NA,NA,NA,NA,NA,NA,NA
"Disconnected volumes","uniform","patch",1,100,1,12000,"primary","Initial",0.75,0.48303446978289,0.762433161858553,0.564734467198889,0.874237447207884,0.79875,0.7378125,0,0,NA,0,1.35194744251525,0,NA,NA,NA,NA,NA,NA,NA
"Disconnected volumes","uniform","patch",1,100,1,12000,"primary","SpaGCN refine",0.750083333333333,0.482439121146142,0.76220827237267,0.570635196112461,0.871891130924449,0.774583333333333,0.743958333333333,0.0223333333333333,0.00733333333333333,0.189801699716714,0.0294166666666667,1.35194744251525,0.0330000000000013,NA,NA,NA,NA,NA,NA,NA
"Disconnected volumes","uniform","patch",1,100,1,12000,"primary","GraphST refine",0.783666666666667,0.536972146284455,0.792389415020046,0.604122843920909,0.88268418582825,0.69,0.807083333333333,0.255,0.0401111111111111,0.271565495207668,0.23475,1.35194744251525,0.145000000000003,NA,NA,NA,NA,NA,NA,NA
"Disconnected volumes","uniform","patch",1,100,1,12000,"primary","Potts-like ICM",0.749583333333333,0.482512247100887,0.762091329982502,0.563346060395696,0.874706710464571,0.79125,0.739166666666667,0.00433333333333333,0.002,0.419354838709677,0.00258333333333333,1.35194744251525,0.0790000000000006,NA,NA,NA,NA,NA,NA,NA
"Disconnected volumes","uniform","patch",2,101,1,12000,"primary","Initial",0.75,0.499884980864581,0.740778037479658,0.562831006259027,0.562831006259027,0.693333333333333,0.764166666666667,0,0,NA,0,1.3562831006259,0,NA,NA,NA,NA,NA,NA,NA
"Disconnected volumes","uniform","patch",2,101,1,12000,"primary","SpaGCN refine",0.752583333333333,0.503816614536588,0.743327718682448,0.570534424650939,0.570534424650939,0.683333333333333,0.769895833333333,0.021,0.00355555555555556,0.191489361702128,0.0274166666666667,1.3562831006259,0.0510000000000019,NA,NA,NA,NA,NA,NA,NA
"Disconnected volumes","uniform","patch",2,101,1,12000,"primary","GraphST refine",0.78275,0.555868454580548,0.773299069641285,0.604236880115551,0.604236880115551,0.635,0.8196875,0.218333333333333,0.0291111111111111,0.244402985074627,0.223333333333333,1.3562831006259,0.311999999999998,NA,NA,NA,NA,NA,NA,NA
"Disconnected volumes","uniform","patch",2,101,1,12000,"primary","Potts-like ICM",0.749083333333333,0.499010399582679,0.739637186027581,0.56090515166105,0.56090515166105,0.678333333333333,0.766770833333333,0.00933333333333333,0.00433333333333333,0.417910447761194,0.00558333333333333,1.3562831006259,0.0870000000000033,NA,NA,NA,NA,NA,NA,NA
"Disconnected volumes","uniform","patch",3,102,3,12000,"primary","Initial",0.750083333333333,0.486431541935708,0.746489260252885,0.621120689655172,0.797857475547275,0.753333333333333,0.749270833333333,0,0,NA,0,1.37587331159758,0,NA,NA,NA,NA,NA,NA,NA
"Disconnected volumes","uniform","patch",3,102,3,12000,"primary","SpaGCN refine",0.750666666666667,0.487137035394658,0.747192222437468,0.628879310344828,0.79646017699115,0.724583333333333,0.7571875,0.0310103367789263,0.00955449394511721,0.239690721649485,0.0323333333333333,1.37587331159758,0.0510000000000019,NA,NA,NA,NA,NA,NA,NA
"Disconnected volumes","uniform","patch",3,102,3,12000,"primary","GraphST refine",0.766,0.514690888399259,0.76348066251398,0.654628476546285,0.770377270610154,0.60875,0.8053125,0.26975658552851,0.0686590378846795,0.263775676556896,0.255583333333333,1.37587331159758,0.177999999999997,NA,NA,NA,NA,NA,NA,NA
"Disconnected volumes","uniform","patch",3,102,3,12000,"primary","Potts-like ICM",0.750666666666667,0.487295796417455,0.747035834868119,0.625,0.796925943176525,0.739166666666667,0.753541666666667,0.0156718906302101,0.00444395067214754,0.5,0.00783333333333333,1.37587331159758,0.0889999999999986,NA,NA,NA,NA,NA,NA,NA
"Disconnected volumes","uniform","random",1,103,1,12000,"primary","Initial",0.75,0.47297324802364,0.750443359223251,0.734094052558783,0.740512333965844,0.75,0.75,0,0,NA,0,1.3719165085389,0,NA,NA,NA,NA,NA,NA,NA
"Disconnected volumes","uniform","random",1,103,1,12000,"primary","SpaGCN refine",0.92425,0.820394514553196,0.924312293575344,0.91034155597723,0.91034155597723,0.827916666666667,0.948333333333333,0.719666666666667,0.00755555555555556,0.954887218045113,0.188416666666667,1.3719165085389,0.046999999999997,NA,NA,NA,NA,NA,NA,NA
"Disconnected volumes","uniform","random",1,103,1,12000,"primary","GraphST refine",0.962666666666667,0.910769687325408,0.961208600937768,0.923624288425047,0.923624288425047,0.8225,0.997708333333333,0.964,0.0377777777777778,0.872135102533173,0.276333333333333,1.3719165085389,0.202000000000005,NA,NA,NA,NA,NA,NA,NA
"Disconnected volumes","uniform","random",1,103,1,12000,"primary","Potts-like ICM",0.956416666666667,0.895327835854906,0.955758590378094,0.942599620493359,0.942599620493359,0.832916666666667,0.987291666666667,0.831333333333333,0.00188888888888889,0.98968253968254,0.21,1.3719165085389,0.115000000000002,NA,NA,NA,NA,NA,NA,NA
"Disconnected volumes","uniform","random",2,104,1,12000,"primary","Initial",0.75,0.474393177413113,0.749270250063784,0.742011278195489,0.742011278195489,0.747083333333333,0.750729166666667,0,0,NA,0,1.35197368421053,0,NA,NA,NA,NA,NA,NA,NA
"Disconnected volumes","uniform","random",2,104,1,12000,"primary","SpaGCN refine",0.924,0.821066550567978,0.923085127830841,0.909774436090226,0.909774436090226,0.826666666666667,0.948333333333333,0.719666666666667,0.00788888888888889,0.957852706299911,0.187833333333333,1.35197368421053,0.0420000000000016,NA,NA,NA,NA,NA,NA,NA
"Disconnected volumes","uniform","random",2,104,1,12000,"primary","GraphST refine",0.957166666666667,0.897613547383006,0.955664707385679,0.93656015037594,0.93656015037594,0.8,0.996458333333333,0.955333333333333,0.0422222222222222,0.856289214221691,0.278916666666667,1.35197368421053,0.255000000000003,NA,NA,NA,NA,NA,NA,NA
"Disconnected volumes","uniform","random",2,104,1,12000,"primary","Potts-like ICM",0.952083333333333,0.886305709488152,0.950213048592375,0.919642857142857,0.919642857142857,0.819583333333333,0.985208333333333,0.821333333333333,0.00433333333333333,0.982064567556795,0.209083333333333,1.35197368421053,0.183999999999997,NA,NA,NA,NA,NA,NA,NA
"Disconnected volumes","uniform","random",3,105,3,12000,"primary","Initial",0.750083333333333,0.47447127404922,0.749779144626307,0.722967309304275,0.739255014326648,0.759166666666667,0.7478125,0,0,NA,0,1.38490926456543,0,NA,NA,NA,NA,NA,NA,NA
"Disconnected volumes","uniform","random",3,105,3,12000,"primary","SpaGCN refine",0.913833333333333,0.799382708725354,0.912367195739497,0.889207258834766,0.889207258834766,0.812083333333333,0.939270833333333,0.685895298432811,0.0102210865459393,0.943145346171481,0.18175,1.38490926456543,0.0410000000000039,NA,NA,NA,NA,NA,NA,NA
"Disconnected volumes","uniform","random",3,105,3,12000,"primary","GraphST refine",0.93975,0.858754567173036,0.937312189075365,0.899235912129895,0.899235912129895,0.7475,0.9878125,0.944981660553518,0.0619931118764582,0.805571347356453,0.293166666666667,1.38490926456543,0.153999999999996,NA,NA,NA,NA,NA,NA,NA
"Disconnected volumes","uniform","random",3,105,3,12000,"primary","Potts-like ICM",0.940916666666667,0.85987068991945,0.939206593428328,0.90974212034384,0.90974212034384,0.807916666666667,0.974166666666667,0.783594531510504,0.00666592600822131,0.969072164948454,0.202083333333333,1.38490926456543,0.102000000000004,NA,NA,NA,NA,NA,NA,NA
"Disconnected volumes","uniform","region",1,106,1,12000,"primary","Initial",0.75,0.549753823785319,0.738025132409647,0.420916162489196,0.783364661654135,0.75625,0.7484375,0,0,NA,0,1.37312030075188,0,NA,NA,NA,NA,NA,NA,NA
"Disconnected volumes","uniform","region",1,106,1,12000,"primary","SpaGCN refine",0.747083333333333,0.543971546202474,0.735130922589872,0.410976663785653,0.777725563909774,0.741666666666667,0.7484375,0.00766666666666667,0.00644444444444444,0.196581196581197,0.00975,1.37312030075188,0.0489999999999995,NA,NA,NA,NA,NA,NA,NA
"Disconnected volumes","uniform","region",1,106,1,12000,"primary","GraphST refine",0.744416666666667,0.524375255270041,0.73385097258355,0.37381158167675,0.75187969924812,0.689583333333333,0.758125,0.101,0.0411111111111111,0.353971962616822,0.0713333333333333,1.37312030075188,0.211999999999996,NA,NA,NA,NA,NA,NA,NA
"Disconnected volumes","uniform","region",1,106,1,12000,"primary","Potts-like ICM",0.748916666666667,0.547156040085211,0.737021785861099,0.410544511668107,0.779605263157895,0.751666666666667,0.748229166666667,0.00966666666666667,0.00466666666666667,0.408450704225352,0.00591666666666667,1.37312030075188,0.115000000000002,NA,NA,NA,NA,NA,NA,NA
"Disconnected volumes","uniform","region",2,107,1,12000,"primary","Initial",0.75,0.504228586787274,0.746276486005009,0.5808644973288,0.5808644973288,0.72125,0.7571875,0,0,NA,0,1.42593491986401,0,NA,NA,NA,NA,NA,NA,NA
"Disconnected volumes","uniform","region",2,107,1,12000,"primary","SpaGCN refine",0.748083333333333,0.499009188958216,0.743788627061541,0.576007770762506,0.576007770762506,0.70625,0.758541666666667,0.0123333333333333,0.00666666666666667,0.226993865030675,0.0135833333333333,1.42593491986401,0.0470000000000041,NA,NA,NA,NA,NA,NA,NA
"Disconnected volumes","uniform","region",2,107,1,12000,"primary","GraphST refine",0.754083333333333,0.49285100171423,0.743339006580677,0.540553666828558,0.540553666828558,0.65625,0.778541666666667,0.141333333333333,0.0416666666666667,0.340288924558588,0.103833333333333,1.42593491986401,0.549999999999997,NA,NA,NA,NA,NA,NA,NA
"Disconnected volumes","uniform","region",2,107,1,12000,"primary","Potts-like ICM",0.748583333333333,0.500626324134706,0.744476307478227,0.577950461389024,0.577950461389024,0.712083333333333,0.757708333333333,0.008,0.00455555555555556,0.369230769230769,0.00541666666666667,1.42593491986401,0.125,NA,NA,NA,NA,NA,NA,NA
"Disconnected volumes","uniform","region",3,108,3,12000,"primary","Initial",0.750083333333333,0.476393744318617,0.739055298426393,0.603415559772296,0.708413926499033,0.736666666666667,0.7534375,0,0,NA,0,1.43858800773694,0,NA,NA,NA,NA,NA,NA,NA
"Disconnected volumes","uniform","region",3,108,3,12000,"primary","SpaGCN refine",0.744666666666667,0.467243307428651,0.733286358241171,0.597248576850095,0.693423597678917,0.71375,0.752395833333333,0.0120040013337779,0.0112209754471725,0.257142857142857,0.0116666666666667,1.43858800773694,0.0360000000000014,NA,NA,NA,NA,NA,NA,NA
"Disconnected volumes","uniform","region",3,108,3,12000,"primary","GraphST refine",0.71025,0.412093733042146,0.696166264639477,0.558823529411765,0.596711798839458,0.577083333333333,0.743541666666667,0.0556852284094698,0.0716587045883791,0.205412054120541,0.06775,1.43858800773694,0.167999999999999,NA,NA,NA,NA,NA,NA,NA
"Disconnected volumes","uniform","region",3,108,3,12000,"primary","Potts-like ICM",0.745833333333333,0.468782672550732,0.73425154786242,0.599146110056926,0.68568665377176,0.72,0.752291666666667,0.0156718906302101,0.0108876791467615,0.324137931034483,0.0120833333333333,1.43858800773694,0.119999999999997,NA,NA,NA,NA,NA,NA,NA
"Folded layers","class_imbalanced","boundary",1,109,1,12000,"primary","Initial",0.75,0.509099234312476,0.777189959831393,0.681564245810056,0.892307692307692,0,0.9375,0,0,NA,0,58.6461538461538,0,NA,NA,NA,NA,NA,NA,NA
"Folded layers","class_imbalanced","boundary",1,109,1,12000,"primary","SpaGCN refine",0.808,0.602974942421192,0.82084192141635,0.748603351955307,0.861538461538462,0.207083333333333,0.958229166666667,0.241333333333333,0.00311111111111111,0.808035714285714,0.0746666666666667,58.6461538461538,0.0330000000000013,NA,NA,NA,NA,NA,NA,NA
"Folded layers","class_imbalanced","boundary",1,109,1,12000,"primary","GraphST refine",0.954666666666667,0.902152489455934,0.719389786843877,0.388268156424581,0.484615384615385,0.912083333333333,0.9653125,0.914,0.0317777777777778,0.873804971319312,0.2615,58.6461538461538,0.146000000000001,NA,NA,NA,NA,NA,NA,NA
"Folded layers","class_imbalanced","boundary",1,109,1,12000,"primary","Potts-like ICM",0.908583333333333,0.801596171775798,0.628915275785972,0.167597765363128,0.369230769230769,0.7625,0.945104166666667,0.772666666666667,0.0461111111111111,0.820530973451327,0.235416666666667,58.6461538461538,0.0869999999999962,NA,NA,NA,NA,NA,NA,NA
"Folded layers","class_imbalanced","boundary",2,110,1,12000,"primary","Initial",0.75,0.636860119790029,0.67627556210583,0.548342541436464,0.559322033898305,0,0.9375,0,0,NA,0,65.1101694915254,0,NA,NA,NA,NA,NA,NA,NA
"Folded layers","class_imbalanced","boundary",2,110,1,12000,"primary","SpaGCN refine",0.775583333333333,0.651700405743742,0.77069338490442,0.62189226519337,0.796610169491525,0.0925,0.946354166666667,0.116,0.00455555555555556,0.743589743589744,0.039,65.1101694915254,0.0360000000000014,NA,NA,NA,NA,NA,NA,NA
"Folded layers","class_imbalanced","boundary",2,110,1,12000,"primary","GraphST refine",0.939333333333333,0.878760358395986,0.823376926176059,0.607476635514019,0.610169491525424,0.768333333333333,0.982083333333333,0.791333333333333,0.0113333333333333,0.935750886874261,0.211416666666667,65.1101694915254,0.150999999999996,NA,NA,NA,NA,NA,NA,NA
"Folded layers","class_imbalanced","boundary",2,110,1,12000,"primary","Potts-like ICM",0.861333333333333,0.755220287912004,0.736750295830661,0.476635514018692,0.525423728813559,0.45625,0.962604166666667,0.476666666666667,0.0104444444444444,0.913154533844189,0.1305,65.1101694915254,0.0769999999999982,NA,NA,NA,NA,NA,NA,NA
"Folded layers","class_imbalanced","boundary",3,111,3,12000,"primary","Initial",0.750083333333333,0.423986218721975,0.749363265418069,0.642228739002933,0.682758620689655,0,0.937604166666667,0,0,NA,0,52.9103448275862,0,NA,NA,NA,NA,NA,NA,NA
"Folded layers","class_imbalanced","boundary",3,111,3,12000,"primary","SpaGCN refine",0.83525,0.587860909681803,0.802531214933251,0.683284457478006,0.724137931034483,0.319583333333333,0.964166666666667,0.350450150050017,0.00322186423730697,0.916303400174368,0.0955833333333333,52.9103448275862,0.0349999999999966,NA,NA,NA,NA,NA,NA,NA
"Folded layers","class_imbalanced","boundary",3,111,3,12000,"primary","GraphST refine",0.91475,0.76644821967588,0.58941741790932,0.06158357771261,0.096551724137931,0.829583333333333,0.936041666666667,0.831277092364121,0.057438062437507,0.803416048984853,0.258583333333333,52.9103448275862,0.158000000000001,NA,NA,NA,NA,NA,NA,NA
"Folded layers","class_imbalanced","boundary",3,111,3,12000,"primary","Potts-like ICM",0.90425,0.729061555946595,0.639613885989567,0.0469208211143695,0.393103448275862,0.7575,0.9409375,0.762920973657886,0.0486612598600156,0.812788632326821,0.234583333333333,52.9103448275862,0.0679999999999978,NA,NA,NA,NA,NA,NA,NA
"Folded layers","class_imbalanced","patch",1,112,1,12000,"primary","Initial",0.75,0.439548228878197,0.8401509667351,0.715703651187522,0.916083916083916,0.733333333333333,0.754166666666667,0,0,NA,0,53.6153846153846,0,NA,NA,NA,NA,NA,NA,NA
"Folded layers","class_imbalanced","patch",1,112,1,12000,"primary","SpaGCN refine",0.7415,0.421011746490823,0.756688469869817,0.618343195266272,0.734265734265734,0.702916666666667,0.751145833333333,0.0266666666666667,0.0202222222222222,0.136054421768707,0.049,53.6153846153846,0.0360000000000014,NA,NA,NA,NA,NA,NA,NA
"Folded layers","class_imbalanced","patch",1,112,1,12000,"primary","GraphST refine",0.734916666666667,0.395416498166635,0.596909282847122,0.130177514792899,0.440559440559441,0.685833333333333,0.7471875,0.184,0.0814444444444444,0.216046966731898,0.212916666666667,53.6153846153846,0.146000000000001,NA,NA,NA,NA,NA,NA,NA
"Folded layers","class_imbalanced","patch",1,112,1,12000,"primary","Potts-like ICM",0.712833333333333,0.37317261668603,0.62480548115098,0.263313609467456,0.496503496503497,0.66625,0.724479166666667,0.0143333333333333,0.0543333333333333,0.043043043043043,0.08325,53.6153846153846,0.0879999999999939,NA,NA,NA,NA,NA,NA,NA
"Folded layers","class_imbalanced","patch",2,113,1,12000,"primary","Initial",0.75,0.40417773993391,0.802373495664843,0.696081891987293,0.746031746031746,0.776666666666667,0.743333333333333,0,0,NA,0,61.0238095238095,0,NA,NA,NA,NA,NA,NA,NA
"Folded layers","class_imbalanced","patch",2,113,1,12000,"primary","SpaGCN refine",0.74025,0.388146475085914,0.695188327178559,0.285714285714286,0.285714285714286,0.735416666666667,0.741458333333333,0.0183333333333333,0.0191111111111111,0.120879120879121,0.0379166666666667,61.0238095238095,0.034000000000006,NA,NA,NA,NA,NA,NA,NA
"Folded layers","class_imbalanced","patch",2,113,1,12000,"primary","GraphST refine",0.726083333333333,0.366913984622515,0.618752529766755,0.174603174603175,0.174603174603175,0.697916666666667,0.733125,0.116,0.0705555555555556,0.181438998957247,0.159833333333333,61.0238095238095,0.145000000000003,NA,NA,NA,NA,NA,NA,NA
"Folded layers","class_imbalanced","patch",2,113,1,12000,"primary","Potts-like ICM",0.71875,0.360541813790058,0.654559568678958,0.341269841269841,0.341269841269841,0.696666666666667,0.724270833333333,0.0186666666666667,0.0478888888888889,0.0655737704918033,0.0711666666666667,61.0238095238095,0.0919999999999987,NA,NA,NA,NA,NA,NA,NA
"Folded layers","class_imbalanced","patch",3,114,3,12000,"primary","Initial",0.750083333333333,0.567568544842041,0.849310896607684,0.667519508762953,0.771186440677966,0.85,0.725104166666667,0,0,NA,0,66.2457627118644,0,NA,NA,NA,NA,NA,NA,NA
"Folded layers","class_imbalanced","patch",3,114,3,12000,"primary","SpaGCN refine",0.74025,0.562568133991161,0.736558178860487,0.347457627118644,0.347457627118644,0.817916666666667,0.720833333333333,0.021673891297099,0.020331074325075,0.22887323943662,0.0236666666666667,66.2457627118644,0.0279999999999987,NA,NA,NA,NA,NA,NA,NA
"Folded layers","class_imbalanced","patch",3,114,3,12000,"primary","GraphST refine",0.707916666666667,0.544276147049491,0.553050615028839,0.177966101694915,0.177966101694915,0.773333333333333,0.6915625,0.13837945981994,0.102321964226197,0.289198606271777,0.119583333333333,66.2457627118644,0.121000000000002,NA,NA,NA,NA,NA,NA,NA
"Folded layers","class_imbalanced","patch",3,114,3,12000,"primary","Potts-like ICM",0.715666666666667,0.54359751953296,0.63359362227378,0.305084745762712,0.305084745762712,0.78625,0.698020833333333,0.0340113371123708,0.0572158649038996,0.164516129032258,0.0516666666666667,66.2457627118644,0.0660000000000025,NA,NA,NA,NA,NA,NA,NA
"Folded layers","class_imbalanced","random",1,115,1,12000,"primary","Initial",0.75,0.457104167443043,0.738757768702741,0.715083798882682,0.736,0.753333333333333,0.749166666666667,0,0,NA,0,61.408,0,NA,NA,NA,NA,NA,NA,NA
"Folded layers","class_imbalanced","random",1,115,1,12000,"primary","SpaGCN refine",0.8775,0.691849703877361,0.794841428671142,0.52,0.52,0.824583333333333,0.890729166666667,0.55,0.0133333333333333,0.917176209005003,0.149916666666667,61.408,0.0330000000000013,NA,NA,NA,NA,NA,NA,NA
"Folded layers","class_imbalanced","random",1,115,1,12000,"primary","GraphST refine",0.945416666666667,0.880930021099254,0.699381914454573,0.008,0.008,0.810833333333333,0.9790625,0.947,0.0551111111111111,0.831918008784773,0.284583333333333,61.408,0.146000000000001,NA,NA,NA,NA,NA,NA,NA
"Folded layers","class_imbalanced","random",1,115,1,12000,"primary","Potts-like ICM",0.947083333333333,0.891442185363003,0.724197383902273,0.192,0.192,0.83,0.976354166666667,0.901,0.0375555555555556,0.868015414258189,0.2595,61.408,0.0829999999999984,NA,NA,NA,NA,NA,NA,NA
"Folded layers","class_imbalanced","random",2,116,1,12000,"primary","Initial",0.75,0.571622025117678,0.735880451948727,0.702898550724638,0.702898550724638,0.748333333333333,0.750416666666667,0,0,NA,0,55.3768115942029,0,NA,NA,NA,NA,NA,NA,NA
"Folded layers","class_imbalanced","random",2,116,1,12000,"primary","SpaGCN refine",0.8725,0.746321053768354,0.800811626645085,0.623188405797101,0.623188405797101,0.84,0.880625,0.528,0.0126666666666667,0.910344827586207,0.145,55.3768115942029,0.0330000000000013,NA,NA,NA,NA,NA,NA,NA
"Folded layers","class_imbalanced","random",2,116,1,12000,"primary","GraphST refine",0.94025,0.896696175875693,0.602807652406261,0.0144927536231884,0.0144927536231884,0.86375,0.959375,0.933,0.0573333333333333,0.81555944055944,0.286,55.3768115942029,0.146000000000001,NA,NA,NA,NA,NA,NA,NA
"Folded layers","class_imbalanced","random",2,116,1,12000,"primary","Potts-like ICM",0.936416666666667,0.886741074268338,0.637492670248569,0.263005780346821,0.355072463768116,0.858333333333333,0.9559375,0.911666666666667,0.0553333333333333,0.818617180484885,0.278416666666667,55.3768115942029,0.0840000000000032,NA,NA,NA,NA,NA,NA,NA
"Folded layers","class_imbalanced","random",3,117,3,12000,"primary","Initial",0.750083333333333,0.449505558535826,0.753055810917444,0.737850787132101,0.770491803278688,0.751666666666667,0.7496875,0,0,NA,0,62.2704918032787,0,NA,NA,NA,NA,NA,NA,NA
"Folded layers","class_imbalanced","random",3,117,3,12000,"primary","SpaGCN refine",0.881583333333333,0.713518020195049,0.758928979455647,0.59016393442623,0.59016393442623,0.819583333333333,0.897083333333333,0.62054018006002,0.0314409510054438,0.850937357110197,0.18225,62.2704918032787,0.0309999999999988,NA,NA,NA,NA,NA,NA,NA
"Folded layers","class_imbalanced","random",3,117,3,12000,"primary","GraphST refine",0.84125,0.648998261296894,0.45542679770764,0.0163934426229508,0.0163934426229508,0.806666666666667,0.849895833333333,0.839946648882961,0.158315742695256,0.613044536383548,0.342416666666667,62.2704918032787,0.209000000000003,NA,NA,NA,NA,NA,NA,NA
"Folded layers","class_imbalanced","random",3,117,3,12000,"primary","Potts-like ICM",0.850583333333333,0.668178801209674,0.507663646642234,0.129213483146067,0.172131147540984,0.814583333333333,0.859583333333333,0.753584528176059,0.117098100211088,0.660046728971963,0.285333333333333,62.2704918032787,0.070999999999998,NA,NA,NA,NA,NA,NA,NA
"Folded layers","class_imbalanced","region",1,118,1,12000,"primary","Initial",0.75,0.55878658308236,0.834811033843971,0.718343600273785,0.844827586206897,0.7575,0.748125,0,0,NA,0,65.4224137931034,0,NA,NA,NA,NA,NA,NA,NA
"Folded layers","class_imbalanced","region",1,118,1,12000,"primary","SpaGCN refine",0.739583333333333,0.542982668671326,0.741865379825302,0.448275862068966,0.448275862068966,0.724166666666667,0.7434375,0.00666666666666667,0.0161111111111111,0.120481927710843,0.0138333333333333,65.4224137931034,0.0360000000000014,NA,NA,NA,NA,NA,NA,NA
"Folded layers","class_imbalanced","region",1,118,1,12000,"primary","GraphST refine",0.702083333333333,0.47648110180151,0.599649258503157,0.181034482758621,0.181034482758621,0.645833333333333,0.716145833333333,0.024,0.0718888888888889,0.0997229916897507,0.0601666666666667,65.4224137931034,0.147000000000006,NA,NA,NA,NA,NA,NA,NA
"Folded layers","class_imbalanced","region",1,118,1,12000,"primary","Potts-like ICM",0.71325,0.498564183229859,0.638107967945745,0.267241379310345,0.267241379310345,0.67375,0.723125,0.00566666666666667,0.0508888888888889,0.0357894736842105,0.0395833333333333,65.4224137931034,0.0879999999999939,NA,NA,NA,NA,NA,NA,NA
"Folded layers","class_imbalanced","region",2,119,1,12000,"primary","Initial",0.75,0.576923303285697,0.869061858980506,0.622616699539776,1,0.8625,0.721875,0,0,NA,0,52.448275862069,0,NA,NA,NA,NA,NA,NA,NA
"Folded layers","class_imbalanced","region",2,119,1,12000,"primary","SpaGCN refine",0.73825,0.566592947341142,0.778570937889679,0.622353714661407,0.737931034482759,0.815833333333333,0.718854166666667,0.0123333333333333,0.0197777777777778,0.167420814479638,0.0184166666666667,52.448275862069,0.0319999999999965,NA,NA,NA,NA,NA,NA,NA
"Folded layers","class_imbalanced","region",2,119,1,12000,"primary","GraphST refine",0.701833333333333,0.536006739853832,0.560597616976358,0.262068965517241,0.262068965517241,0.76125,0.686979166666667,0.0526666666666667,0.0817777777777778,0.174778761061947,0.0753333333333333,52.448275862069,0.143000000000001,NA,NA,NA,NA,NA,NA,NA
"Folded layers","class_imbalanced","region",2,119,1,12000,"primary","Potts-like ICM",0.717083333333333,0.547377793025085,0.613372676883113,0.262068965517241,0.262068965517241,0.78375,0.700416666666667,0.027,0.0528888888888889,0.144642857142857,0.0466666666666667,52.448275862069,0.0770000000000053,NA,NA,NA,NA,NA,NA,NA
"Folded layers","class_imbalanced","region",3,120,3,12000,"primary","Initial",0.750083333333333,0.611085287851363,0.786852923848694,0.696491228070175,0.844961240310077,0.80375,0.736666666666667,0,0,NA,0,59.906976744186,0,NA,NA,NA,NA,NA,NA,NA
"Folded layers","class_imbalanced","region",3,120,3,12000,"primary","SpaGCN refine",0.740416666666667,0.604667865276161,0.658713653427673,0.310077519379845,0.310077519379845,0.776666666666667,0.731354166666667,0.0206735578526175,0.0197755804910566,0.256198347107438,0.0201666666666667,59.906976744186,0.027000000000001,NA,NA,NA,NA,NA,NA,NA
"Folded layers","class_imbalanced","region",3,120,3,12000,"primary","GraphST refine",0.714083333333333,0.57978711790925,0.524193051594459,0.178294573643411,0.178294573643411,0.71875,0.712916666666667,0.0480160053351117,0.0639928896789246,0.198347107438017,0.0605,59.906976744186,0.158999999999999,NA,NA,NA,NA,NA,NA,NA
"Folded layers","class_imbalanced","region",3,120,3,12000,"primary","Potts-like ICM",0.736333333333333,0.6011187123951,0.645637159522672,0.364341085271318,0.364341085271318,0.770833333333333,0.727708333333333,0.0280093364454818,0.0276635929341184,0.251497005988024,0.0278333333333333,59.906976744186,0.102000000000004,NA,NA,NA,NA,NA,NA,NA
"Folded layers","irregular_z","boundary",1,121,1,12000,"primary","Initial",0.75,0.513643379847039,0.750204462279812,0.631904369332234,0.666526138279933,0,0.9375,0,0,NA,0,1.02276559865093,0,NA,NA,NA,NA,NA,NA,NA
"Folded layers","irregular_z","boundary",1,121,1,12000,"primary","SpaGCN refine",0.783166666666667,0.559915207290495,0.783331556090194,0.682192910140148,0.717537942664418,0.116666666666667,0.949791666666667,0.148,0.00511111111111111,0.670694864048338,0.0551666666666667,1.02276559865093,0.0499999999999972,NA,NA,NA,NA,NA,NA,NA
"Folded layers","irregular_z","boundary",1,121,1,12000,"primary","GraphST refine",0.918416666666667,0.809086650311666,0.918512328078124,0.87881286067601,0.923693086003373,0.667916666666667,0.981041666666667,0.709,0.0117777777777778,0.847410358565737,0.209166666666667,1.02276559865093,0.134,NA,NA,NA,NA,NA,NA,NA
"Folded layers","irregular_z","boundary",1,121,1,12000,"primary","Potts-like ICM",0.80275,0.590139123880821,0.802981982698155,0.68878812860676,0.77150084317032,0.197083333333333,0.954166666666667,0.225666666666667,0.00488888888888889,0.899070385126162,0.06275,1.02276559865093,0.0960000000000036,NA,NA,NA,NA,NA,NA,NA
"Folded layers","irregular_z","boundary",2,122,1,12000,"primary","Initial",0.75,0.51148018145707,0.75003409409241,0.645782145782146,0.732736572890026,0,0.9375,0,0,NA,0,1.04092071611253,0,NA,NA,NA,NA,NA,NA,NA
"Folded layers","irregular_z","boundary",2,122,1,12000,"primary","SpaGCN refine",0.77975,0.551703867663531,0.779913732217981,0.687141687141687,0.78388746803069,0.109583333333333,0.947291666666667,0.139333333333333,0.00677777777777778,0.658267716535433,0.0529166666666667,1.04092071611253,0.0420000000000016,NA,NA,NA,NA,NA,NA,NA
"Folded layers","irregular_z","boundary",2,122,1,12000,"primary","GraphST refine",0.918083333333333,0.808329654938112,0.918213559766281,0.887359198998748,0.946291560102302,0.661666666666667,0.9821875,0.703,0.0102222222222222,0.856620633631194,0.205166666666667,1.04092071611253,0.166999999999994,NA,NA,NA,NA,NA,NA,NA
"Folded layers","irregular_z","boundary",2,122,1,12000,"primary","Potts-like ICM",0.802666666666667,0.588105606279463,0.802949350374865,0.71048321048321,0.828644501278772,0.1975,0.953958333333333,0.227666666666667,0.00566666666666667,0.905835543766578,0.0628333333333333,1.04092071611253,0.0829999999999984,NA,NA,NA,NA,NA,NA,NA
"Folded layers","irregular_z","boundary",3,123,3,12000,"primary","Initial",0.750083333333333,0.517798644533309,0.749098339948504,0.614667231877914,0.614667231877914,0,0.937604166666667,0,0,NA,0,1.03476049173379,0,NA,NA,NA,NA,NA,NA,NA
"Folded layers","irregular_z","boundary",3,123,3,12000,"primary","SpaGCN refine",0.797166666666667,0.585164353437762,0.796424645840121,0.681644764730818,0.681644764730818,0.18,0.951458333333333,0.206402134044682,0.00599933340739918,0.781565656565657,0.066,1.03476049173379,0.0439999999999969,NA,NA,NA,NA,NA,NA,NA
"Folded layers","irregular_z","boundary",3,123,3,12000,"primary","GraphST refine",0.896833333333333,0.76418110610761,0.896495800199354,0.836795252225519,0.836795252225519,0.664166666666667,0.955,0.697565855285095,0.0367736918120209,0.765739385065886,0.227666666666667,1.03476049173379,0.214000000000006,NA,NA,NA,NA,NA,NA,NA
"Folded layers","irregular_z","boundary",3,123,3,12000,"primary","Potts-like ICM",0.81075,0.60707961475768,0.809987796485949,0.684612123781263,0.684612123781263,0.239166666666667,0.953645833333333,0.261420473491164,0.00622153094100656,0.86059275521405,0.0759166666666667,1.03476049173379,0.0970000000000013,NA,NA,NA,NA,NA,NA,NA
"Folded layers","irregular_z","patch",1,124,1,12000,"primary","Initial",0.75,0.520109019100169,0.751610636358955,0.558609539207761,0.809340188517566,0.766666666666667,0.745833333333333,0,0,NA,0,1.05998286203942,0,NA,NA,NA,NA,NA,NA,NA
"Folded layers","irregular_z","patch",1,124,1,12000,"primary","SpaGCN refine",0.74275,0.508386713414407,0.744331422703337,0.552142279708973,0.796915167095116,0.7275,0.7465625,0.0113333333333333,0.0134444444444444,0.122743682310469,0.0230833333333333,1.05998286203942,0.0359999999999943,NA,NA,NA,NA,NA,NA,NA
"Folded layers","irregular_z","patch",1,124,1,12000,"primary","GraphST refine",0.7335,0.492450479910776,0.735075173094947,0.533953112368634,0.769494430162811,0.652916666666667,0.753645833333333,0.107333333333333,0.0577777777777778,0.239049740163326,0.11225,1.05998286203942,0.158999999999999,NA,NA,NA,NA,NA,NA,NA
"Folded layers","irregular_z","patch",1,124,1,12000,"primary","Potts-like ICM",0.734916666666667,0.495455197219921,0.736441011723286,0.54890864995958,0.7853470437018,0.69375,0.745208333333333,0.01,0.0234444444444444,0.078125,0.032,1.05998286203942,0.090999999999994,NA,NA,NA,NA,NA,NA,NA
"Folded layers","irregular_z","patch",2,125,1,12000,"primary","Initial",0.75,0.515790967655713,0.749344740106496,0.609268707482993,0.860008536064874,0.645416666666667,0.776145833333333,0,0,NA,0,1.05975245411865,0,NA,NA,NA,NA,NA,NA,NA
"Folded layers","irregular_z","patch",2,125,1,12000,"primary","SpaGCN refine",0.745583333333333,0.508424926471146,0.744895422528222,0.602465986394558,0.851045667947076,0.622083333333333,0.776458333333333,0.0166666666666667,0.0114444444444444,0.123152709359606,0.0338333333333333,1.05975245411865,0.0319999999999965,NA,NA,NA,NA,NA,NA,NA
"Folded layers","irregular_z","patch",2,125,1,12000,"primary","GraphST refine",0.735083333333333,0.493076552792199,0.734217773040787,0.568877551020408,0.832266325224072,0.542083333333333,0.783333333333333,0.119,0.0595555555555556,0.186422976501305,0.159583333333333,1.05975245411865,0.131,NA,NA,NA,NA,NA,NA,NA
"Folded layers","irregular_z","patch",2,125,1,12000,"primary","Potts-like ICM",0.739,0.499881626931858,0.73829127010583,0.588860544217687,0.851045667947076,0.593333333333333,0.775416666666667,0.0123333333333333,0.0187777777777778,0.0654867256637168,0.0470833333333333,1.05975245411865,0.0719999999999956,NA,NA,NA,NA,NA,NA,NA
"Folded layers","irregular_z","patch",3,126,3,12000,"primary","Initial",0.750083333333333,0.509339888868059,0.749745896949173,0.697346600331675,0.738317757009346,0.714583333333333,0.758958333333333,0,0,NA,0,1.03695836873407,0,NA,NA,NA,NA,NA,NA,NA
"Folded layers","irregular_z","patch",3,126,3,12000,"primary","SpaGCN refine",0.74475,0.501218192716099,0.744411039149818,0.695688225538972,0.731520815632965,0.683333333333333,0.760104166666667,0.0263421140380127,0.0158871236529275,0.187648456057007,0.0350833333333333,1.03695836873407,0.0260000000000034,NA,NA,NA,NA,NA,NA,NA
"Folded layers","irregular_z","patch",3,126,3,12000,"primary","GraphST refine",0.727833333333333,0.47744535304131,0.727564710916664,0.667910447761194,0.718776550552252,0.600833333333333,0.759583333333333,0.231410470156719,0.106765914898345,0.295948827292111,0.195416666666667,1.03695836873407,0.133000000000003,NA,NA,NA,NA,NA,NA,NA
"Folded layers","irregular_z","patch",3,126,3,12000,"primary","Potts-like ICM",0.734416666666667,0.488939495215644,0.734023529712096,0.685737976782753,0.716227697536109,0.6525,0.754895833333333,0.0250083361120373,0.0292189756693701,0.137614678899083,0.0454166666666667,1.03695836873407,0.0660000000000025,NA,NA,NA,NA,NA,NA,NA
"Folded layers","irregular_z","random",1,127,1,12000,"primary","Initial",0.75,0.503578765318042,0.74996005240852,0.737109044801353,0.748720136518771,0.75,0.75,0,0,NA,0,1.05546075085324,0,NA,NA,NA,NA,NA,NA,NA
"Folded layers","irregular_z","random",1,127,1,12000,"primary","SpaGCN refine",0.891916666666667,0.754645107639156,0.891961132461257,0.855874894336433,0.898464163822526,0.809583333333333,0.9125,0.611666666666667,0.0146666666666667,0.924433249370277,0.165416666666667,1.05546075085324,0.0319999999999965,NA,NA,NA,NA,NA,NA,NA
"Folded layers","irregular_z","random",1,127,1,12000,"primary","GraphST refine",0.943583333333333,0.865584615894495,0.943548494880493,0.936899289594651,0.938993174061433,0.75875,0.989791666666667,0.946,0.0572222222222222,0.833970026447252,0.283583333333333,1.05546075085324,0.142000000000003,NA,NA,NA,NA,NA,NA,NA
"Folded layers","irregular_z","random",1,127,1,12000,"primary","Potts-like ICM",0.955416666666667,0.892843814962692,0.955336384227456,0.945819112627986,0.945819112627986,0.80625,0.992708333333333,0.883333333333333,0.0205555555555556,0.928196147110333,0.237916666666667,1.05546075085324,0.0790000000000006,NA,NA,NA,NA,NA,NA,NA
"Folded layers","irregular_z","random",2,128,1,12000,"primary","Initial",0.75,0.503048867871991,0.749959271599239,0.740834386852086,0.760016870518768,0.754166666666667,0.748958333333333,0,0,NA,0,1.03121045972164,0,NA,NA,NA,NA,NA,NA,NA
"Folded layers","irregular_z","random",2,128,1,12000,"primary","SpaGCN refine",0.8885,0.746968048082024,0.888418211939383,0.845343447113359,0.903838043019823,0.806666666666667,0.908958333333333,0.601333333333333,0.0157777777777778,0.916201117318436,0.164083333333333,1.03121045972164,0.0320000000000036,NA,NA,NA,NA,NA,NA,NA
"Folded layers","irregular_z","random",2,128,1,12000,"primary","GraphST refine",0.946833333333333,0.872988479014751,0.946756466830454,0.921973850695909,0.921973850695909,0.766666666666667,0.991875,0.948666666666667,0.0537777777777778,0.841265149275791,0.281916666666667,1.03121045972164,0.134,NA,NA,NA,NA,NA,NA,NA
"Folded layers","irregular_z","random",2,128,1,12000,"primary","Potts-like ICM",0.959583333333333,0.90257160868922,0.959503042103878,0.933361450864614,0.933361450864614,0.824166666666667,0.9934375,0.898666666666667,0.0201111111111111,0.929014472777395,0.241833333333333,1.03121045972164,0.0740000000000052,NA,NA,NA,NA,NA,NA,NA
"Folded layers","irregular_z","random",3,129,3,12000,"primary","Initial",0.750083333333333,0.502366982917433,0.750232123637429,0.738243861839367,0.751918158567775,0.759166666666667,0.7478125,0,0,NA,0,1.0618073316283,0,NA,NA,NA,NA,NA,NA,NA
"Folded layers","irregular_z","random",3,129,3,12000,"primary","SpaGCN refine",0.881416666666667,0.731783580412909,0.88172126306973,0.849859494179045,0.870417732310315,0.779166666666667,0.906979166666667,0.583527842614205,0.0193311854238418,0.893769152196119,0.163166666666667,1.0618073316283,0.0259999999999962,NA,NA,NA,NA,NA,NA,NA
"Folded layers","irregular_z","random",3,129,3,12000,"primary","GraphST refine",0.8845,0.738976811525425,0.884179955723456,0.860590928006658,0.891304347826087,0.65375,0.9421875,0.879626542180727,0.113876235973781,0.697330161247687,0.31525,1.0618073316283,0.134999999999998,NA,NA,NA,NA,NA,NA,NA
"Folded layers","irregular_z","random",3,129,3,12000,"primary","Potts-like ICM",0.91725,0.807942673441306,0.917027342927137,0.8896933560477,0.93691389599318,0.737083333333333,0.962291666666667,0.806935645215072,0.045994889456727,0.839112343966713,0.240333333333333,1.0618073316283,0.0629999999999953,NA,NA,NA,NA,NA,NA,NA
"Folded layers","irregular_z","region",1,130,1,12000,"primary","Initial",0.75,0.482615208732226,0.750066169447884,0.686935086277732,0.701776649746193,0.689166666666667,0.765208333333333,0,0,NA,0,1.03045685279188,0,NA,NA,NA,NA,NA,NA,NA
"Folded layers","irregular_z","region",1,130,1,12000,"primary","SpaGCN refine",0.744,0.470854602065057,0.744088785362559,0.677485620377979,0.706852791878173,0.658333333333333,0.765416666666667,0.0123333333333333,0.0121111111111111,0.170506912442396,0.0180833333333333,1.03045685279188,0.0320000000000036,NA,NA,NA,NA,NA,NA,NA
"Folded layers","irregular_z","region",1,130,1,12000,"primary","GraphST refine",0.731833333333333,0.445452881832281,0.73209926830379,0.637222678718159,0.735194585448393,0.584166666666667,0.76875,0.083,0.0518888888888889,0.249,0.0833333333333333,1.03045685279188,0.146999999999998,NA,NA,NA,NA,NA,NA,NA
"Folded layers","irregular_z","region",1,130,1,12000,"primary","Potts-like ICM",0.741416666666667,0.467049670813858,0.741519629966616,0.668447000821693,0.704737732656514,0.644583333333333,0.765625,0.0213333333333333,0.0185555555555556,0.194528875379939,0.0274166666666667,1.03045685279188,0.0760000000000005,NA,NA,NA,NA,NA,NA,NA
"Folded layers","irregular_z","region",2,131,1,12000,"primary","Initial",0.75,0.576447281422508,0.747747218766127,0.467195988299206,0.624946785866326,0.770416666666667,0.744895833333333,0,0,NA,0,1.04767986377182,0,NA,NA,NA,NA,NA,NA,NA
"Folded layers","irregular_z","region",2,131,1,12000,"primary","SpaGCN refine",0.743416666666667,0.563659775714413,0.74120322347409,0.463017133305474,0.6262239250745,0.73875,0.744583333333333,0.0113333333333333,0.0125555555555556,0.145299145299145,0.0195,1.04767986377182,0.0319999999999965,NA,NA,NA,NA,NA,NA,NA
"Folded layers","irregular_z","region",2,131,1,12000,"primary","GraphST refine",0.722166666666667,0.528609325856219,0.720034611219401,0.441704972837443,0.617283950617284,0.63875,0.743020833333333,0.0613333333333333,0.0575555555555556,0.176923076923077,0.0866666666666667,1.04767986377182,0.139000000000003,NA,NA,NA,NA,NA,NA,NA
"Folded layers","irregular_z","region",2,131,1,12000,"primary","Potts-like ICM",0.7355,0.554144837069911,0.73325608477152,0.453823652319265,0.615155385270328,0.7,0.744375,0.0153333333333333,0.0244444444444444,0.0987124463519313,0.0388333333333333,1.04767986377182,0.0939999999999941,NA,NA,NA,NA,NA,NA,NA
"Folded layers","irregular_z","region",3,132,3,12000,"primary","Initial",0.750083333333333,0.480768598255825,0.750060357785507,0.653295128939828,0.721212121212121,0.720416666666667,0.7575,0,0,NA,0,1.05757575757576,0,NA,NA,NA,NA,NA,NA,NA
"Folded layers","irregular_z","region",3,132,3,12000,"primary","SpaGCN refine",0.74175,0.467691800125865,0.741718308466738,0.643880474826034,0.711255411255411,0.678333333333333,0.757604166666667,0.0130043347782594,0.0154427285857127,0.194029850746269,0.01675,1.05757575757576,0.0309999999999988,NA,NA,NA,NA,NA,NA,NA
"Folded layers","irregular_z","region",3,132,3,12000,"primary","GraphST refine",0.678,0.374834328095766,0.678325567750558,0.522308636921817,0.679220779220779,0.511666666666667,0.719583333333333,0.0986995665221741,0.128985668259082,0.190967741935484,0.129166666666667,1.05757575757576,0.125999999999998,NA,NA,NA,NA,NA,NA,NA
"Folded layers","irregular_z","region",3,132,3,12000,"primary","Potts-like ICM",0.730583333333333,0.451118936675288,0.730481166461938,0.638968481375358,0.694805194805195,0.63625,0.754166666666667,0.0280093364454818,0.0353294078435729,0.19047619047619,0.03675,1.05757575757576,0.0629999999999953,NA,NA,NA,NA,NA,NA,NA
"Folded layers","uniform","boundary",1,133,1,12000,"primary","Initial",0.75,0.512537516223346,0.749629870108902,0.641469594594595,0.641469594594595,0,0.9375,0,0,NA,0,1.0308277027027,0,NA,NA,NA,NA,NA,NA,NA
"Folded layers","uniform","boundary",1,133,1,12000,"primary","SpaGCN refine",0.82,0.618637776370699,0.819727826792505,0.732685810810811,0.732685810810811,0.250833333333333,0.962291666666667,0.288,0.00266666666666667,0.914285714285714,0.07875,1.0308277027027,0.0309999999999988,NA,NA,NA,NA,NA,NA,NA
"Folded layers","uniform","boundary",1,133,1,12000,"primary","GraphST refine",0.934166666666667,0.843416724419247,0.934113251695548,0.91519868906186,0.919341216216216,0.722083333333333,0.9871875,0.761,0.00811111111111111,0.900591715976331,0.21125,1.0308277027027,0.147000000000006,NA,NA,NA,NA,NA,NA,NA
"Folded layers","uniform","boundary",1,133,1,12000,"primary","Potts-like ICM",0.811833333333333,0.604007449119345,0.811453160040152,0.698057432432432,0.698057432432432,0.232083333333333,0.956770833333333,0.262,0.00488888888888889,0.924705882352941,0.0708333333333333,1.0308277027027,0.078000000000003,NA,NA,NA,NA,NA,NA,NA
"Folded layers","uniform","boundary",2,134,1,12000,"primary","Initial",0.75,0.513470671764906,0.749167644238809,0.659275053304904,0.659275053304904,0,0.9375,0,0,NA,0,1.03923240938166,0,NA,NA,NA,NA,NA,NA,NA
"Folded layers","uniform","boundary",2,134,1,12000,"primary","SpaGCN refine",0.815666666666667,0.612369823748029,0.815099246799248,0.743283582089552,0.743283582089552,0.235416666666667,0.960729166666667,0.267666666666667,0.00166666666666667,0.924050632911392,0.0724166666666667,1.03923240938166,0.0320000000000036,NA,NA,NA,NA,NA,NA,NA
"Folded layers","uniform","boundary",2,134,1,12000,"primary","GraphST refine",0.93325,0.841762709430781,0.93328723605086,0.903569963069348,0.924946695095949,0.726666666666667,0.984895833333333,0.761,0.00933333333333333,0.896700706991359,0.212166666666667,1.03923240938166,0.137,NA,NA,NA,NA,NA,NA,NA
"Folded layers","uniform","boundary",2,134,1,12000,"primary","Potts-like ICM",0.804416666666667,0.592384920556902,0.803714403633864,0.697228144989339,0.697228144989339,0.21,0.953020833333333,0.238,0.00677777777777778,0.911877394636015,0.06525,1.03923240938166,0.0790000000000006,NA,NA,NA,NA,NA,NA,NA
"Folded layers","uniform","boundary",3,135,3,12000,"primary","Initial",0.750083333333333,0.512951222211287,0.749437946831685,0.660472972972973,0.660472972972973,0,0.937604166666667,0,0,NA,0,1.03969594594595,0,NA,NA,NA,NA,NA,NA,NA
"Folded layers","uniform","boundary",3,135,3,12000,"primary","SpaGCN refine",0.820416666666667,0.62021299880195,0.820004235018323,0.755067567567568,0.755067567567568,0.262083333333333,0.96,0.291097032344115,0.00322186423730697,0.866071428571429,0.084,1.03969594594595,0.0280000000000058,NA,NA,NA,NA,NA,NA,NA
"Folded layers","uniform","boundary",3,135,3,12000,"primary","GraphST refine",0.881,0.730993575219233,0.880901480913324,0.833614864864865,0.833614864864865,0.624166666666667,0.945208333333333,0.653217739246415,0.0431063215198311,0.733433171096967,0.222583333333333,1.03969594594595,0.121000000000002,NA,NA,NA,NA,NA,NA,NA
"Folded layers","uniform","boundary",3,135,3,12000,"primary","Potts-like ICM",0.801,0.587155390873565,0.800584514877147,0.715371621621622,0.715371621621622,0.210416666666667,0.948645833333333,0.224408136045348,0.00688812354182869,0.865038560411311,0.0648333333333333,1.03969594594595,0.0629999999999953,NA,NA,NA,NA,NA,NA,NA
"Folded layers","uniform","patch",1,136,1,12000,"primary","Initial",0.75,0.508414271356988,0.749961654522107,0.67885666246322,0.794142614601019,0.71625,0.7584375,0,0,NA,0,1.03183361629881,0,NA,NA,NA,NA,NA,NA,NA
"Folded layers","uniform","patch",1,136,1,12000,"primary","SpaGCN refine",0.74925,0.507315198649656,0.749178045023199,0.675493905002102,0.788624787775891,0.696666666666667,0.762395833333333,0.0243333333333333,0.00911111111111111,0.187179487179487,0.0325,1.03183361629881,0.0319999999999965,NA,NA,NA,NA,NA,NA,NA
"Folded layers","uniform","patch",1,136,1,12000,"primary","GraphST refine",0.739083333333333,0.492531360448499,0.738924895872861,0.670449768810425,0.760611205432937,0.59875,0.774166666666667,0.162666666666667,0.0687777777777778,0.244979919678715,0.166,1.03183361629881,0.141999999999996,NA,NA,NA,NA,NA,NA,NA
"Folded layers","uniform","patch",1,136,1,12000,"primary","Potts-like ICM",0.743833333333333,0.500263036214567,0.743733097935694,0.663724253888188,0.783531409168082,0.690416666666667,0.7571875,0.0113333333333333,0.012,0.127340823970037,0.02225,1.03183361629881,0.0790000000000006,NA,NA,NA,NA,NA,NA,NA
"Folded layers","uniform","patch",2,137,1,12000,"primary","Initial",0.75,0.530755386491018,0.750673757426846,0.573784006595218,0.714469178082192,0.70125,0.7621875,0,0,NA,0,1.04494863013699,0,NA,NA,NA,NA,NA,NA,NA
"Folded layers","uniform","patch",2,137,1,12000,"primary","SpaGCN refine",0.7505,0.531024944470383,0.751170166527246,0.573784006595218,0.716181506849315,0.69125,0.7653125,0.0263333333333333,0.00811111111111111,0.180365296803653,0.0365,1.04494863013699,0.0330000000000013,NA,NA,NA,NA,NA,NA,NA
"Folded layers","uniform","patch",2,137,1,12000,"primary","GraphST refine",0.751166666666667,0.528885363672073,0.751883339267213,0.566776586974444,0.735445205479452,0.60625,0.787395833333333,0.202333333333333,0.0658888888888889,0.274040632054176,0.184583333333333,1.04494863013699,0.151999999999994,NA,NA,NA,NA,NA,NA,NA
"Folded layers","uniform","patch",2,137,1,12000,"primary","Potts-like ICM",0.74125,0.51749642019802,0.741872451421157,0.563066776586974,0.699914383561644,0.661666666666667,0.761145833333333,0.012,0.0156666666666667,0.0989010989010989,0.0303333333333333,1.04494863013699,0.0819999999999936,NA,NA,NA,NA,NA,NA,NA
"Folded layers","uniform","patch",3,138,3,12000,"primary","Initial",0.750083333333333,0.528234021318739,0.749769951707846,0.570282819755171,0.711505922165821,0.755416666666667,0.74875,0,0,NA,0,1.03934010152284,0,NA,NA,NA,NA,NA,NA,NA
"Folded layers","uniform","patch",3,138,3,12000,"primary","SpaGCN refine",0.74725,0.52344440374027,0.746947852829108,0.558885605740819,0.720812182741117,0.724166666666667,0.753020833333333,0.0410136712237412,0.0174425063881791,0.272727272727273,0.0375833333333333,1.03934010152284,0.0290000000000035,NA,NA,NA,NA,NA,NA,NA
"Folded layers","uniform","patch",3,138,3,12000,"primary","GraphST refine",0.7215,0.487046498646204,0.721206230523095,0.470662726888983,0.762690355329949,0.575833333333333,0.757916666666667,0.285095031677226,0.133096322630819,0.320705176294074,0.222166666666667,1.03934010152284,0.134999999999998,NA,NA,NA,NA,NA,NA,NA
"Folded layers","uniform","patch",3,138,3,12000,"primary","Potts-like ICM",0.732833333333333,0.504544144806436,0.732461972653888,0.525960320810469,0.715736040609137,0.69125,0.743229166666667,0.0290096698899633,0.0326630374402844,0.206650831353919,0.0350833333333333,1.03934010152284,0.0750000000000028,NA,NA,NA,NA,NA,NA,NA
"Folded layers","uniform","random",1,139,1,12000,"primary","Initial",0.75,0.503307856622258,0.749924132424547,0.740503627827572,0.740503627827572,0.755416666666667,0.748645833333333,0,0,NA,0,1.03969270166453,0,NA,NA,NA,NA,NA,NA,NA
"Folded layers","uniform","random",1,139,1,12000,"primary","SpaGCN refine",0.878333333333333,0.725890221459294,0.878328696678924,0.843145500420521,0.895860008536065,0.779166666666667,0.903125,0.569666666666667,0.0187777777777778,0.899473684210526,0.158333333333333,1.03969270166453,0.0320000000000036,NA,NA,NA,NA,NA,NA,NA
"Folded layers","uniform","random",1,139,1,12000,"primary","GraphST refine",0.917833333333333,0.807944500538338,0.917868115799574,0.898604269293924,0.916346564233888,0.687083333333333,0.975520833333333,0.915,0.0812222222222222,0.775423728813559,0.295,1.03969270166453,0.140000000000001,NA,NA,NA,NA,NA,NA,NA
"Folded layers","uniform","random",1,139,1,12000,"primary","Potts-like ICM",0.93425,0.844608694465337,0.934254042065297,0.90728476821192,0.92573623559539,0.782083333333333,0.972291666666667,0.791666666666667,0.0182222222222222,0.93064263322884,0.212666666666667,1.03969270166453,0.078000000000003,NA,NA,NA,NA,NA,NA,NA
"Folded layers","uniform","random",2,140,1,12000,"primary","Initial",0.75,0.501013642360318,0.749851753292377,0.739430543572045,0.739430543572045,0.7425,0.751875,0,0,NA,0,1.08239861949957,0,NA,NA,NA,NA,NA,NA,NA
"Folded layers","uniform","random",2,140,1,12000,"primary","SpaGCN refine",0.87925,0.728129766083894,0.878692764035818,0.839516824849008,0.839516824849008,0.782083333333333,0.903541666666667,0.564666666666667,0.0158888888888889,0.906852248394004,0.155666666666667,1.08239861949957,0.0339999999999989,NA,NA,NA,NA,NA,NA,NA
"Folded layers","uniform","random",2,140,1,12000,"primary","GraphST refine",0.921333333333333,0.814619271808633,0.921082404394975,0.903796376186368,0.903796376186368,0.6975,0.977291666666667,0.922666666666667,0.0791111111111111,0.783691959229898,0.294333333333333,1.08239861949957,0.152000000000001,NA,NA,NA,NA,NA,NA,NA
"Folded layers","uniform","random",2,140,1,12000,"primary","Potts-like ICM",0.934,0.843013859780969,0.93415095823971,0.923517382413088,0.941328731665229,0.776666666666667,0.973333333333333,0.788666666666667,0.0175555555555556,0.933701657458563,0.211166666666667,1.08239861949957,0.0859999999999985,NA,NA,NA,NA,NA,NA,NA
"Folded layers","uniform","random",3,141,3,12000,"primary","Initial",0.750083333333333,0.502898062725101,0.75013191727307,0.728979940247546,0.772668672110013,0.74875,0.750416666666667,0,0,NA,0,1.05973356252686,0,NA,NA,NA,NA,NA,NA,NA
"Folded layers","uniform","random",3,141,3,12000,"primary","SpaGCN refine",0.856416666666667,0.682442411693278,0.856667343394215,0.838199513381995,0.890846583584014,0.7575,0.881145833333333,0.501833944648216,0.0254416175980447,0.847887323943662,0.147916666666667,1.05973356252686,0.0290000000000035,NA,NA,NA,NA,NA,NA,NA
"Folded layers","uniform","random",3,141,3,12000,"primary","GraphST refine",0.86875,0.705760724362299,0.868822322990629,0.825437473324797,0.912333476579287,0.6325,0.9278125,0.862620873624542,0.12920786579269,0.671773565307712,0.320916666666667,1.05973356252686,0.179000000000002,NA,NA,NA,NA,NA,NA,NA
"Folded layers","uniform","random",3,141,3,12000,"primary","Potts-like ICM",0.882583333333333,0.735608965006343,0.882219162175757,0.81562099871959,0.903738719381177,0.735833333333333,0.919270833333333,0.635211737245749,0.0349961115431619,0.848930481283422,0.187,1.05973356252686,0.0619999999999976,NA,NA,NA,NA,NA,NA,NA
"Folded layers","uniform","region",1,142,1,12000,"primary","Initial",0.75,0.570782247423931,0.74756399980409,0.454352441613588,0.454352441613588,0.766666666666667,0.745833333333333,0,0,NA,0,1.05180467091295,0,NA,NA,NA,NA,NA,NA,NA
"Folded layers","uniform","region",1,142,1,12000,"primary","SpaGCN refine",0.745083333333333,0.562197447848999,0.742666029165341,0.450955414012739,0.450955414012739,0.741666666666667,0.7459375,0.0123333333333333,0.0106666666666667,0.158119658119658,0.0195,1.05180467091295,0.0309999999999988,NA,NA,NA,NA,NA,NA,NA
"Folded layers","uniform","region",1,142,1,12000,"primary","GraphST refine",0.723,0.51495374733946,0.720744850969931,0.406369426751592,0.406369426751592,0.6375,0.744375,0.1,0.0693333333333333,0.238473767885533,0.104833333333333,1.05180467091295,0.138999999999996,NA,NA,NA,NA,NA,NA,NA
"Folded layers","uniform","region",1,142,1,12000,"primary","Potts-like ICM",0.741333333333333,0.559568909095725,0.738838666765123,0.436093418259023,0.436093418259023,0.730833333333333,0.743958333333333,0.011,0.0152222222222222,0.155660377358491,0.0176666666666667,1.05180467091295,0.0819999999999936,NA,NA,NA,NA,NA,NA,NA
"Folded layers","uniform","region",2,143,1,12000,"primary","Initial",0.75,0.442800298751275,0.749513197725212,0.69134775374376,0.783635596794601,0.71,0.76,0,0,NA,0,1.03795866722902,0,NA,NA,NA,NA,NA,NA,NA
"Folded layers","uniform","region",2,143,1,12000,"primary","SpaGCN refine",0.74375,0.432377238859063,0.743227267274696,0.684276206322795,0.775622100379587,0.682083333333333,0.759166666666667,0.005,0.01,0.142857142857143,0.00875,1.03795866722902,0.0309999999999988,NA,NA,NA,NA,NA,NA,NA
"Folded layers","uniform","region",2,143,1,12000,"primary","GraphST refine",0.710916666666667,0.382185499631112,0.710275915647974,0.646422628951747,0.748207507380852,0.54,0.753645833333333,0.0286666666666667,0.0616666666666667,0.134165366614665,0.0534166666666667,1.03795866722902,0.138999999999996,NA,NA,NA,NA,NA,NA,NA
"Folded layers","uniform","region",2,143,1,12000,"primary","Potts-like ICM",0.743666666666667,0.431289118267582,0.743106787468727,0.688435940099834,0.770982707718262,0.683333333333333,0.75875,0.00766666666666667,0.011,0.188524590163934,0.0101666666666667,1.03795866722902,0.0779999999999959,NA,NA,NA,NA,NA,NA,NA
"Folded layers","uniform","region",3,144,3,12000,"primary","Initial",0.750083333333333,0.539970230654733,0.748386826980925,0.564522908785204,0.638135593220339,0.740416666666667,0.7525,0,0,NA,0,1.03983050847458,0,NA,NA,NA,NA,NA,NA,NA
"Folded layers","uniform","region",3,144,3,12000,"primary","SpaGCN refine",0.74425,0.526155797543759,0.742632300419694,0.559478772593527,0.648728813559322,0.715,0.7515625,0.0230076692230744,0.0154427285857127,0.23469387755102,0.0245,1.03983050847458,0.0289999999999964,NA,NA,NA,NA,NA,NA,NA
"Folded layers","uniform","region",3,144,3,12000,"primary","GraphST refine",0.703166666666667,0.436187822898308,0.702137392072282,0.50063051702396,0.736016949152542,0.55,0.741458333333333,0.188396132044015,0.125319408954561,0.298468040147913,0.15775,1.03983050847458,0.183999999999997,NA,NA,NA,NA,NA,NA,NA
"Folded layers","uniform","region",3,144,3,12000,"primary","Potts-like ICM",0.734833333333333,0.513043440276408,0.733192320421202,0.538461538461538,0.641101694915254,0.6925,0.745416666666667,0.0193397799266422,0.0267748027996889,0.18125,0.0266666666666667,1.03983050847458,0.0629999999999953,NA,NA,NA,NA,NA,NA,NA
"Helical channels","class_imbalanced","boundary",1,145,1,12000,"primary","Initial",0.75,0.185935489187209,0.23474591990733,0.0725806451612903,0.119047619047619,0,0.9375,0,0,NA,0,260.880952380952,0,NA,NA,NA,NA,NA,NA,NA
"Helical channels","class_imbalanced","boundary",1,145,1,12000,"primary","SpaGCN refine",0.79475,0.250504823841133,0.242037582600845,0.0701970443349754,0.119047619047619,0.157083333333333,0.954166666666667,0.19,0.00366666666666667,0.762032085561497,0.0623333333333333,260.880952380952,0.0320000000000036,NA,NA,NA,NA,NA,NA,NA
"Helical channels","class_imbalanced","boundary",1,145,1,12000,"primary","GraphST refine",0.909083333333333,0.184318911892649,0.19912384776855,0,0,0.642916666666667,0.975625,0.673666666666667,0.0124444444444444,0.760918674698795,0.221333333333333,260.880952380952,0.137999999999998,NA,NA,NA,NA,NA,NA,NA
"Helical channels","class_imbalanced","boundary",1,145,1,12000,"primary","Potts-like ICM",0.846333333333333,0.304528076556303,0.233226575183327,0.0238095238095238,0.0238095238095238,0.360416666666667,0.9678125,0.388,0.000888888888888889,0.918705603788477,0.105583333333333,260.880952380952,0.078000000000003,NA,NA,NA,NA,NA,NA,NA
"Helical channels","class_imbalanced","boundary",2,146,1,12000,"primary","Initial",0.75,0.558725352607277,0.534052341434639,0.38673139158576,0.5,0,0.9375,0,0,NA,0,76.8725490196078,0,NA,NA,NA,NA,NA,NA,NA
"Helical channels","class_imbalanced","boundary",2,146,1,12000,"primary","SpaGCN refine",0.79825,0.632173008632217,0.5869247587999,0.453074433656958,0.480392156862745,0.182916666666667,0.952083333333333,0.21,0.00566666666666667,0.71753986332574,0.0731666666666667,76.8725490196078,0.0339999999999989,NA,NA,NA,NA,NA,NA,NA
"Helical channels","class_imbalanced","boundary",2,146,1,12000,"primary","GraphST refine",0.839083333333333,0.551779161399303,0.49423586523899,0,0,0.547083333333333,0.912083333333333,0.576,0.0732222222222222,0.559585492227979,0.257333333333333,76.8725490196078,0.163000000000004,NA,NA,NA,NA,NA,NA,NA
"Helical channels","class_imbalanced","boundary",2,146,1,12000,"primary","Potts-like ICM",0.797333333333333,0.619924910803616,0.501065460784894,0.0588235294117647,0.0588235294117647,0.2225,0.941041666666667,0.233,0.0145555555555556,0.777530589543938,0.0749166666666667,76.8725490196078,0.0810000000000031,NA,NA,NA,NA,NA,NA,NA
"Helical channels","class_imbalanced","boundary",3,147,3,12000,"primary","Initial",0.750166666666667,0.426830517934544,0.372259878369963,0.156521739130435,0.295081967213115,0,0.937708333333333,0,0,NA,0,157.672131147541,0,NA,NA,NA,NA,NA,NA,NA
"Helical channels","class_imbalanced","boundary",3,147,3,12000,"primary","SpaGCN refine",0.79775,0.505460298952496,0.344602964361665,0.0782608695652174,0.131147540983607,0.195416666666667,0.948333333333333,0.21847898599066,0.00933125972006221,0.71195652173913,0.0766666666666667,157.672131147541,0.0290000000000035,NA,NA,NA,NA,NA,NA,NA
"Helical channels","class_imbalanced","boundary",3,147,3,12000,"primary","GraphST refine",0.79925,0.0425040223673678,0.200808992935795,0,0,0.382083333333333,0.903541666666667,0.411941294196131,0.0717618307042879,0.431667249213562,0.238416666666667,157.672131147541,0.130000000000003,NA,NA,NA,NA,NA,NA,NA
"Helical channels","class_imbalanced","boundary",3,147,3,12000,"primary","Potts-like ICM",0.797166666666667,0.451531209849807,0.296638631010311,0.0434782608695652,0.0491803278688525,0.200416666666667,0.946354166666667,0.224149432955304,0.0119973339257943,0.671328671328671,0.0834166666666667,157.672131147541,0.0729999999999933,NA,NA,NA,NA,NA,NA,NA
"Helical channels","class_imbalanced","patch",1,148,1,12000,"primary","Initial",0.75,0.212828503902357,0.68138659418144,0.508387096774194,0.674418604651163,0.597083333333333,0.788229166666667,0,0,NA,0,256,0,NA,NA,NA,NA,NA,NA,NA
"Helical channels","class_imbalanced","patch",1,148,1,12000,"primary","SpaGCN refine",0.746416666666667,0.187580482332851,0.453999688792812,0.228070175438596,0.325581395348837,0.56125,0.792708333333333,0.0243333333333333,0.0128888888888889,0.174224343675418,0.0349166666666667,256,0.0309999999999988,NA,NA,NA,NA,NA,NA,NA
"Helical channels","class_imbalanced","patch",1,148,1,12000,"primary","GraphST refine",0.788,0.202610309458783,0.265334609198437,0.0175438596491228,0.0697674418604651,0.558333333333333,0.845416666666667,0.288333333333333,0.0454444444444444,0.309370529327611,0.233,256,0.137,NA,NA,NA,NA,NA,NA,NA
"Helical channels","class_imbalanced","patch",1,148,1,12000,"primary","Potts-like ICM",0.73425,0.148385909181232,0.279803600244275,0.0175438596491228,0.0930232558139535,0.52625,0.78625,0.0133333333333333,0.0254444444444444,0.142348754448399,0.0234166666666667,256,0.0760000000000005,NA,NA,NA,NA,NA,NA,NA
"Helical channels","class_imbalanced","patch",2,149,1,12000,"primary","Initial",0.75,0.0774017718114061,0.703206116894221,0.583333333333333,0.810810810810811,0.692916666666667,0.764270833333333,0,0,NA,0,316.945945945946,0,NA,NA,NA,NA,NA,NA,NA
"Helical channels","class_imbalanced","patch",2,149,1,12000,"primary","SpaGCN refine",0.74675,0.0229179730004258,0.333553431262641,0.174603174603175,0.243243243243243,0.658333333333333,0.768854166666667,0.0266666666666667,0.0132222222222222,0.182648401826484,0.0365,316.945945945946,0.0659999999999954,NA,NA,NA,NA,NA,NA,NA
"Helical channels","class_imbalanced","patch",2,149,1,12000,"primary","GraphST refine",0.7985,-0.00014846077748223,0.177647577629159,0,0,0.70875,0.8209375,0.256,0.0206666666666667,0.295839753466872,0.216333333333333,316.945945945946,0.146999999999998,NA,NA,NA,NA,NA,NA,NA
"Helical channels","class_imbalanced","patch",2,149,1,12000,"primary","Potts-like ICM",0.739,-0.0087835537491839,0.17915812501461,0.027027027027027,0.027027027027027,0.635833333333333,0.764791666666667,0.0136666666666667,0.0192222222222222,0.188940092165899,0.0180833333333333,316.945945945946,0.0989999999999966,NA,NA,NA,NA,NA,NA,NA
"Helical channels","class_imbalanced","patch",3,150,3,12000,"primary","Initial",0.750083333333333,0.507596742765473,0.720620979133709,0.625520110957004,0.783369803063457,0.659583333333333,0.772708333333333,0,0,NA,0,13.855579868709,0,NA,NA,NA,NA,NA,NA,NA
"Helical channels","class_imbalanced","patch",3,150,3,12000,"primary","SpaGCN refine",0.7255,0.44887776502876,0.711992716816825,0.628756356911697,0.772428884026258,0.62625,0.7503125,0.0413471157052351,0.0465503832907455,0.142365097588978,0.0725833333333333,13.855579868709,0.0309999999999988,NA,NA,NA,NA,NA,NA,NA
"Helical channels","class_imbalanced","patch",3,150,3,12000,"primary","GraphST refine",0.695916666666667,0.386853361636621,0.582803857894572,0.183807439824945,0.183807439824945,0.5775,0.725520833333333,0.294764921640547,0.170425508276858,0.238403451995685,0.309,13.855579868709,0.206000000000003,NA,NA,NA,NA,NA,NA,NA
"Helical channels","class_imbalanced","patch",3,150,3,12000,"primary","Potts-like ICM",0.707083333333333,0.41133829179695,0.692373864398509,0.625520110957004,0.706783369803063,0.618333333333333,0.729270833333333,0.0190063354451484,0.0636595933785135,0.0766129032258065,0.062,13.855579868709,0.142000000000003,NA,NA,NA,NA,NA,NA,NA
"Helical channels","class_imbalanced","random",1,151,1,12000,"primary","Initial",0.75,0.243533442630014,0.748017028109677,0.720588235294118,0.755555555555556,0.7575,0.748125,0,0,NA,0,243.511111111111,0,NA,NA,NA,NA,NA,NA,NA
"Helical channels","class_imbalanced","random",1,151,1,12000,"primary","SpaGCN refine",0.918333333333333,0.580006780323045,0.578217892042665,0.235294117647059,0.266666666666667,0.840416666666667,0.9378125,0.716666666666667,0.0144444444444444,0.927123760241483,0.19325,243.511111111111,0.0319999999999965,NA,NA,NA,NA,NA,NA,NA
"Helical channels","class_imbalanced","random",1,151,1,12000,"primary","GraphST refine",0.942083333333333,0.53538646733309,0.328369220923451,0,0,0.7675,0.985729166666667,0.947333333333333,0.0596666666666667,0.815261044176707,0.2905,243.511111111111,0.191000000000003,NA,NA,NA,NA,NA,NA,NA
"Helical channels","class_imbalanced","random",1,151,1,12000,"primary","Potts-like ICM",0.952166666666667,0.700816416168815,0.3616810906369,0,0,0.822916666666667,0.984479166666667,0.892666666666667,0.028,0.901683501683502,0.2475,243.511111111111,0.102999999999994,NA,NA,NA,NA,NA,NA,NA
"Helical channels","class_imbalanced","random",2,152,1,12000,"primary","Initial",0.75,0.477718721913475,0.752875542678238,0.744238590149119,0.764331210191083,0.76625,0.7459375,0,0,NA,0,12.9702760084926,0,NA,NA,NA,NA,NA,NA,NA
"Helical channels","class_imbalanced","random",2,152,1,12000,"primary","SpaGCN refine",0.889666666666667,0.732091645499175,0.89519366779706,0.83864118895966,0.83864118895966,0.868333333333333,0.895,0.656666666666667,0.0326666666666667,0.832277144064216,0.19725,12.9702760084926,0.0520000000000067,NA,NA,NA,NA,NA,NA,NA
"Helical channels","class_imbalanced","random",2,152,1,12000,"primary","GraphST refine",0.863416666666667,0.645312160567031,0.849338165547675,0.484076433121019,0.484076433121019,0.869583333333333,0.861875,0.863333333333333,0.136555555555556,0.63186142961698,0.341583333333333,12.9702760084926,0.165999999999997,NA,NA,NA,NA,NA,NA,NA
"Helical channels","class_imbalanced","random",2,152,1,12000,"primary","Potts-like ICM",0.88225,0.68787361862371,0.909219722703932,0.772823779193206,0.772823779193206,0.900416666666667,0.877708333333333,0.79,0.087,0.7119255031541,0.277416666666667,12.9702760084926,0.102000000000004,NA,NA,NA,NA,NA,NA,NA
"Helical channels","class_imbalanced","random",3,153,3,12000,"primary","Initial",0.750083333333333,0.0920925982432391,0.705205433138155,0.676923076923077,0.68421052631579,0.73625,0.753541666666667,0,0,NA,0,307.815789473684,0,NA,NA,NA,NA,NA,NA,NA
"Helical channels","class_imbalanced","random",3,153,3,12000,"primary","SpaGCN refine",0.930666666666667,0.191949168275986,0.430454282370752,0.22,0.31578947368421,0.857916666666667,0.948854166666667,0.761587195731911,0.0129985557160316,0.934916086778551,0.203583333333333,307.815789473684,0.0279999999999987,NA,NA,NA,NA,NA,NA,NA
"Helical channels","class_imbalanced","random",3,153,3,12000,"primary","GraphST refine",0.97475,0,0.2,0,0,0.887916666666667,0.996458333333333,0.968989663221074,0.0233307410287746,0.915852505515285,0.264416666666667,307.815789473684,0.125,NA,NA,NA,NA,NA,NA,NA
"Helical channels","class_imbalanced","random",3,153,3,12000,"primary","Potts-like ICM",0.97475,0,0.2,0,0,0.887916666666667,0.996458333333333,0.968989663221074,0.0233307410287746,0.915852505515285,0.264416666666667,307.815789473684,0.0609999999999999,NA,NA,NA,NA,NA,NA,NA
"Helical channels","class_imbalanced","region",1,154,1,12000,"primary","Initial",0.75,0.30553598203162,0.779016002448094,0.734848484848485,0.857142857142857,0.75375,0.7490625,0,0,NA,0,262.047619047619,0,NA,NA,NA,NA,NA,NA,NA
"Helical channels","class_imbalanced","region",1,154,1,12000,"primary","SpaGCN refine",0.73875,0.265093492572756,0.520892539842494,0.228571428571429,0.428571428571429,0.704166666666667,0.747395833333333,0.00466666666666667,0.0165555555555556,0.0843373493975904,0.0138333333333333,262.047619047619,0.0710000000000051,NA,NA,NA,NA,NA,NA,NA
"Helical channels","class_imbalanced","region",1,154,1,12000,"primary","GraphST refine",0.70925,0.165824512403453,0.292505850488478,0,0.19047619047619,0.593333333333333,0.738229166666667,0.0243333333333333,0.0624444444444444,0.113884555382215,0.0534166666666667,262.047619047619,0.159999999999997,NA,NA,NA,NA,NA,NA,NA
"Helical channels","class_imbalanced","region",1,154,1,12000,"primary","Potts-like ICM",0.7295,0.228553331458671,0.341200067652984,0,0.214285714285714,0.670416666666667,0.744270833333333,0.004,0.0286666666666667,0.044280442804428,0.0225833333333333,262.047619047619,0.078000000000003,NA,NA,NA,NA,NA,NA,NA
"Helical channels","class_imbalanced","region",2,155,1,12000,"primary","Initial",0.75,0.23170174345398,0.707184681379072,0.672727272727273,0.702127659574468,0.70875,0.7603125,0,0,NA,0,233.68085106383,0,NA,NA,NA,NA,NA,NA,NA
"Helical channels","class_imbalanced","region",2,155,1,12000,"primary","SpaGCN refine",0.741416666666667,0.198720493286544,0.491760247225934,0.253968253968254,0.297872340425532,0.67,0.759270833333333,0.00966666666666667,0.0146666666666667,0.151041666666667,0.016,233.68085106383,0.0390000000000015,NA,NA,NA,NA,NA,NA,NA
"Helical channels","class_imbalanced","region",2,155,1,12000,"primary","GraphST refine",0.729,0.125646501472114,0.297077529765118,0,0,0.632916666666667,0.753020833333333,0.098,0.0606666666666667,0.332579185520362,0.0736666666666667,233.68085106383,0.143999999999998,NA,NA,NA,NA,NA,NA,NA
"Helical channels","class_imbalanced","region",2,155,1,12000,"primary","Potts-like ICM",0.730916666666667,0.165033672159065,0.3044706511821,0,0,0.639166666666667,0.753854166666667,0.0163333333333333,0.0308888888888889,0.149847094801223,0.02725,233.68085106383,0.143000000000001,NA,NA,NA,NA,NA,NA,NA
"Helical channels","class_imbalanced","region",3,156,3,12000,"primary","Initial",0.750083333333333,0.115587055962297,0.697307001798875,0.552631578947368,0.552631578947368,0.700833333333333,0.762395833333333,0,0,NA,0,307.684210526316,0,NA,NA,NA,NA,NA,NA,NA
"Helical channels","class_imbalanced","region",3,156,3,12000,"primary","SpaGCN refine",0.73775,0.0433076033935481,0.329484701424522,0.0789473684210526,0.0789473684210526,0.6475,0.7603125,0.00833611203734578,0.0192200866570381,0.125628140703518,0.0165833333333333,307.684210526316,0.0269999999999939,NA,NA,NA,NA,NA,NA,NA
"Helical channels","class_imbalanced","region",3,156,3,12000,"primary","GraphST refine",0.73325,0.00407585817616083,0.202097376523759,0,0.0789473684210526,0.634583333333333,0.757916666666667,0.0446815605201734,0.0373291856460393,0.282700421940928,0.0395,307.684210526316,0.120999999999995,NA,NA,NA,NA,NA,NA,NA
"Helical channels","class_imbalanced","region",3,156,3,12000,"primary","Potts-like ICM",0.733666666666667,0.0125713681489333,0.236937871605281,0.027027027027027,0.0789473684210526,0.6325,0.758958333333333,0.0126708902967656,0.0261082101988668,0.139194139194139,0.02275,307.684210526316,0.0599999999999952,NA,NA,NA,NA,NA,NA,NA
"Helical channels","irregular_z","boundary",1,157,1,12000,"primary","Initial",0.75,0.243459556514533,0.244363832343992,0.088135593220339,0.0902255639097744,0,0.9375,0,0,NA,0,40.8045112781955,0,NA,NA,NA,NA,NA,NA,NA
"Helical channels","irregular_z","boundary",1,157,1,12000,"primary","SpaGCN refine",0.768583333333333,0.287223481039502,0.249654298331719,0.0779661016949153,0.0827067669172932,0.04375,0.949791666666667,0.0843333333333333,0.00333333333333333,0.51844262295082,0.0406666666666667,40.8045112781955,0.0310000000000059,NA,NA,NA,NA,NA,NA,NA
"Helical channels","irregular_z","boundary",1,157,1,12000,"primary","GraphST refine",0.891333333333333,0.647986461529552,0.224361322782298,0.0037593984962406,0.0037593984962406,0.5625,0.973541666666667,0.606333333333333,0.0136666666666667,0.676208178438662,0.224166666666667,40.8045112781955,0.140000000000001,NA,NA,NA,NA,NA,NA,NA
"Helical channels","irregular_z","boundary",1,157,1,12000,"primary","Potts-like ICM",0.767166666666667,0.2746288639402,0.248159667980623,0.088135593220339,0.0902255639097744,0.03875,0.949270833333333,0.0686666666666667,0,0.927927927927928,0.0185,40.8045112781955,0.0769999999999982,NA,NA,NA,NA,NA,NA,NA
"Helical channels","irregular_z","boundary",2,158,1,12000,"primary","Initial",0.75,0.240492084440928,0.222250169753685,0.050179211469534,0.103321033210332,0,0.9375,0,0,NA,0,40.0221402214022,0,NA,NA,NA,NA,NA,NA,NA
"Helical channels","irregular_z","boundary",2,158,1,12000,"primary","SpaGCN refine",0.767083333333333,0.278944012672387,0.215949186659285,0.0305084745762712,0.0922509225092251,0.0366666666666667,0.9496875,0.0776666666666667,0.00311111111111111,0.4824016563147,0.04025,40.0221402214022,0.0309999999999988,NA,NA,NA,NA,NA,NA,NA
"Helical channels","irregular_z","boundary",2,158,1,12000,"primary","GraphST refine",0.89375,0.63707436515151,0.214004217771336,0,0.018450184501845,0.56125,0.976875,0.603333333333333,0.00944444444444444,0.690576115986265,0.218416666666667,40.0221402214022,0.143999999999998,NA,NA,NA,NA,NA,NA,NA
"Helical channels","irregular_z","boundary",2,158,1,12000,"primary","Potts-like ICM",0.768666666666667,0.266152774584664,0.225022792772932,0.046594982078853,0.103321033210332,0.0420833333333333,0.9503125,0.0753333333333333,0.000222222222222222,0.930041152263374,0.02025,40.0221402214022,0.0779999999999959,NA,NA,NA,NA,NA,NA,NA
"Helical channels","irregular_z","boundary",3,159,3,12000,"primary","Initial",0.750083333333333,0.259031139952606,0.236982271724517,0.069204152249135,0.0996309963099631,0,0.937604166666667,0,0,NA,0,39.9741697416974,0,NA,NA,NA,NA,NA,NA,NA
"Helical channels","irregular_z","boundary",3,159,3,12000,"primary","SpaGCN refine",0.777666666666667,0.318245528206621,0.23437354321228,0.0484429065743945,0.0885608856088561,0.0791666666666667,0.952291666666667,0.119039679893298,0.0028885679368959,0.668539325842697,0.0445,39.9741697416974,0.0249999999999986,NA,NA,NA,NA,NA,NA,NA
"Helical channels","irregular_z","boundary",3,159,3,12000,"primary","GraphST refine",0.903333333333333,0.290085252131741,0.210820203937002,0,0.003690036900369,0.609166666666667,0.976875,0.646882294098033,0.0112209754471725,0.722532588454376,0.22375,39.9741697416974,0.128,NA,NA,NA,NA,NA,NA,NA
"Helical channels","irregular_z","boundary",3,159,3,12000,"primary","Potts-like ICM",0.795,0.296305312513777,0.236312568482367,0.0484429065743945,0.0885608856088561,0.16,0.95375,0.185061687229076,0.00177758026885902,0.824665676077266,0.0560833333333333,39.9741697416974,0.0640000000000001,NA,NA,NA,NA,NA,NA,NA
"Helical channels","irregular_z","patch",1,160,1,12000,"primary","Initial",0.75,0.26488443480018,0.601223020883554,0.410169491525424,0.521276595744681,0.57875,0.7928125,0,0,NA,0,38.3617021276596,0,NA,NA,NA,NA,NA,NA,NA
"Helical channels","irregular_z","patch",1,160,1,12000,"primary","SpaGCN refine",0.748833333333333,0.261746800935658,0.578728488991734,0.386440677966102,0.5,0.555833333333333,0.797083333333333,0.0176666666666667,0.00744444444444444,0.135897435897436,0.0325,38.3617021276596,0.0350000000000037,NA,NA,NA,NA,NA,NA,NA
"Helical channels","irregular_z","patch",1,160,1,12000,"primary","GraphST refine",0.781833333333333,0.28186214560992,0.46460199357151,0.24406779661017,0.304964539007092,0.522083333333333,0.846770833333333,0.231666666666667,0.0347777777777778,0.263157894736842,0.220083333333333,38.3617021276596,0.142000000000003,NA,NA,NA,NA,NA,NA,NA
"Helical channels","irregular_z","patch",1,160,1,12000,"primary","Potts-like ICM",0.743333333333333,0.246410960827455,0.555605460885253,0.345762711864407,0.51063829787234,0.540833333333333,0.793958333333333,0.00566666666666667,0.0107777777777778,0.121428571428571,0.0116666666666667,38.3617021276596,0.0769999999999982,NA,NA,NA,NA,NA,NA,NA
"Helical channels","irregular_z","patch",2,161,1,12000,"primary","Initial",0.75,0.264915779718274,0.744657491517957,0.674074074074074,0.674074074074074,0.737916666666667,0.753020833333333,0,0,NA,0,40.1333333333333,0,NA,NA,NA,NA,NA,NA,NA
"Helical channels","irregular_z","patch",2,161,1,12000,"primary","SpaGCN refine",0.748416666666667,0.254695749514299,0.721307899796272,0.666666666666667,0.666666666666667,0.712083333333333,0.7575,0.0196666666666667,0.00866666666666667,0.154855643044619,0.03175,40.1333333333333,0.0300000000000011,NA,NA,NA,NA,NA,NA,NA
"Helical channels","irregular_z","patch",2,161,1,12000,"primary","GraphST refine",0.772666666666667,0.219010477485917,0.554461526205712,0.381481481481481,0.381481481481481,0.635,0.807083333333333,0.233,0.0474444444444444,0.249464668094218,0.2335,40.1333333333333,0.133000000000003,NA,NA,NA,NA,NA,NA,NA
"Helical channels","irregular_z","patch",2,161,1,12000,"primary","Potts-like ICM",0.739833333333333,0.228269373059669,0.669127551336854,0.511111111111111,0.511111111111111,0.685833333333333,0.753333333333333,0.005,0.0152222222222222,0.0967741935483871,0.0129166666666667,40.1333333333333,0.0710000000000051,NA,NA,NA,NA,NA,NA,NA
"Helical channels","irregular_z","patch",3,162,3,12000,"primary","Initial",0.750166666666667,0.270579410596052,0.797558957178291,0.743307086614173,0.773972602739726,0.789166666666667,0.740416666666667,0,0,NA,0,36.9691780821918,0,NA,NA,NA,NA,NA,NA,NA
"Helical channels","irregular_z","patch",3,162,3,12000,"primary","SpaGCN refine",0.746166666666667,0.253083522619882,0.746942470345926,0.705479452054795,0.705479452054795,0.75125,0.744895833333333,0.0200133422281521,0.0119973339257943,0.135135135135135,0.037,36.9691780821918,0.0259999999999962,NA,NA,NA,NA,NA,NA,NA
"Helical channels","irregular_z","patch",3,162,3,12000,"primary","GraphST refine",0.743833333333333,0.022796409553538,0.25405821753962,0.0830564784053156,0.0924657534246575,0.542083333333333,0.794270833333333,0.275850567044696,0.100311041990669,0.250530142381097,0.275083333333333,36.9691780821918,0.132000000000005,NA,NA,NA,NA,NA,NA,NA
"Helical channels","irregular_z","patch",3,162,3,12000,"primary","Potts-like ICM",0.730833333333333,0.192786565033992,0.632931514959436,0.571428571428571,0.626712328767123,0.704583333333333,0.737395833333333,0.00767178118745831,0.0283270384359031,0.0807017543859649,0.02375,36.9691780821918,0.0609999999999999,NA,NA,NA,NA,NA,NA,NA
"Helical channels","irregular_z","random",1,163,1,12000,"primary","Initial",0.75,0.26285645348024,0.749741207894584,0.723247232472325,0.755905511811024,0.74125,0.7521875,0,0,NA,0,42.8385826771654,0,NA,NA,NA,NA,NA,NA,NA
"Helical channels","irregular_z","random",1,163,1,12000,"primary","SpaGCN refine",0.929,0.6608818605965,0.855110767774514,0.802768166089965,0.826771653543307,0.845416666666667,0.949895833333333,0.744666666666667,0.00955555555555555,0.953071672354949,0.195333333333333,42.8385826771654,0.0320000000000036,NA,NA,NA,NA,NA,NA,NA
"Helical channels","irregular_z","random",1,163,1,12000,"primary","GraphST refine",0.955166666666667,0.661064775528706,0.647108959000603,0.519031141868512,0.547244094488189,0.789166666666667,0.996666666666667,0.958,0.0457777777777778,0.853072128227961,0.28075,42.8385826771654,0.139000000000003,NA,NA,NA,NA,NA,NA,NA
"Helical channels","irregular_z","random",1,163,1,12000,"primary","Potts-like ICM",0.966416666666667,0.827349910308364,0.787410924212782,0.693726937269373,0.744094488188976,0.84,0.998020833333333,0.905333333333333,0.0132222222222222,0.949982511367611,0.23825,42.8385826771654,0.0760000000000005,NA,NA,NA,NA,NA,NA,NA
"Helical channels","irregular_z","random",2,164,1,12000,"primary","Initial",0.75,0.265793830378662,0.746484714877847,0.721476510067114,0.721830985915493,0.755416666666667,0.748645833333333,0,0,NA,0,38.1267605633803,0,NA,NA,NA,NA,NA,NA,NA
"Helical channels","irregular_z","random",2,164,1,12000,"primary","SpaGCN refine",0.928333333333333,0.658648659145352,0.839840318419028,0.778523489932886,0.788732394366197,0.847083333333333,0.948645833333333,0.743666666666667,0.0101111111111111,0.950170357751278,0.195666666666667,38.1267605633803,0.0330000000000013,NA,NA,NA,NA,NA,NA,NA
"Helical channels","irregular_z","random",2,164,1,12000,"primary","GraphST refine",0.954,0.671506793210618,0.661222134746883,0.528169014084507,0.528169014084507,0.784166666666667,0.996458333333333,0.953,0.0456666666666667,0.854197789064834,0.278916666666667,38.1267605633803,0.140999999999998,NA,NA,NA,NA,NA,NA,NA
"Helical channels","irregular_z","random",2,164,1,12000,"primary","Potts-like ICM",0.963833333333333,0.800871898262698,0.781472415423428,0.681660899653979,0.707746478873239,0.83375,0.996354166666667,0.909666666666667,0.0181111111111111,0.932035519125683,0.244,38.1267605633803,0.0900000000000034,NA,NA,NA,NA,NA,NA,NA
"Helical channels","irregular_z","random",3,165,3,12000,"primary","Initial",0.750083333333333,0.262696657456642,0.748879967557722,0.726937269372694,0.726937269372694,0.752916666666667,0.749375,0,0,NA,0,39.9594095940959,0,NA,NA,NA,NA,NA,NA,NA
"Helical channels","irregular_z","random",3,165,3,12000,"primary","SpaGCN refine",0.920583333333333,0.624143465713333,0.819526833588571,0.752767527675277,0.752767527675277,0.835833333333333,0.941770833333333,0.716905635211737,0.0115542717475836,0.940096195889812,0.190583333333333,39.9594095940959,0.0259999999999962,NA,NA,NA,NA,NA,NA,NA
"Helical channels","irregular_z","random",3,165,3,12000,"primary","GraphST refine",0.907583333333333,0.0985889579679319,0.247612106145812,0,0,0.63,0.976979166666667,0.90863621207069,0.0927674702810799,0.734303422258151,0.30925,39.9594095940959,0.136000000000003,NA,NA,NA,NA,NA,NA,NA
"Helical channels","irregular_z","random",3,165,3,12000,"primary","Potts-like ICM",0.941,0.638401147528296,0.60093959256006,0.335793357933579,0.335793357933579,0.762083333333333,0.985729166666667,0.869289763254418,0.0351072103099656,0.873074346952445,0.248833333333333,39.9594095940959,0.0609999999999999,NA,NA,NA,NA,NA,NA,NA
"Helical channels","irregular_z","region",1,166,1,12000,"primary","Initial",0.75,0.317211401284792,0.728575564456637,0.570446735395189,0.861940298507463,0.735416666666667,0.753645833333333,0,0,NA,0,40.4216417910448,0,NA,NA,NA,NA,NA,NA,NA
"Helical channels","irregular_z","region",1,166,1,12000,"primary","SpaGCN refine",0.743166666666667,0.297645769313143,0.70248136433979,0.542955326460481,0.805970149253731,0.704166666666667,0.752916666666667,0.00633333333333333,0.0112222222222222,0.147286821705426,0.01075,40.4216417910448,0.0309999999999988,NA,NA,NA,NA,NA,NA,NA
"Helical channels","irregular_z","region",1,166,1,12000,"primary","GraphST refine",0.720916666666667,0.203212781291725,0.529997071266861,0.261168384879725,0.447761194029851,0.608333333333333,0.7490625,0.0343333333333333,0.0502222222222222,0.179130434782609,0.0479166666666667,40.4216417910448,0.137,NA,NA,NA,NA,NA,NA,NA
"Helical channels","irregular_z","region",1,166,1,12000,"primary","Potts-like ICM",0.737833333333333,0.274558087266341,0.650969498609168,0.487972508591065,0.671641791044776,0.6825,0.751666666666667,0.00533333333333333,0.018,0.0883977900552486,0.0150833333333333,40.4216417910448,0.078000000000003,NA,NA,NA,NA,NA,NA,NA
"Helical channels","irregular_z","region",2,167,1,12000,"primary","Initial",0.75,0.320260675260049,0.621778253337457,0.425373134328358,0.425373134328358,0.618333333333333,0.782916666666667,0,0,NA,0,40.4365671641791,0,NA,NA,NA,NA,NA,NA,NA
"Helical channels","irregular_z","region",2,167,1,12000,"primary","SpaGCN refine",0.7465,0.307588740003027,0.606101172459662,0.395522388059701,0.395522388059701,0.600833333333333,0.782916666666667,0.0116666666666667,0.00855555555555556,0.284552845528455,0.01025,40.4365671641791,0.0309999999999988,NA,NA,NA,NA,NA,NA,NA
"Helical channels","irregular_z","region",2,167,1,12000,"primary","GraphST refine",0.723,0.209398276547008,0.481671146325703,0.220149253731343,0.220149253731343,0.525833333333333,0.772291666666667,0.0483333333333333,0.0521111111111111,0.233118971061093,0.0518333333333333,40.4365671641791,0.137,NA,NA,NA,NA,NA,NA,NA
"Helical channels","irregular_z","region",2,167,1,12000,"primary","Potts-like ICM",0.742583333333333,0.285449357417801,0.57244855253974,0.317164179104478,0.317164179104478,0.5825,0.782604166666667,0.0166666666666667,0.0154444444444444,0.260416666666667,0.016,40.4365671641791,0.0769999999999982,NA,NA,NA,NA,NA,NA,NA
"Helical channels","irregular_z","region",3,168,3,12000,"primary","Initial",0.750083333333333,0.296379417327815,0.726379440007839,0.675675675675676,0.716783216783217,0.715416666666667,0.75875,0,0,NA,0,37.8671328671329,0,NA,NA,NA,NA,NA,NA,NA
"Helical channels","irregular_z","region",3,168,3,12000,"primary","SpaGCN refine",0.742083333333333,0.274448493712585,0.690504846181404,0.631756756756757,0.657342657342657,0.68125,0.757291666666667,0.0106702234078026,0.0142206421508721,0.186046511627907,0.0143333333333333,37.8671328671329,0.0279999999999987,NA,NA,NA,NA,NA,NA,NA
"Helical channels","irregular_z","region",3,168,3,12000,"primary","GraphST refine",0.69075,0.0354215312258827,0.250306106210839,0.013986013986014,0.013986013986014,0.4725,0.7453125,0.0766922307435812,0.104655038329075,0.194915254237288,0.0983333333333333,37.8671328671329,0.134,NA,NA,NA,NA,NA,NA,NA
"Helical channels","irregular_z","region",3,168,3,12000,"primary","Potts-like ICM",0.72625,0.205728689149956,0.550448598957056,0.432432432432432,0.482517482517482,0.616666666666667,0.753645833333333,0.0166722240746916,0.0373291856460393,0.129198966408269,0.03225,37.8671328671329,0.0609999999999999,NA,NA,NA,NA,NA,NA,NA
"Helical channels","uniform","boundary",1,169,1,12000,"primary","Initial",0.75,0.267591409966178,0.260894267681151,0.106583072100313,0.123287671232877,0,0.9375,0,0,NA,0,36.8869863013699,0,NA,NA,NA,NA,NA,NA,NA
"Helical channels","uniform","boundary",1,169,1,12000,"primary","SpaGCN refine",0.786166666666667,0.341060240437777,0.262054593982605,0.0914826498422713,0.11986301369863,0.117083333333333,0.9534375,0.154,0.00311111111111111,0.753670473083197,0.0510833333333333,36.8869863013699,0.177999999999997,NA,NA,NA,NA,NA,NA,NA
"Helical channels","uniform","boundary",1,169,1,12000,"primary","GraphST refine",0.893583333333333,0.0541021870967335,0.200999773879185,0,0.00342465753424658,0.59375,0.968541666666667,0.631,0.0188888888888889,0.691128148959474,0.22825,36.8869863013699,0.180999999999997,NA,NA,NA,NA,NA,NA,NA
"Helical channels","uniform","boundary",1,169,1,12000,"primary","Potts-like ICM",0.813166666666667,0.304573060791242,0.260640843210682,0.0595611285266458,0.106164383561644,0.23125,0.958645833333333,0.260333333333333,0.00255555555555556,0.8076525336091,0.0805833333333333,36.8869863013699,0.0910000000000011,NA,NA,NA,NA,NA,NA,NA
"Helical channels","uniform","boundary",2,170,1,12000,"primary","Initial",0.75,0.257209516469309,0.260831347038109,0.104761904761905,0.109634551495017,0,0.9375,0,0,NA,0,35.7574750830565,0,NA,NA,NA,NA,NA,NA,NA
"Helical channels","uniform","boundary",2,170,1,12000,"primary","SpaGCN refine",0.787916666666667,0.324570853099906,0.26873527873903,0.0984126984126984,0.116279069767442,0.130416666666667,0.952291666666667,0.159666666666667,0.00266666666666667,0.744945567651633,0.0535833333333333,35.7574750830565,0.0360000000000014,NA,NA,NA,NA,NA,NA,NA
"Helical channels","uniform","boundary",2,170,1,12000,"primary","GraphST refine",0.891583333333333,0.0457148901813679,0.20137911791218,0,0.00996677740863787,0.589583333333333,0.967083333333333,0.622333333333333,0.0186666666666667,0.690969652109549,0.225166666666667,35.7574750830565,0.460000000000001,NA,NA,NA,NA,NA,NA,NA
"Helical channels","uniform","boundary",2,170,1,12000,"primary","Potts-like ICM",0.813333333333333,0.299468187040915,0.255605176941557,0.0666666666666667,0.102990033222591,0.24125,0.956354166666667,0.263666666666667,0.00344444444444444,0.820539419087137,0.0803333333333333,35.7574750830565,0.0970000000000013,NA,NA,NA,NA,NA,NA,NA
"Helical channels","uniform","boundary",3,171,3,12000,"primary","Initial",0.750083333333333,0.260948325432175,0.253484578827357,0.101045296167247,0.101045296167247,0,0.937604166666667,0,0,NA,0,37.5226480836237,0,NA,NA,NA,NA,NA,NA,NA
"Helical channels","uniform","boundary",3,171,3,12000,"primary","SpaGCN refine",0.801916666666667,0.320766031926037,0.2475119092781,0.0766550522648084,0.0766550522648084,0.193333333333333,0.9540625,0.224074691563855,0.00555493834018442,0.776878612716763,0.0720833333333333,37.5226480836237,0.027000000000001,NA,NA,NA,NA,NA,NA,NA
"Helical channels","uniform","boundary",3,171,3,12000,"primary","GraphST refine",0.8975,0.00867898630550562,0.203920518793726,0,0,0.60625,0.9703125,0.635545181727242,0.0152205310521053,0.708813685384901,0.224083333333333,37.5226480836237,0.120000000000005,NA,NA,NA,NA,NA,NA,NA
"Helical channels","uniform","boundary",3,171,3,12000,"primary","Potts-like ICM",0.8465,0.231583387005714,0.230531244643553,0.0313588850174216,0.0313588850174216,0.380416666666667,0.963020833333333,0.409136378792931,0.00777691367625819,0.744990892531876,0.13725,37.5226480836237,0.0670000000000002,NA,NA,NA,NA,NA,NA,NA
"Helical channels","uniform","patch",1,172,1,12000,"primary","Initial",0.75,0.278005106013198,0.78144282013794,0.730897009966777,0.859531772575251,0.794583333333333,0.738854166666667,0,0,NA,0,35.9933110367893,0,NA,NA,NA,NA,NA,NA,NA
"Helical channels","uniform","patch",1,172,1,12000,"primary","SpaGCN refine",0.746916666666667,0.256046438001009,0.718522528030738,0.617940199335548,0.792642140468227,0.750833333333333,0.7459375,0.031,0.0144444444444444,0.188259109311741,0.0411666666666667,35.9933110367893,0.0399999999999991,NA,NA,NA,NA,NA,NA,NA
"Helical channels","uniform","patch",1,172,1,12000,"primary","GraphST refine",0.739333333333333,-0.0230289379256108,0.192952357483703,0.00303951367781155,0.0568561872909699,0.524583333333333,0.793020833333333,0.283666666666667,0.108777777777778,0.251180637544274,0.282333333333333,35.9933110367893,0.166000000000004,NA,NA,NA,NA,NA,NA,NA
"Helical channels","uniform","patch",1,172,1,12000,"primary","Potts-like ICM",0.683083333333333,-0.00132925868404976,0.249424059407806,0.0668693009118541,0.193979933110368,0.51875,0.724166666666667,0.00933333333333333,0.0923333333333333,0.0324074074074074,0.072,35.9933110367893,0.109999999999999,NA,NA,NA,NA,NA,NA,NA
"Helical channels","uniform","patch",2,173,1,12000,"primary","Initial",0.75,0.271012706734756,0.80452564207295,0.742293807275757,0.826086956521739,0.7925,0.739375,0,0,NA,0,39.1413043478261,0,NA,NA,NA,NA,NA,NA,NA
"Helical channels","uniform","patch",2,173,1,12000,"primary","SpaGCN refine",0.745583333333333,0.249417671864836,0.747998967277223,0.731884057971015,0.731884057971015,0.752916666666667,0.74375,0.0193333333333333,0.0123333333333333,0.129464285714286,0.0373333333333333,39.1413043478261,0.0319999999999965,NA,NA,NA,NA,NA,NA,NA
"Helical channels","uniform","patch",2,173,1,12000,"primary","GraphST refine",0.731,-0.0198199755367742,0.20151106822435,0.0301003344481605,0.0688405797101449,0.520833333333333,0.783541666666667,0.248666666666667,0.108222222222222,0.223621103117506,0.278,39.1413043478261,0.259,NA,NA,NA,NA,NA,NA,NA
"Helical channels","uniform","patch",2,173,1,12000,"primary","Potts-like ICM",0.688083333333333,0.0155754880456638,0.298028806463965,0.105084745762712,0.264492753623188,0.540416666666667,0.725,0.00766666666666667,0.0851111111111111,0.0290037831021438,0.0660833333333333,39.1413043478261,0.168999999999997,NA,NA,NA,NA,NA,NA,NA
"Helical channels","uniform","patch",3,174,3,12000,"primary","Initial",0.750083333333333,0.278037814536652,0.732654413920481,0.708196721311475,0.708196721311475,0.739583333333333,0.752708333333333,0,0,NA,0,35.1770491803279,0,NA,NA,NA,NA,NA,NA,NA
"Helical channels","uniform","patch",3,174,3,12000,"primary","SpaGCN refine",0.737,0.214973023724702,0.592162835159405,0.540983606557377,0.540983606557377,0.659583333333333,0.756354166666667,0.0326775591863955,0.0283301855349406,0.174377224199288,0.0468333333333333,35.1770491803279,0.0279999999999987,NA,NA,NA,NA,NA,NA,NA
"Helical channels","uniform","patch",3,174,3,12000,"primary","GraphST refine",0.756833333333333,-0.014212768290686,0.196466870273865,0.0162337662337662,0.0262295081967213,0.52,0.816041666666667,0.338112704234745,0.103655149427841,0.298410829899941,0.283166666666667,35.1770491803279,0.121000000000002,NA,NA,NA,NA,NA,NA,NA
"Helical channels","uniform","patch",3,174,3,12000,"primary","Potts-like ICM",0.685,-0.00669390853964245,0.214657621694554,0.0262295081967213,0.0262295081967213,0.481666666666667,0.735833333333333,0.0140046682227409,0.0914342850794356,0.0482204362801378,0.0725833333333333,35.1770491803279,0.0940000000000012,NA,NA,NA,NA,NA,NA,NA
"Helical channels","uniform","random",1,175,1,12000,"primary","Initial",0.75,0.265949493489415,0.764818951589481,0.744897959183674,0.762962962962963,0.75875,0.7478125,0,0,NA,0,40.1592592592593,0,NA,NA,NA,NA,NA,NA,NA
"Helical channels","uniform","random",1,175,1,12000,"primary","SpaGCN refine",0.91275,0.582662642125606,0.77069752348043,0.697278911564626,0.718518518518519,0.805416666666667,0.939583333333333,0.696666666666667,0.0152222222222222,0.9130624726955,0.19075,40.1592592592593,0.0420000000000016,NA,NA,NA,NA,NA,NA,NA
"Helical channels","uniform","random",1,175,1,12000,"primary","GraphST refine",0.903416666666667,0.0125577340899906,0.206619314003872,0,0.0111111111111111,0.626666666666667,0.972604166666667,0.911666666666667,0.0993333333333333,0.721826339403537,0.31575,40.1592592592593,0.150999999999996,NA,NA,NA,NA,NA,NA,NA
"Helical channels","uniform","random",1,175,1,12000,"primary","Potts-like ICM",0.917583333333333,0.343070824788409,0.369338574271448,0.122448979591837,0.188888888888889,0.684166666666667,0.9759375,0.885333333333333,0.0716666666666667,0.778657285253591,0.28425,40.1592592592593,0.0850000000000009,NA,NA,NA,NA,NA,NA,NA
"Helical channels","uniform","random",2,176,1,12000,"primary","Initial",0.75,0.26027194522428,0.738863683994738,0.719723183391003,0.726235741444867,0.74875,0.7503125,0,0,NA,0,41.3346007604563,0,NA,NA,NA,NA,NA,NA,NA
"Helical channels","uniform","random",2,176,1,12000,"primary","SpaGCN refine",0.9185,0.611613709513907,0.757667553496582,0.691489361702128,0.692015209125475,0.803333333333333,0.947291666666667,0.72,0.0153333333333333,0.922288642186166,0.195166666666667,41.3346007604563,0.0480000000000018,NA,NA,NA,NA,NA,NA,NA
"Helical channels","uniform","random",2,176,1,12000,"primary","GraphST refine",0.905583333333333,0.0229924867573943,0.211991774442788,0,0.00760456273764259,0.622916666666667,0.97625,0.902333333333333,0.0933333333333333,0.727492609513572,0.310083333333333,41.3346007604563,0.254999999999995,NA,NA,NA,NA,NA,NA,NA
"Helical channels","uniform","random",2,176,1,12000,"primary","Potts-like ICM",0.91775,0.308823216639589,0.347257013398462,0.0780141843971631,0.186311787072243,0.670833333333333,0.979479166666667,0.877666666666667,0.0688888888888889,0.777843426883309,0.282083333333333,41.3346007604563,0.189,NA,NA,NA,NA,NA,NA,NA
"Helical channels","uniform","random",3,177,3,12000,"primary","Initial",0.750083333333333,0.262896128275204,0.750958583330182,0.721476510067114,0.737037037037037,0.750833333333333,0.749895833333333,0,0,NA,0,40.2185185185185,0,NA,NA,NA,NA,NA,NA,NA
"Helical channels","uniform","random",3,177,3,12000,"primary","SpaGCN refine",0.898583333333333,0.498111539556794,0.666049912198924,0.562962962962963,0.562962962962963,0.762083333333333,0.932708333333333,0.674224741580527,0.0266637040328852,0.864841745081266,0.194833333333333,40.2185185185185,0.0539999999999878,NA,NA,NA,NA,NA,NA,NA
"Helical channels","uniform","random",3,177,3,12000,"primary","GraphST refine",0.904833333333333,-0.000156039479057278,0.199981582097799,0,0,0.63,0.973541666666667,0.904968322774258,0.095211643150761,0.725280598610369,0.311833333333333,40.2185185185185,0.179000000000002,NA,NA,NA,NA,NA,NA,NA
"Helical channels","uniform","random",3,177,3,12000,"primary","Potts-like ICM",0.907166666666667,0.111168107814286,0.245060956288559,0.032258064516129,0.0444444444444444,0.64125,0.973645833333333,0.892297432477492,0.0878791245417176,0.739635157545605,0.3015,40.2185185185185,0.0729999999999933,NA,NA,NA,NA,NA,NA,NA
"Helical channels","uniform","region",1,178,1,12000,"primary","Initial",0.75,0.329905613183179,0.762978512602344,0.684375,0.83453237410072,0.759583333333333,0.747604166666667,0,0,NA,0,38.7661870503597,0,NA,NA,NA,NA,NA,NA,NA
"Helical channels","uniform","region",1,178,1,12000,"primary","SpaGCN refine",0.740583333333333,0.294986299837804,0.709767509487726,0.615625,0.719424460431655,0.715833333333333,0.746770833333333,0.009,0.0155555555555556,0.158823529411765,0.0141666666666667,38.7661870503597,0.0590000000000046,NA,NA,NA,NA,NA,NA,NA
"Helical channels","uniform","region",1,178,1,12000,"primary","GraphST refine",0.675666666666667,-0.00222910043882661,0.211408618735995,0,0,0.485416666666667,0.723229166666667,0.0416666666666667,0.113,0.108979947689625,0.0955833333333333,38.7661870503597,0.197000000000003,NA,NA,NA,NA,NA,NA,NA
"Helical channels","uniform","region",1,178,1,12000,"primary","Potts-like ICM",0.69075,0.0658979129888604,0.300310887919746,0.0971223021582734,0.0971223021582734,0.528333333333333,0.731354166666667,0.0223333333333333,0.0864444444444444,0.0792899408284024,0.0704166666666667,38.7661870503597,0.113,NA,NA,NA,NA,NA,NA,NA
"Helical channels","uniform","region",2,179,1,12000,"primary","Initial",0.75,0.323513040496443,0.772841411984956,0.719594594594595,0.830508474576271,0.787916666666667,0.740520833333333,0,0,NA,0,36.5254237288136,0,NA,NA,NA,NA,NA,NA,NA
"Helical channels","uniform","region",2,179,1,12000,"primary","SpaGCN refine",0.741916666666667,0.294176488396881,0.727039816794272,0.638513513513513,0.745762711864407,0.74625,0.740833333333333,0.0103333333333333,0.0142222222222222,0.190184049079755,0.0135833333333333,36.5254237288136,0.0730000000000004,NA,NA,NA,NA,NA,NA,NA
"Helical channels","uniform","region",2,179,1,12000,"primary","GraphST refine",0.67325,-0.00244681834551831,0.212855428842066,0,0.0101694915254237,0.498333333333333,0.716979166666667,0.0343333333333333,0.113777777777778,0.0912311780336581,0.0940833333333333,36.5254237288136,0.223999999999997,NA,NA,NA,NA,NA,NA,NA
"Helical channels","uniform","region",2,179,1,12000,"primary","Potts-like ICM",0.69325,0.0762566475571681,0.344427921408657,0.111486486486486,0.210169491525424,0.56375,0.725625,0.0213333333333333,0.0827777777777778,0.0791100123609394,0.0674166666666667,36.5254237288136,0.149999999999999,NA,NA,NA,NA,NA,NA,NA
"Helical channels","uniform","region",3,180,3,12000,"primary","Initial",0.750083333333333,0.310948392257766,0.739548345939466,0.704918032786885,0.71571906354515,0.742083333333333,0.752083333333333,0,0,NA,0,35.943143812709,0,NA,NA,NA,NA,NA,NA,NA
"Helical channels","uniform","region",3,180,3,12000,"primary","SpaGCN refine",0.73175,0.246430751594461,0.617861689789811,0.550769230769231,0.561872909698997,0.664166666666667,0.748645833333333,0.0146715571857286,0.0293300744361738,0.141479099678457,0.0259166666666667,35.943143812709,0.0360000000000014,NA,NA,NA,NA,NA,NA,NA
"Helical channels","uniform","region",3,180,3,12000,"primary","GraphST refine",0.677333333333333,0.0134904457976014,0.201602941185999,0,0.107023411371237,0.45375,0.733229166666667,0.0520173391130377,0.114320631040995,0.130543933054393,0.0995833333333333,35.943143812709,0.141999999999996,NA,NA,NA,NA,NA,NA,NA
"Helical channels","uniform","region",3,180,3,12000,"primary","Potts-like ICM",0.685916666666667,0.0390017493066246,0.250064433875547,0.0802469135802469,0.140468227424749,0.4875,0.735520833333333,0.0260086695565188,0.0942117542495278,0.084051724137931,0.0773333333333333,35.943143812709,0.0700000000000074,NA,NA,NA,NA,NA,NA,NA
"Thin folded sheets","class_imbalanced","boundary",1,181,1,12000,"primary","Initial",0.75,0.182747618695122,0.503235294593794,0.386666666666667,0.476190476190476,0,0.9375,0,0,NA,0,268.404761904762,0,NA,NA,NA,NA,NA,NA,NA
"Thin folded sheets","class_imbalanced","boundary",1,181,1,12000,"primary","SpaGCN refine",0.84425,0.310551420117289,0.498848383174661,0.346666666666667,0.428571428571429,0.362916666666667,0.964583333333333,0.385333333333333,0.00277777777777778,0.935275080906149,0.103,268.404761904762,0.0420000000000016,NA,NA,NA,NA,NA,NA,NA
"Thin folded sheets","class_imbalanced","boundary",1,181,1,12000,"primary","GraphST refine",0.9395,0.00242884457272022,0.200414937759336,0,0,0.870833333333333,0.956666666666667,0.863333333333333,0.0351111111111111,0.817034700315457,0.264166666666667,268.404761904762,0.304999999999993,NA,NA,NA,NA,NA,NA,NA
"Thin folded sheets","class_imbalanced","boundary",1,181,1,12000,"primary","Potts-like ICM",0.932083333333333,0.204090074856693,0.231099112714574,0,0,0.814583333333333,0.961458333333333,0.811333333333333,0.0276666666666667,0.841050449205252,0.241166666666667,268.404761904762,0.0819999999999936,NA,NA,NA,NA,NA,NA,NA
"Thin folded sheets","class_imbalanced","boundary",2,182,1,12000,"primary","Initial",0.75,0.480282185697165,0.765165807732646,0.728314864348491,0.736641221374046,0,0.9375,0,0,NA,0,9.98854961832061,0,NA,NA,NA,NA,NA,NA,NA
"Thin folded sheets","class_imbalanced","boundary",2,182,1,12000,"primary","SpaGCN refine",0.88575,0.751034714286126,0.875919661303923,0.801987767584098,0.854961832061069,0.571666666666667,0.964270833333333,0.584333333333333,0.0137777777777778,0.892566191446029,0.163666666666667,9.98854961832061,0.0310000000000059,NA,NA,NA,NA,NA,NA,NA
"Thin folded sheets","class_imbalanced","boundary",2,182,1,12000,"primary","GraphST refine",0.8935,0.876046637714156,0.75578220961713,0.188073394495413,0.593511450381679,0.930416666666667,0.884270833333333,0.930333333333333,0.118777777777778,0.695836449763151,0.33425,9.98854961832061,0.13300000000001,NA,NA,NA,NA,NA,NA,NA
"Thin folded sheets","class_imbalanced","boundary",2,182,1,12000,"primary","Potts-like ICM",0.910583333333333,0.873429837689151,0.813055302658916,0.25611620795107,0.809160305343511,0.9175,0.908854166666667,0.918,0.0918888888888889,0.750408719346049,0.305833333333333,9.98854961832061,0.0889999999999986,NA,NA,NA,NA,NA,NA,NA
"Thin folded sheets","class_imbalanced","boundary",3,183,3,12000,"primary","Initial",0.750083333333333,0.473164972289024,0.619121479641143,0.563380281690141,0.566666666666667,0,0.937604166666667,0,0,NA,0,142.383333333333,0,NA,NA,NA,NA,NA,NA,NA
"Thin folded sheets","class_imbalanced","boundary",3,183,3,12000,"primary","SpaGCN refine",0.842083333333333,0.623328301475888,0.539543594798109,0.25,0.25,0.400416666666667,0.9525,0.411137045681894,0.0143317409176758,0.81011826544021,0.126833333333333,142.383333333333,0.0309999999999917,NA,NA,NA,NA,NA,NA,NA
"Thin folded sheets","class_imbalanced","boundary",3,183,3,12000,"primary","GraphST refine",0.812333333333333,0.357694807779569,0.302490978966495,0,0,0.661666666666667,0.85,0.670890296765589,0.140539940006666,0.512480896586857,0.327166666666667,142.383333333333,0.13600000000001,NA,NA,NA,NA,NA,NA,NA
"Thin folded sheets","class_imbalanced","boundary",3,183,3,12000,"primary","Potts-like ICM",0.823083333333333,0.594965400350116,0.32876671083983,0,0,0.395416666666667,0.93,0.398799599866622,0.0355516053771803,0.717887154861945,0.138833333333333,142.383333333333,0.0660000000000025,NA,NA,NA,NA,NA,NA,NA
"Thin folded sheets","class_imbalanced","patch",1,184,1,12000,"primary","Initial",0.75,0.197242201368018,0.708685257490186,0.607843137254902,0.607843137254902,0.7,0.7625,0,0,NA,0,219.980392156863,0,NA,NA,NA,NA,NA,NA,NA
"Thin folded sheets","class_imbalanced","patch",1,184,1,12000,"primary","SpaGCN refine",0.740833333333333,0.130325509098017,0.381019883464405,0.0588235294117647,0.0588235294117647,0.6625,0.760416666666667,0.0336666666666667,0.0234444444444444,0.176265270506108,0.04775,219.980392156863,0.111000000000004,NA,NA,NA,NA,NA,NA,NA
"Thin folded sheets","class_imbalanced","patch",1,184,1,12000,"primary","GraphST refine",0.777333333333333,0.0135541700793754,0.193936843164104,0.0126582278481013,0.0588235294117647,0.695416666666667,0.7978125,0.3,0.0635555555555556,0.3,0.25,219.980392156863,0.173000000000002,NA,NA,NA,NA,NA,NA,NA
"Thin folded sheets","class_imbalanced","patch",1,184,1,12000,"primary","Potts-like ICM",0.711583333333333,-0.0130506201449812,0.191697563066404,0.0316455696202532,0.0392156862745098,0.620833333333333,0.734270833333333,0.0206666666666667,0.0581111111111111,0.10580204778157,0.0488333333333333,219.980392156863,0.195999999999998,NA,NA,NA,NA,NA,NA,NA
"Thin folded sheets","class_imbalanced","patch",2,185,1,12000,"primary","Initial",0.75,0.501587357341725,0.824912944564745,0.572563780844835,0.946236559139785,0.7175,0.758125,0,0,NA,0,58.989247311828,0,NA,NA,NA,NA,NA,NA,NA
"Thin folded sheets","class_imbalanced","patch",2,185,1,12000,"primary","SpaGCN refine",0.72675,0.457141628686349,0.646958329777587,0.311827956989247,0.311827956989247,0.651666666666667,0.745520833333333,0.025,0.0393333333333333,0.0949367088607595,0.0658333333333333,58.989247311828,0.0319999999999965,NA,NA,NA,NA,NA,NA,NA
"Thin folded sheets","class_imbalanced","patch",2,185,1,12000,"primary","GraphST refine",0.676083333333333,0.357034700150373,0.460498726763101,0.00531914893617021,0.010752688172043,0.640833333333333,0.684895833333333,0.203666666666667,0.166444444444444,0.165135135135135,0.308333333333333,58.989247311828,0.161000000000001,NA,NA,NA,NA,NA,NA,NA
"Thin folded sheets","class_imbalanced","patch",2,185,1,12000,"primary","Potts-like ICM",0.657583333333333,0.329873837050664,0.485903636173735,0.0797872340425532,0.10752688172043,0.610416666666667,0.669375,0.00933333333333333,0.126333333333333,0.0239111870196413,0.0975833333333333,58.989247311828,0.0819999999999936,NA,NA,NA,NA,NA,NA,NA
"Thin folded sheets","class_imbalanced","patch",3,186,3,12000,"primary","Initial",0.750083333333333,0.447497174074765,0.794586917585001,0.671578048259663,0.850340136054422,0.735833333333333,0.753645833333333,0,0,NA,0,31.8571428571429,0,NA,NA,NA,NA,NA,NA,NA
"Thin folded sheets","class_imbalanced","patch",3,186,3,12000,"primary","SpaGCN refine",0.71175,0.386969315496134,0.668200442395958,0.340136054421769,0.340136054421769,0.68875,0.7175,0.0353451150383461,0.0628819020108877,0.102713178294574,0.086,31.8571428571429,0.0349999999999966,NA,NA,NA,NA,NA,NA,NA
"Thin folded sheets","class_imbalanced","patch",3,186,3,12000,"primary","GraphST refine",0.648416666666667,0.326859026011382,0.521684967717925,0.0408163265306122,0.0408163265306122,0.690416666666667,0.637916666666667,0.230076692230744,0.212198644595045,0.176923076923077,0.325,31.8571428571429,0.131,NA,NA,NA,NA,NA,NA,NA
"Thin folded sheets","class_imbalanced","patch",3,186,3,12000,"primary","Potts-like ICM",0.639833333333333,0.307806451731177,0.567224833218354,0.102040816326531,0.102040816326531,0.675,0.631041666666667,0.0313437812604201,0.157426952560827,0.0490861618798956,0.159583333333333,31.8571428571429,0.0689999999999884,NA,NA,NA,NA,NA,NA,NA
"Thin folded sheets","class_imbalanced","random",1,187,1,12000,"primary","Initial",0.75,0.490538640854456,0.748344101966144,0.676056338028169,0.676056338028169,0.741666666666667,0.752083333333333,0,0,NA,0,78.2816901408451,0,NA,NA,NA,NA,NA,NA,NA
"Thin folded sheets","class_imbalanced","random",1,187,1,12000,"primary","SpaGCN refine",0.88725,0.734659119128845,0.737788781518394,0.380281690140845,0.380281690140845,0.83,0.9015625,0.648666666666667,0.0332222222222222,0.833047945205479,0.194666666666667,78.2816901408451,0.119,NA,NA,NA,NA,NA,NA,NA
"Thin folded sheets","class_imbalanced","random",1,187,1,12000,"primary","GraphST refine",0.83925,0.585056678295987,0.536498076768552,0,0,0.82625,0.8425,0.844,0.162333333333333,0.584487534626039,0.361,78.2816901408451,0.25200000000001,NA,NA,NA,NA,NA,NA,NA
"Thin folded sheets","class_imbalanced","random",1,187,1,12000,"primary","Potts-like ICM",0.83875,0.590747212362823,0.552111015862581,0,0,0.835833333333333,0.839479166666667,0.780666666666667,0.141888888888889,0.598976982097187,0.325833333333333,78.2816901408451,0.113,NA,NA,NA,NA,NA,NA,NA
"Thin folded sheets","class_imbalanced","random",2,188,1,12000,"primary","Initial",0.75,0.435162556804542,0.768133019063918,0.739299610894942,0.846153846153846,0.760416666666667,0.747395833333333,0,0,NA,0,132.353846153846,0,NA,NA,NA,NA,NA,NA,NA
"Thin folded sheets","class_imbalanced","random",2,188,1,12000,"primary","SpaGCN refine",0.896833333333333,0.713929979083749,0.629804349144466,0.353846153846154,0.353846153846154,0.815833333333333,0.917083333333333,0.673666666666667,0.0287777777777778,0.855630821337849,0.196833333333333,132.353846153846,0.0330000000000013,NA,NA,NA,NA,NA,NA,NA
"Thin folded sheets","class_imbalanced","random",2,188,1,12000,"primary","GraphST refine",0.88325,0.615985930773316,0.377612206696228,0,0,0.778333333333333,0.909479166666667,0.889333333333333,0.118777777777778,0.674759736975215,0.3295,132.353846153846,0.143000000000001,NA,NA,NA,NA,NA,NA,NA
"Thin folded sheets","class_imbalanced","random",2,188,1,12000,"primary","Potts-like ICM",0.887166666666667,0.647531417092812,0.376091467012714,0,0,0.79625,0.909895833333333,0.821666666666667,0.091,0.714285714285714,0.287583333333333,132.353846153846,0.0900000000000034,NA,NA,NA,NA,NA,NA,NA
"Thin folded sheets","class_imbalanced","random",3,189,3,12000,"primary","Initial",0.750083333333333,0.16940882210496,0.74271782277944,0.708333333333333,0.708333333333333,0.752083333333333,0.749583333333333,0,0,NA,0,236.770833333333,0,NA,NA,NA,NA,NA,NA,NA
"Thin folded sheets","class_imbalanced","random",3,189,3,12000,"primary","SpaGCN refine",0.914583333333333,0.294904279528104,0.420799410143551,0.166666666666667,0.166666666666667,0.857916666666667,0.92875,0.738579526508836,0.0267748027996889,0.879317189360857,0.209916666666667,236.770833333333,0.0279999999999916,NA,NA,NA,NA,NA,NA,NA
"Thin folded sheets","class_imbalanced","random",3,189,3,12000,"primary","GraphST refine",0.947083333333333,0,0.2,0,0,0.878333333333333,0.964270833333333,0.944648216072024,0.0521053216309299,0.834954317712938,0.28275,236.770833333333,0.126000000000005,NA,NA,NA,NA,NA,NA,NA
"Thin folded sheets","class_imbalanced","random",3,189,3,12000,"primary","Potts-like ICM",0.947083333333333,0.0160240991017061,0.202897085185599,0,0,0.878333333333333,0.964270833333333,0.942980993664555,0.0515498277969115,0.836191602602011,0.281833333333333,236.770833333333,0.0630000000000024,NA,NA,NA,NA,NA,NA,NA
"Thin folded sheets","class_imbalanced","region",1,190,1,12000,"primary","Initial",0.75,0.525634625125959,0.794682173433834,0.716819571865443,0.933734939759036,0.740833333333333,0.752291666666667,0,0,NA,0,19.6987951807229,0,NA,NA,NA,NA,NA,NA,NA
"Thin folded sheets","class_imbalanced","region",1,190,1,12000,"primary","SpaGCN refine",0.73175,0.515974143124201,0.752206131497147,0.605882352941176,0.933734939759036,0.71875,0.735,0.0466666666666667,0.0398888888888889,0.278884462151394,0.0418333333333333,19.6987951807229,0.034000000000006,NA,NA,NA,NA,NA,NA,NA
"Thin folded sheets","class_imbalanced","region",1,190,1,12000,"primary","GraphST refine",0.704416666666667,0.514345356941335,0.66558082484154,0.331372549019608,0.792168674698795,0.710416666666667,0.702916666666667,0.0773333333333333,0.0865555555555556,0.229022704837117,0.0844166666666667,19.6987951807229,0.141000000000005,NA,NA,NA,NA,NA,NA,NA
"Thin folded sheets","class_imbalanced","region",1,190,1,12000,"primary","Potts-like ICM",0.71375,0.519685751905777,0.705487561638756,0.397058823529412,0.912650602409639,0.719166666666667,0.712395833333333,0.063,0.0693333333333333,0.232472324723247,0.06775,19.6987951807229,0.078000000000003,NA,NA,NA,NA,NA,NA,NA
"Thin folded sheets","class_imbalanced","region",2,191,1,12000,"primary","Initial",0.75,0.535195644802949,0.791388007459876,0.498371335504886,1,0.755833333333333,0.748541666666667,0,0,NA,0,122.728571428571,0,NA,NA,NA,NA,NA,NA,NA
"Thin folded sheets","class_imbalanced","region",2,191,1,12000,"primary","SpaGCN refine",0.725416666666667,0.482582876953878,0.439108912455233,0.0857142857142857,0.0857142857142857,0.692083333333333,0.73375,0.00366666666666667,0.034,0.0345911949685535,0.0265,122.728571428571,0.0330000000000013,NA,NA,NA,NA,NA,NA,NA
"Thin folded sheets","class_imbalanced","region",2,191,1,12000,"primary","GraphST refine",0.656166666666667,0.338069490733945,0.269937668061979,0,0,0.5875,0.673333333333333,0.00866666666666667,0.128,0.0218303946263644,0.09925,122.728571428571,0.147999999999996,NA,NA,NA,NA,NA,NA,NA
"Thin folded sheets","class_imbalanced","region",2,191,1,12000,"primary","Potts-like ICM",0.691416666666667,0.406684884223143,0.288184350128948,0,0,0.63375,0.705833333333333,0.00133333333333333,0.0785555555555556,0.00562587904360056,0.05925,122.728571428571,0.0819999999999936,NA,NA,NA,NA,NA,NA,NA
"Thin folded sheets","class_imbalanced","region",3,192,3,12000,"primary","Initial",0.750083333333333,0.602124699993358,0.728106878239299,0.657992565055762,0.733333333333333,0.749166666666667,0.7503125,0,0,NA,0,58.1333333333333,0,NA,NA,NA,NA,NA,NA,NA
"Thin folded sheets","class_imbalanced","region",3,192,3,12000,"primary","SpaGCN refine",0.71075,0.514315623582856,0.596564075259043,0.345724907063197,0.447619047619048,0.675,0.7196875,0.021673891297099,0.0596600377735807,0.106732348111658,0.05075,58.1333333333333,0.0280000000000058,NA,NA,NA,NA,NA,NA,NA
"Thin folded sheets","class_imbalanced","region",3,192,3,12000,"primary","GraphST refine",0.564416666666667,0.256679862185224,0.442370299133239,0.130111524163569,0.266666666666667,0.585833333333333,0.5590625,0.0440146715571857,0.262193089656705,0.0518664047151277,0.212083333333333,58.1333333333333,0.120999999999995,NA,NA,NA,NA,NA,NA,NA
"Thin folded sheets","class_imbalanced","region",3,192,3,12000,"primary","Potts-like ICM",0.633416666666667,0.356527919516152,0.492588339784327,0.141263940520446,0.276190476190476,0.63375,0.633333333333333,0.0253417805935312,0.163981779802244,0.048284625158831,0.131166666666667,58.1333333333333,0.0619999999999976,NA,NA,NA,NA,NA,NA,NA
"Thin folded sheets","irregular_z","boundary",1,193,1,12000,"primary","Initial",0.75,0.50097753353063,0.62046946834486,0.524064171122995,0.564056939501779,0,0.9375,0,0,NA,0,14.8701067615658,0,NA,NA,NA,NA,NA,NA,NA
"Thin folded sheets","irregular_z","boundary",1,193,1,12000,"primary","SpaGCN refine",0.797916666666667,0.584893361782444,0.68556241230951,0.609625668449198,0.629893238434164,0.159583333333333,0.9575,0.202666666666667,0.00366666666666667,0.788586251621271,0.06425,14.8701067615658,0.0570000000000022,NA,NA,NA,NA,NA,NA,NA
"Thin folded sheets","irregular_z","boundary",1,193,1,12000,"primary","GraphST refine",0.919,0.763059840597956,0.849350040414551,0.745551601423488,0.745551601423488,0.685833333333333,0.977291666666667,0.722666666666667,0.0155555555555556,0.767977329082536,0.23525,14.8701067615658,0.147999999999996,NA,NA,NA,NA,NA,NA,NA
"Thin folded sheets","irregular_z","boundary",1,193,1,12000,"primary","Potts-like ICM",0.803666666666667,0.591461050214411,0.684096199865298,0.589572192513369,0.608540925266904,0.184583333333333,0.9584375,0.219333333333333,0.00155555555555556,0.90633608815427,0.0605,14.8701067615658,0.078000000000003,NA,NA,NA,NA,NA,NA,NA
"Thin folded sheets","irregular_z","boundary",2,194,1,12000,"primary","Initial",0.75,0.502040072608473,0.621480299711777,0.521563342318059,0.536363636363636,0,0.9375,0,0,NA,0,15.1927272727273,0,NA,NA,NA,NA,NA,NA,NA
"Thin folded sheets","irregular_z","boundary",2,194,1,12000,"primary","SpaGCN refine",0.793083333333333,0.576207019454946,0.685274998937666,0.606469002695418,0.609090909090909,0.149583333333333,0.953958333333333,0.182666666666667,0.00344444444444444,0.779516358463727,0.0585833333333333,15.1927272727273,0.0310000000000059,NA,NA,NA,NA,NA,NA,NA
"Thin folded sheets","irregular_z","boundary",2,194,1,12000,"primary","GraphST refine",0.92175,0.771908146051089,0.848774751869614,0.696363636363636,0.696363636363636,0.685,0.9809375,0.727333333333333,0.0134444444444444,0.76858048608665,0.236583333333333,15.1927272727273,0.131999999999991,NA,NA,NA,NA,NA,NA,NA
"Thin folded sheets","irregular_z","boundary",2,194,1,12000,"primary","Potts-like ICM",0.799083333333333,0.584833919271401,0.682021409060073,0.57277628032345,0.598181818181818,0.173333333333333,0.955520833333333,0.197333333333333,0.000333333333333333,0.91358024691358,0.054,15.1927272727273,0.0739999999999981,NA,NA,NA,NA,NA,NA,NA
"Thin folded sheets","irregular_z","boundary",3,195,3,12000,"primary","Initial",0.750083333333333,0.495892231822485,0.615945032205323,0.519756838905775,0.547709923664122,0,0.937604166666667,0,0,NA,0,16.3034351145038,0,NA,NA,NA,NA,NA,NA,NA
"Thin folded sheets","irregular_z","boundary",3,195,3,12000,"primary","SpaGCN refine",0.805666666666667,0.589619236153683,0.68806938986994,0.601823708206687,0.614503816793893,0.18875,0.959895833333333,0.228409469823274,0.00199977780246639,0.810650887573965,0.0704166666666667,16.3034351145038,0.0309999999999917,NA,NA,NA,NA,NA,NA,NA
"Thin folded sheets","irregular_z","boundary",3,195,3,12000,"primary","GraphST refine",0.838,0.508080563089677,0.597498884456775,0.282674772036474,0.370229007633588,0.588333333333333,0.900416666666667,0.612870956985662,0.0869903344072881,0.546698393813206,0.280166666666667,16.3034351145038,0.137,NA,NA,NA,NA,NA,NA,NA
"Thin folded sheets","irregular_z","boundary",3,195,3,12000,"primary","Potts-like ICM",0.794666666666667,0.562346298136272,0.643513826793252,0.50381679389313,0.50381679389313,0.1775,0.948958333333333,0.207069023007669,0.00955449394511721,0.739285714285714,0.07,16.3034351145038,0.0640000000000072,NA,NA,NA,NA,NA,NA,NA
"Thin folded sheets","irregular_z","patch",1,196,1,12000,"primary","Initial",0.75,0.430714271504237,0.787588240407232,0.725307183364839,0.736206896551724,0.784583333333333,0.741354166666667,0,0,NA,0,14.5931034482759,0,NA,NA,NA,NA,NA,NA,NA
"Thin folded sheets","irregular_z","patch",1,196,1,12000,"primary","SpaGCN refine",0.740333333333333,0.412796857419396,0.768735454042312,0.718965517241379,0.718965517241379,0.72,0.745416666666667,0.0213333333333333,0.02,0.11873840445269,0.0449166666666667,14.5931034482759,0.0309999999999917,NA,NA,NA,NA,NA,NA,NA
"Thin folded sheets","irregular_z","patch",1,196,1,12000,"primary","GraphST refine",0.743583333333333,0.417087771103198,0.730517420059828,0.644827586206897,0.644827586206897,0.593333333333333,0.781145833333333,0.214,0.0798888888888889,0.206896551724138,0.258583333333333,14.5931034482759,0.13900000000001,NA,NA,NA,NA,NA,NA,NA
"Thin folded sheets","irregular_z","patch",1,196,1,12000,"primary","Potts-like ICM",0.7265,0.385691942114931,0.751238418086962,0.682758620689655,0.682758620689655,0.675833333333333,0.739166666666667,0.00666666666666667,0.0335555555555556,0.056980056980057,0.02925,14.5931034482759,0.0720000000000027,NA,NA,NA,NA,NA,NA,NA
"Thin folded sheets","irregular_z","patch",2,197,1,12000,"primary","Initial",0.75,0.46598957648464,0.729147018575186,0.574730354391371,0.733459357277883,0.757916666666667,0.748020833333333,0,0,NA,0,15.9508506616257,0,NA,NA,NA,NA,NA,NA,NA
"Thin folded sheets","irregular_z","patch",2,197,1,12000,"primary","SpaGCN refine",0.74075,0.447815209186919,0.712316630143535,0.562403697996918,0.714555765595463,0.695,0.7521875,0.0183333333333333,0.0184444444444444,0.105769230769231,0.0433333333333333,15.9508506616257,0.0409999999999968,NA,NA,NA,NA,NA,NA,NA
"Thin folded sheets","irregular_z","patch",2,197,1,12000,"primary","GraphST refine",0.74225,0.439614438376574,0.648850670071191,0.525423728813559,0.559546313799622,0.557916666666667,0.788333333333333,0.230333333333333,0.0871111111111111,0.223841917719469,0.25725,15.9508506616257,0.454999999999998,NA,NA,NA,NA,NA,NA,NA
"Thin folded sheets","irregular_z","patch",2,197,1,12000,"primary","Potts-like ICM",0.725416666666667,0.41105451060697,0.689515636714506,0.544684129429892,0.655954631379962,0.641666666666667,0.746354166666667,0.0133333333333333,0.0372222222222222,0.0928074245939675,0.0359166666666667,15.9508506616257,0.120999999999995,NA,NA,NA,NA,NA,NA,NA
"Thin folded sheets","irregular_z","patch",3,198,3,12000,"primary","Initial",0.750083333333333,0.446934335872925,0.762727083970242,0.664586583463339,0.746641074856046,0.761666666666667,0.7471875,0,0,NA,0,16.1919385796545,0,NA,NA,NA,NA,NA,NA,NA
"Thin folded sheets","irregular_z","patch",3,198,3,12000,"primary","SpaGCN refine",0.74275,0.429888564785374,0.748810307877944,0.641185647425897,0.715930902111324,0.699583333333333,0.753541666666667,0.033677892630877,0.0209976669258971,0.178761061946903,0.0470833333333333,16.1919385796545,0.0250000000000057,NA,NA,NA,NA,NA,NA,NA
"Thin folded sheets","irregular_z","patch",3,198,3,12000,"primary","GraphST refine",0.69675,0.297476760705438,0.537242211485241,0.287907869481766,0.287907869481766,0.530833333333333,0.738229166666667,0.279759919973324,0.164315076102655,0.217132505175983,0.322,16.1919385796545,0.132999999999996,NA,NA,NA,NA,NA,NA,NA
"Thin folded sheets","irregular_z","patch",3,198,3,12000,"primary","Potts-like ICM",0.71825,0.377232178465422,0.69727308282464,0.583493282149712,0.583493282149712,0.6525,0.7346875,0.0186728909636546,0.0486612598600156,0.104672897196262,0.0445833333333333,16.1919385796545,0.0620000000000118,NA,NA,NA,NA,NA,NA,NA
"Thin folded sheets","irregular_z","random",1,199,1,12000,"primary","Initial",0.75,0.441940237855183,0.74896419818656,0.737057220708447,0.747232472324723,0.749166666666667,0.750208333333333,0,0,NA,0,15.5018450184502,0,NA,NA,NA,NA,NA,NA,NA
"Thin folded sheets","irregular_z","random",1,199,1,12000,"primary","SpaGCN refine",0.907,0.760229984746945,0.872236422913423,0.835793357933579,0.835793357933579,0.7825,0.938125,0.687666666666667,0.0198888888888889,0.89734667246629,0.191583333333333,15.5018450184502,0.0310000000000059,NA,NA,NA,NA,NA,NA,NA
"Thin folded sheets","irregular_z","random",1,199,1,12000,"primary","GraphST refine",0.918583333333333,0.755141466943312,0.845848061725545,0.747956403269755,0.771217712177122,0.69,0.975729166666667,0.916666666666667,0.0807777777777778,0.756533700137552,0.302916666666667,15.5018450184502,0.141999999999996,NA,NA,NA,NA,NA,NA,NA
"Thin folded sheets","irregular_z","random",1,199,1,12000,"primary","Potts-like ICM",0.93375,0.83080406345831,0.879386388883069,0.821525885558583,0.826568265682657,0.764583333333333,0.976041666666667,0.817666666666667,0.0275555555555556,0.888124547429399,0.230166666666667,15.5018450184502,0.078000000000003,NA,NA,NA,NA,NA,NA,NA
"Thin folded sheets","irregular_z","random",2,200,1,12000,"primary","Initial",0.75,0.452141786594009,0.739601817115558,0.716312056737589,0.716312056737589,0.745833333333333,0.751041666666667,0,0,NA,0,14.9734042553191,0,NA,NA,NA,NA,NA,NA,NA
"Thin folded sheets","irregular_z","random",2,200,1,12000,"primary","SpaGCN refine",0.911916666666667,0.776235402044989,0.874725433702522,0.796099290780142,0.796099290780142,0.794583333333333,0.94125,0.699,0.0171111111111111,0.910551454624403,0.191916666666667,14.9734042553191,0.0640000000000072,NA,NA,NA,NA,NA,NA,NA
"Thin folded sheets","irregular_z","random",2,200,1,12000,"primary","GraphST refine",0.92325,0.767991920511186,0.850503807457884,0.710992907801418,0.710992907801418,0.710833333333333,0.976354166666667,0.925,0.0773333333333333,0.768911055694098,0.30075,14.9734042553191,0.480999999999995,NA,NA,NA,NA,NA,NA,NA
"Thin folded sheets","irregular_z","random",2,200,1,12000,"primary","Potts-like ICM",0.936583333333333,0.839275207728751,0.879044608559484,0.806737588652482,0.806737588652482,0.771666666666667,0.9778125,0.825666666666667,0.0264444444444444,0.895193350198771,0.230583333333333,14.9734042553191,0.155000000000001,NA,NA,NA,NA,NA,NA,NA
"Thin folded sheets","irregular_z","random",3,201,3,12000,"primary","Initial",0.750083333333333,0.445944928105825,0.753665335190975,0.745674740484429,0.745674740484429,0.758333333333333,0.748020833333333,0,0,NA,0,14.6470588235294,0,NA,NA,NA,NA,NA,NA,NA
"Thin folded sheets","irregular_z","random",3,201,3,12000,"primary","SpaGCN refine",0.897583333333333,0.738411374343361,0.86709535789256,0.842560553633218,0.842560553633218,0.777916666666667,0.9275,0.662887629209737,0.0242195311632041,0.871929824561404,0.19,14.6470588235294,0.0480000000000018,NA,NA,NA,NA,NA,NA,NA
"Thin folded sheets","irregular_z","random",3,201,3,12000,"primary","GraphST refine",0.83925,0.521774128578417,0.649380561453305,0.337192474674385,0.484429065743945,0.605416666666667,0.897708333333333,0.844948316105368,0.1626485946006,0.591365227537923,0.357083333333333,14.6470588235294,0.156999999999996,NA,NA,NA,NA,NA,NA,NA
"Thin folded sheets","irregular_z","random",3,201,3,12000,"primary","Potts-like ICM",0.903583333333333,0.755525650250115,0.834869534023541,0.738754325259516,0.738754325259516,0.74875,0.942291666666667,0.727242414138046,0.0376624819464504,0.842410196987254,0.21575,14.6470588235294,0.0740000000000123,NA,NA,NA,NA,NA,NA,NA
"Thin folded sheets","irregular_z","region",1,202,1,12000,"primary","Initial",0.75,0.495575749849943,0.726197847480784,0.173184357541899,0.173184357541899,0.757083333333333,0.748229166666667,0,0,NA,0,15.6554934823091,0,NA,NA,NA,NA,NA,NA,NA
"Thin folded sheets","irregular_z","region",1,202,1,12000,"primary","SpaGCN refine",0.738333333333333,0.467334906430524,0.709176651186693,0.150837988826816,0.150837988826816,0.704583333333333,0.746770833333333,0.012,0.0195555555555556,0.136363636363636,0.022,15.6554934823091,0.0390000000000015,NA,NA,NA,NA,NA,NA,NA
"Thin folded sheets","irregular_z","region",1,202,1,12000,"primary","GraphST refine",0.7045,0.387794232055295,0.652135125264822,0.0297951582867784,0.0297951582867784,0.57375,0.7371875,0.0686666666666667,0.0835555555555555,0.18491921005386,0.0928333333333333,15.6554934823091,0.144999999999996,NA,NA,NA,NA,NA,NA,NA
"Thin folded sheets","irregular_z","region",1,202,1,12000,"primary","Potts-like ICM",0.727583333333333,0.448926389974808,0.690992381598484,0.126629422718808,0.126629422718808,0.66375,0.743541666666667,0.008,0.0325555555555556,0.0754716981132075,0.0265,15.6554934823091,0.0750000000000028,NA,NA,NA,NA,NA,NA,NA
"Thin folded sheets","irregular_z","region",2,203,1,12000,"primary","Initial",0.75,0.516210421310062,0.742223651915515,0.54468802698145,0.54468802698145,0.736666666666667,0.753333333333333,0,0,NA,0,14.0961214165261,0,NA,NA,NA,NA,NA,NA,NA
"Thin folded sheets","irregular_z","region",2,203,1,12000,"primary","SpaGCN refine",0.73575,0.482202096109529,0.722235392232354,0.510961214165261,0.510961214165261,0.672083333333333,0.751666666666667,0.006,0.021,0.081447963800905,0.0184166666666667,14.0961214165261,0.0470000000000113,NA,NA,NA,NA,NA,NA,NA
"Thin folded sheets","irregular_z","region",2,203,1,12000,"primary","GraphST refine",0.69925,0.394044699252205,0.683826662032793,0.416526138279933,0.416526138279933,0.537083333333333,0.739791666666667,0.0483333333333333,0.0837777777777778,0.153439153439153,0.07875,14.0961214165261,0.164000000000001,NA,NA,NA,NA,NA,NA,NA
"Thin folded sheets","irregular_z","region",2,203,1,12000,"primary","Potts-like ICM",0.7285,0.470065791110204,0.70697180067804,0.48397976391231,0.48397976391231,0.642916666666667,0.749895833333333,0.00366666666666667,0.0298888888888889,0.0392857142857143,0.0233333333333333,14.0961214165261,0.0729999999999933,NA,NA,NA,NA,NA,NA,NA
"Thin folded sheets","irregular_z","region",3,204,3,12000,"primary","Initial",0.750083333333333,0.507108280172806,0.731546565861569,0.608277900960828,0.634862385321101,0.734583333333333,0.753958333333333,0,0,NA,0,15.3908256880734,0,NA,NA,NA,NA,NA,NA,NA
"Thin folded sheets","irregular_z","region",3,204,3,12000,"primary","SpaGCN refine",0.735333333333333,0.474234767202485,0.707093391988013,0.583887657058389,0.601834862385321,0.664166666666667,0.753125,0.0120040013337779,0.0236640373291856,0.126315789473684,0.02375,15.3908256880734,0.0360000000000014,NA,NA,NA,NA,NA,NA,NA
"Thin folded sheets","irregular_z","region",3,204,3,12000,"primary","GraphST refine",0.655583333333333,0.303475153467174,0.554978404560547,0.388990825688073,0.388990825688073,0.48,0.699479166666667,0.079026342114038,0.152316409287857,0.139740566037736,0.141333333333333,15.3908256880734,0.146000000000001,NA,NA,NA,NA,NA,NA,NA
"Thin folded sheets","irregular_z","region",3,204,3,12000,"primary","Potts-like ICM",0.720416666666667,0.441092527279435,0.681396278982607,0.552293577981651,0.552293577981651,0.629166666666667,0.743229166666667,0.0153384461487162,0.0446617042550828,0.101321585903084,0.0378333333333333,15.3908256880734,0.10499999999999,NA,NA,NA,NA,NA,NA,NA
"Thin folded sheets","uniform","boundary",1,205,1,12000,"primary","Initial",0.75,0.500828075108822,0.626774019340445,0.562091503267974,0.562091503267974,0,0.9375,0,0,NA,0,10.921568627451,0,NA,NA,NA,NA,NA,NA,NA
"Thin folded sheets","uniform","boundary",1,205,1,12000,"primary","SpaGCN refine",0.804,0.580399528309641,0.692274650130387,0.618300653594771,0.618300653594771,0.205416666666667,0.953645833333333,0.233666666666667,0.00588888888888889,0.773730684326711,0.0755,10.921568627451,0.034000000000006,NA,NA,NA,NA,NA,NA,NA
"Thin folded sheets","uniform","boundary",1,205,1,12000,"primary","GraphST refine",0.739666666666667,0.162888774549191,0.32952890638355,0.115032679738562,0.115032679738562,0.519583333333333,0.7946875,0.527333333333333,0.189555555555556,0.381388621022179,0.345666666666667,10.921568627451,0.138999999999996,NA,NA,NA,NA,NA,NA,NA
"Thin folded sheets","uniform","boundary",1,205,1,12000,"primary","Potts-like ICM",0.762333333333333,0.517513056198906,0.620085784678128,0.53202614379085,0.53202614379085,0.0654166666666667,0.9365625,0.072,0.00755555555555556,0.646706586826347,0.0278333333333333,10.921568627451,0.0829999999999984,NA,NA,NA,NA,NA,NA,NA
"Thin folded sheets","uniform","boundary",2,206,1,12000,"primary","Initial",0.75,0.499826860858898,0.624055730680419,0.555112881806109,0.576612903225806,0,0.9375,0,0,NA,0,11.3225806451613,0,NA,NA,NA,NA,NA,NA,NA
"Thin folded sheets","uniform","boundary",2,206,1,12000,"primary","SpaGCN refine",0.805666666666667,0.586910749006763,0.690204549677124,0.601593625498008,0.654569892473118,0.21375,0.953645833333333,0.237666666666667,0.005,0.802927927927928,0.074,11.3225806451613,0.0319999999999965,NA,NA,NA,NA,NA,NA,NA
"Thin folded sheets","uniform","boundary",2,206,1,12000,"primary","GraphST refine",0.737583333333333,0.136708316395291,0.303225585357123,0.0833333333333333,0.0833333333333333,0.522916666666667,0.79125,0.526333333333333,0.192,0.37883877159309,0.347333333333333,11.3225806451613,0.140999999999991,NA,NA,NA,NA,NA,NA,NA
"Thin folded sheets","uniform","boundary",2,206,1,12000,"primary","Potts-like ICM",0.762666666666667,0.509823426166958,0.602930141345791,0.495967741935484,0.495967741935484,0.0820833333333333,0.9328125,0.0906666666666667,0.0133333333333333,0.575052854122622,0.0394166666666667,11.3225806451613,0.0840000000000032,NA,NA,NA,NA,NA,NA,NA
"Thin folded sheets","uniform","boundary",3,207,3,12000,"primary","Initial",0.750083333333333,0.496559655473976,0.634548703481759,0.578592092574735,0.587765957446808,0,0.937604166666667,0,0,NA,0,11.1343085106383,0,NA,NA,NA,NA,NA,NA,NA
"Thin folded sheets","uniform","boundary",3,207,3,12000,"primary","SpaGCN refine",0.78825,0.535961705985857,0.648366338400872,0.56781914893617,0.56781914893617,0.19875,0.935625,0.213404468156052,0.0202199755582713,0.608943862987631,0.0875833333333333,11.1343085106383,0.0350000000000108,NA,NA,NA,NA,NA,NA,NA
"Thin folded sheets","uniform","boundary",3,207,3,12000,"primary","GraphST refine",0.697916666666667,0.000893147682854332,0.20070623305263,0,0,0.494166666666667,0.748854166666667,0.501500500166722,0.236640373291856,0.333111849390919,0.37625,11.1343085106383,0.122,NA,NA,NA,NA,NA,NA,NA
"Thin folded sheets","uniform","boundary",3,207,3,12000,"primary","Potts-like ICM",0.735333333333333,0.352105342643073,0.455390889386665,0.259308510638298,0.259308510638298,0.226666666666667,0.8625,0.231743914638213,0.0968781246528164,0.359730848861284,0.161,11.1343085106383,0.063999999999993,NA,NA,NA,NA,NA,NA,NA
"Thin folded sheets","uniform","patch",1,208,1,12000,"primary","Initial",0.75,0.454689758361853,0.743119374737802,0.386543535620053,0.386543535620053,0.73625,0.7534375,0,0,NA,0,11.0052770448549,0,NA,NA,NA,NA,NA,NA,NA
"Thin folded sheets","uniform","patch",1,208,1,12000,"primary","SpaGCN refine",0.74325,0.440763861971256,0.727447609264086,0.37598944591029,0.37598944591029,0.69125,0.75625,0.0236666666666667,0.0168888888888889,0.142857142857143,0.0414166666666667,11.0052770448549,0.0320000000000107,NA,NA,NA,NA,NA,NA,NA
"Thin folded sheets","uniform","patch",1,208,1,12000,"primary","GraphST refine",0.62625,0.166012743536924,0.364754730403307,0.12401055408971,0.12401055408971,0.45875,0.668125,0.181333333333333,0.225444444444444,0.12775951150775,0.354833333333333,11.0052770448549,0.147000000000006,NA,NA,NA,NA,NA,NA,NA
"Thin folded sheets","uniform","patch",1,208,1,12000,"primary","Potts-like ICM",0.720833333333333,0.389973766957964,0.674586718289983,0.33377308707124,0.33377308707124,0.671666666666667,0.733125,0.005,0.0405555555555556,0.038860103626943,0.0321666666666667,11.0052770448549,0.0829999999999984,NA,NA,NA,NA,NA,NA,NA
"Thin folded sheets","uniform","patch",2,209,1,12000,"primary","Initial",0.75,0.459491531177734,0.727588283454228,0.612027158098933,0.734615384615385,0.712083333333333,0.759479166666667,0,0,NA,0,10.7397435897436,0,NA,NA,NA,NA,NA,NA,NA
"Thin folded sheets","uniform","patch",2,209,1,12000,"primary","SpaGCN refine",0.743333333333333,0.442860514080989,0.713852222554686,0.590688651794374,0.712820512820513,0.67,0.761666666666667,0.025,0.0172222222222222,0.149402390438247,0.0418333333333333,10.7397435897436,0.0339999999999918,NA,NA,NA,NA,NA,NA,NA
"Thin folded sheets","uniform","patch",2,209,1,12000,"primary","GraphST refine",0.635,0.163607856098805,0.360299624940232,0.126091173617847,0.278205128205128,0.4375,0.684375,0.203,0.221,0.143361581920904,0.354,10.7397435897436,0.204999999999998,NA,NA,NA,NA,NA,NA,NA
"Thin folded sheets","uniform","patch",2,209,1,12000,"primary","Potts-like ICM",0.715166666666667,0.381941875731901,0.643410431130776,0.49078564500485,0.615384615384615,0.630833333333333,0.73625,0.00466666666666667,0.048,0.0305676855895196,0.0381666666666667,10.7397435897436,0.11999999999999,NA,NA,NA,NA,NA,NA,NA
"Thin folded sheets","uniform","patch",3,210,3,12000,"primary","Initial",0.750166666666667,0.447722017973828,0.742184447124824,0.718421052631579,0.75679347826087,0.73875,0.753020833333333,0,0,NA,0,11.4755434782609,0,NA,NA,NA,NA,NA,NA,NA
"Thin folded sheets","uniform","patch",3,210,3,12000,"primary","SpaGCN refine",0.735416666666667,0.416158206616869,0.70243234644014,0.671065989847716,0.701086956521739,0.682916666666667,0.748541666666667,0.0353569046030687,0.0314374583425905,0.166144200626959,0.0531666666666667,11.4755434782609,0.0279999999999916,NA,NA,NA,NA,NA,NA,NA
"Thin folded sheets","uniform","patch",3,210,3,12000,"primary","GraphST refine",0.601,0.00380194868460572,0.198156896010699,0.0214352283317801,0.0380434782608696,0.425,0.645,0.282188125416945,0.292823816929571,0.170221327967807,0.414166666666667,11.4755434782609,0.128,NA,NA,NA,NA,NA,NA,NA
"Thin folded sheets","uniform","patch",3,210,3,12000,"primary","Potts-like ICM",0.622916666666667,0.152463082748942,0.39410592364165,0.25989847715736,0.309782608695652,0.514166666666667,0.650104166666667,0.0203468979319546,0.176405243279271,0.0366146458583433,0.138833333333333,11.4755434782609,0.0760000000000076,NA,NA,NA,NA,NA,NA,NA
"Thin folded sheets","uniform","random",1,211,1,12000,"primary","Initial",0.75,0.447921408248289,0.751080094284924,0.733681462140992,0.763758389261745,0.74875,0.7503125,0,0,NA,0,11.2724832214765,0,NA,NA,NA,NA,NA,NA,NA
"Thin folded sheets","uniform","random",1,211,1,12000,"primary","SpaGCN refine",0.8745,0.691720904294393,0.835285693963639,0.795039164490862,0.824161073825503,0.75625,0.9040625,0.564,0.022,0.857142857142857,0.1645,11.2724832214765,0.0430000000000064,NA,NA,NA,NA,NA,NA,NA
"Thin folded sheets","uniform","random",1,211,1,12000,"primary","GraphST refine",0.766666666666667,0.271363434044416,0.434059223664576,0.276574803149606,0.291275167785235,0.549583333333333,0.8209375,0.768,0.233777777777778,0.476623913942904,0.402833333333333,11.2724832214765,0.149000000000001,NA,NA,NA,NA,NA,NA,NA
"Thin folded sheets","uniform","random",1,211,1,12000,"primary","Potts-like ICM",0.839666666666667,0.618040978989571,0.685604836727694,0.57986577181208,0.57986577181208,0.7075,0.872708333333333,0.528666666666667,0.0566666666666667,0.727522935779817,0.181666666666667,11.2724832214765,0.0800000000000125,NA,NA,NA,NA,NA,NA,NA
"Thin folded sheets","uniform","random",2,212,1,12000,"primary","Initial",0.75,0.447205918061258,0.749487538157287,0.726040658276863,0.740112994350282,0.738333333333333,0.752916666666667,0,0,NA,0,11.8870056497175,0,NA,NA,NA,NA,NA,NA,NA
"Thin folded sheets","uniform","random",2,212,1,12000,"primary","SpaGCN refine",0.874833333333333,0.693564316855725,0.82971960095509,0.792372881355932,0.792372881355932,0.74875,0.906354166666667,0.562666666666667,0.0211111111111111,0.859908303616913,0.163583333333333,11.8870056497175,0.0390000000000015,NA,NA,NA,NA,NA,NA,NA
"Thin folded sheets","uniform","random",2,212,1,12000,"primary","GraphST refine",0.766916666666667,0.269821380382623,0.431223242532289,0.214908034849952,0.241525423728814,0.547916666666667,0.821666666666667,0.763,0.231777777777778,0.475982532751092,0.40075,11.8870056497175,0.207999999999998,NA,NA,NA,NA,NA,NA,NA
"Thin folded sheets","uniform","random",2,212,1,12000,"primary","Potts-like ICM",0.837833333333333,0.611911570506151,0.689003281795435,0.546610169491525,0.546610169491525,0.702916666666667,0.8715625,0.505333333333333,0.0513333333333333,0.728846153846154,0.173333333333333,11.8870056497175,0.146000000000001,NA,NA,NA,NA,NA,NA,NA
"Thin folded sheets","uniform","random",3,213,3,12000,"primary","Initial",0.750083333333333,0.445742041321734,0.75221569890012,0.717086834733894,0.766531713900135,0.750416666666667,0.75,0,0,NA,0,11.306342780027,0,NA,NA,NA,NA,NA,NA,NA
"Thin folded sheets","uniform","random",3,213,3,12000,"primary","SpaGCN refine",0.834083333333333,0.592083295356418,0.7630335454932,0.707749766573296,0.713900134952766,0.741666666666667,0.8571875,0.462487495831944,0.0421064326185979,0.719771665801764,0.160583333333333,11.306342780027,0.0379999999999967,NA,NA,NA,NA,NA,NA,NA
"Thin folded sheets","uniform","random",3,213,3,12000,"primary","GraphST refine",0.6995,0.0194358431315102,0.222114949063839,0.0121381886087768,0.0215924426450742,0.512916666666667,0.746145833333333,0.696898966322107,0.299633374069548,0.393152746425884,0.443,11.306342780027,0.170000000000002,NA,NA,NA,NA,NA,NA,NA
"Thin folded sheets","uniform","random",3,213,3,12000,"primary","Potts-like ICM",0.761416666666667,0.342422503308391,0.472249396042021,0.264507422402159,0.264507422402159,0.620833333333333,0.7965625,0.520173391130377,0.158204643928452,0.47808764940239,0.271916666666667,11.306342780027,0.0970000000000084,NA,NA,NA,NA,NA,NA,NA
"Thin folded sheets","uniform","region",1,214,1,12000,"primary","Initial",0.75,0.369485058230867,0.742438076952302,0.563569682151589,1,0.728333333333333,0.755416666666667,0,0,NA,0,10.76,0,NA,NA,NA,NA,NA,NA,NA
"Thin folded sheets","uniform","region",1,214,1,12000,"primary","SpaGCN refine",0.750416666666667,0.367995530239324,0.73134404887875,0.553789731051345,0.974193548387097,0.717916666666667,0.758541666666667,0.048,0.0154444444444444,0.352078239608802,0.0340833333333333,10.76,0.0529999999999973,NA,NA,NA,NA,NA,NA,NA
"Thin folded sheets","uniform","region",1,214,1,12000,"primary","GraphST refine",0.686583333333333,0.11696029119064,0.375763932508228,0.126888217522659,0.371612903225806,0.507083333333333,0.731458333333333,0.42,0.224555555555556,0.327357755261107,0.32075,10.76,0.165000000000006,NA,NA,NA,NA,NA,NA,NA
"Thin folded sheets","uniform","region",1,214,1,12000,"primary","Potts-like ICM",0.724333333333333,0.307020297263953,0.668263548768722,0.473105134474328,0.896774193548387,0.662916666666667,0.7396875,0.0333333333333333,0.0453333333333333,0.196850393700787,0.0423333333333333,10.76,0.0940000000000083,NA,NA,NA,NA,NA,NA,NA
"Thin folded sheets","uniform","region",2,215,1,12000,"primary","Initial",0.75,0.527201948531835,0.76367775500548,0.39168765743073,1,0.78625,0.7409375,0,0,NA,0,10.8933680104031,0,NA,NA,NA,NA,NA,NA,NA
"Thin folded sheets","uniform","region",2,215,1,12000,"primary","SpaGCN refine",0.739,0.49699761669352,0.753798237363056,0.428211586901763,0.972691807542263,0.737916666666667,0.739270833333333,0.0173333333333333,0.0204444444444444,0.181818181818182,0.0238333333333333,10.8933680104031,0.0460000000000065,NA,NA,NA,NA,NA,NA,NA
"Thin folded sheets","uniform","region",2,215,1,12000,"primary","GraphST refine",0.603416666666667,0.136272740049727,0.444574687500294,0.184938036224976,0.326397919375813,0.483333333333333,0.6334375,0.171,0.252444444444444,0.182692307692308,0.234,10.8933680104031,0.193999999999988,NA,NA,NA,NA,NA,NA,NA
"Thin folded sheets","uniform","region",2,215,1,12000,"primary","Potts-like ICM",0.708583333333333,0.428621774968439,0.676437872040593,0.392947103274559,0.894668400520156,0.694583333333333,0.712083333333333,0.01,0.0585555555555556,0.0538599640933573,0.0464166666666667,10.8933680104031,0.0900000000000034,NA,NA,NA,NA,NA,NA,NA
"Thin folded sheets","uniform","region",3,216,3,12000,"primary","Initial",0.750083333333333,0.45614190401984,0.748541331007097,0.649526387009472,0.813096862210095,0.753333333333333,0.749270833333333,0,0,NA,0,11.4788540245566,0,NA,NA,NA,NA,NA,NA,NA
"Thin folded sheets","uniform","region",3,216,3,12000,"primary","SpaGCN refine",0.734,0.419083637096672,0.711411382936538,0.622549019607843,0.753069577080491,0.702916666666667,0.741770833333333,0.0363454484828276,0.0335518275747139,0.243303571428571,0.0373333333333333,11.4788540245566,0.032999999999987,NA,NA,NA,NA,NA,NA,NA
"Thin folded sheets","uniform","region",3,216,3,12000,"primary","GraphST refine",0.573833333333333,-0.00515150378061529,0.204300755000352,0.000980392156862745,0.0150068212824011,0.42375,0.611354166666667,0.235078359453151,0.313298522386401,0.193894389438944,0.303,11.4788540245566,0.153000000000006,NA,NA,NA,NA,NA,NA,NA
"Thin folded sheets","uniform","region",3,216,3,12000,"primary","Potts-like ICM",0.596666666666667,0.0900623134749406,0.336660771566784,0.155525238744884,0.155525238744884,0.490833333333333,0.623125,0.0580193397799266,0.223864015109432,0.0794520547945206,0.1825,11.4788540245566,0.0889999999999986,NA,NA,NA,NA,NA,NA,NA
"Toroidal compartments","class_imbalanced","boundary",1,217,1,12000,"primary","Initial",0.75,0.636699707554056,0.691960259546623,0.494903339191564,0.621212121212121,0,0.9375,0,0,NA,0,58.3181818181818,0,NA,NA,NA,NA,NA,NA,NA
"Toroidal compartments","class_imbalanced","boundary",1,217,1,12000,"primary","SpaGCN refine",0.803,0.69523320927978,0.729214921409826,0.553030303030303,0.553030303030303,0.22875,0.9465625,0.241,0.00966666666666667,0.820658342792281,0.0734166666666667,58.3181818181818,0.0349999999999966,NA,NA,NA,NA,NA,NA,NA
"Toroidal compartments","class_imbalanced","boundary",1,217,1,12000,"primary","GraphST refine",0.8765,0.88891063718054,0.635173205189165,0.204545454545455,0.204545454545455,0.740416666666667,0.910520833333333,0.747333333333333,0.0804444444444444,0.668654935878318,0.279416666666667,58.3181818181818,0.162999999999997,NA,NA,NA,NA,NA,NA,NA
"Toroidal compartments","class_imbalanced","boundary",1,217,1,12000,"primary","Potts-like ICM",0.871833333333333,0.876875442811727,0.670896971662424,0.3125,0.522727272727273,0.524583333333333,0.958645833333333,0.527333333333333,0.0133333333333333,0.909718228867165,0.144916666666667,58.3181818181818,0.0939999999999941,NA,NA,NA,NA,NA,NA,NA
"Toroidal compartments","class_imbalanced","boundary",2,218,1,12000,"primary","Initial",0.75,0.518916730892727,0.790366534538359,0.655737704918033,0.655737704918033,0,0.9375,0,0,NA,0,63.1803278688525,0,NA,NA,NA,NA,NA,NA,NA
"Toroidal compartments","class_imbalanced","boundary",2,218,1,12000,"primary","SpaGCN refine",0.891833333333333,0.768079641509353,0.823418093921826,0.581967213114754,0.581967213114754,0.585416666666667,0.9684375,0.593,0.00855555555555556,0.935823250920568,0.158416666666667,63.1803278688525,0.0379999999999967,NA,NA,NA,NA,NA,NA,NA
"Toroidal compartments","class_imbalanced","boundary",2,218,1,12000,"primary","GraphST refine",0.90675,0.766003178021547,0.545819936500172,0,0,0.897083333333333,0.909166666666667,0.896666666666667,0.0898888888888889,0.734571272528673,0.305166666666667,63.1803278688525,0.156000000000006,NA,NA,NA,NA,NA,NA,NA
"Toroidal compartments","class_imbalanced","boundary",2,218,1,12000,"primary","Potts-like ICM",0.902166666666667,0.793572982290415,0.560664047157655,0.221311475409836,0.221311475409836,0.86875,0.910520833333333,0.869666666666667,0.087,0.751873198847262,0.289166666666667,63.1803278688525,0.0900000000000034,NA,NA,NA,NA,NA,NA,NA
"Toroidal compartments","class_imbalanced","boundary",3,219,3,12000,"primary","Initial",0.750083333333333,0.448402759143854,0.825431744968854,0.718405873099109,0.818181818181818,0,0.937604166666667,0,0,NA,0,57.7878787878788,0,NA,NA,NA,NA,NA,NA,NA
"Toroidal compartments","class_imbalanced","boundary",3,219,3,12000,"primary","SpaGCN refine",0.85675,0.642847959127122,0.746587407858838,0.409090909090909,0.409090909090909,0.50625,0.944375,0.516838946315438,0.0299966670369959,0.790816326530612,0.163333333333333,57.7878787878788,0.0310000000000059,NA,NA,NA,NA,NA,NA,NA
"Toroidal compartments","class_imbalanced","boundary",3,219,3,12000,"primary","GraphST refine",0.727333333333333,0.30709613254042,0.372714009681633,0,0,0.734583333333333,0.725520833333333,0.744581527175725,0.278413509610043,0.432584269662921,0.430166666666667,57.7878787878788,0.134999999999991,NA,NA,NA,NA,NA,NA,NA
"Toroidal compartments","class_imbalanced","boundary",3,219,3,12000,"primary","Potts-like ICM",0.768416666666667,0.41189054883478,0.520387937087633,0.0909090909090909,0.0909090909090909,0.571666666666667,0.817604166666667,0.582860953651217,0.169758915676036,0.490460157126824,0.297,57.7878787878788,0.0799999999999983,NA,NA,NA,NA,NA,NA,NA
"Toroidal compartments","class_imbalanced","patch",1,220,1,12000,"primary","Initial",0.75,0.570324250469253,0.848947606634602,0.659426926599503,0.916666666666667,0.8475,0.725625,0,0,NA,0,53.0763888888889,0,NA,NA,NA,NA,NA,NA,NA
"Toroidal compartments","class_imbalanced","patch",1,220,1,12000,"primary","SpaGCN refine",0.730666666666667,0.550650729629681,0.665454088297812,0.291666666666667,0.291666666666667,0.79875,0.713645833333333,0.022,0.0331111111111111,0.164179104477612,0.0335,53.0763888888889,0.0360000000000014,NA,NA,NA,NA,NA,NA,NA
"Toroidal compartments","class_imbalanced","patch",1,220,1,12000,"primary","GraphST refine",0.68925,0.5121067314296,0.466119485582864,0.0347222222222222,0.0347222222222222,0.747916666666667,0.674583333333333,0.0766666666666667,0.106555555555556,0.178710178710179,0.10725,53.0763888888889,0.146000000000001,NA,NA,NA,NA,NA,NA,NA
"Toroidal compartments","class_imbalanced","patch",1,220,1,12000,"primary","Potts-like ICM",0.695333333333333,0.517453917734209,0.529483571021594,0.180555555555556,0.180555555555556,0.76,0.679166666666667,0.026,0.0815555555555556,0.0951219512195122,0.0683333333333333,53.0763888888889,0.078000000000003,NA,NA,NA,NA,NA,NA,NA
"Toroidal compartments","class_imbalanced","patch",2,221,1,12000,"primary","Initial",0.75,0.508344172295534,0.797880657684994,0.738683127572016,0.9375,0.739166666666667,0.752708333333333,0,0,NA,0,52.9097222222222,0,NA,NA,NA,NA,NA,NA,NA
"Toroidal compartments","class_imbalanced","patch",2,221,1,12000,"primary","SpaGCN refine",0.724666666666667,0.47189788801467,0.663755710113565,0.443213296398892,0.826388888888889,0.701666666666667,0.730416666666667,0.038,0.0464444444444444,0.142678347934919,0.0665833333333333,52.9097222222222,0.0350000000000108,NA,NA,NA,NA,NA,NA,NA
"Toroidal compartments","class_imbalanced","patch",2,221,1,12000,"primary","GraphST refine",0.703083333333333,0.433698807972043,0.412787559484701,0.0775623268698061,0.215277777777778,0.692916666666667,0.705625,0.197,0.128222222222222,0.222515060240964,0.221333333333333,52.9097222222222,0.138999999999996,NA,NA,NA,NA,NA,NA,NA
"Toroidal compartments","class_imbalanced","patch",2,221,1,12000,"primary","Potts-like ICM",0.6915,0.411578750306986,0.436487327455212,0.110803324099723,0.201388888888889,0.685,0.693125,0.035,0.0896666666666667,0.0851581508515815,0.10275,52.9097222222222,0.0900000000000034,NA,NA,NA,NA,NA,NA,NA
"Toroidal compartments","class_imbalanced","patch",3,222,3,12000,"primary","Initial",0.750083333333333,0.561175670853331,0.763364912896609,0.741414141414141,0.777777777777778,0.76375,0.746666666666667,0,0,NA,0,60.7142857142857,0,NA,NA,NA,NA,NA,NA,NA
"Toroidal compartments","class_imbalanced","patch",3,222,3,12000,"primary","SpaGCN refine",0.729583333333333,0.532124815525667,0.554008064655695,0.285714285714286,0.293650793650794,0.73125,0.729166666666667,0.0526842280760253,0.0448839017886901,0.196762141967621,0.0669166666666667,60.7142857142857,0.0249999999999915,NA,NA,NA,NA,NA,NA,NA
"Toroidal compartments","class_imbalanced","patch",3,222,3,12000,"primary","GraphST refine",0.705916666666667,0.501557013647599,0.391277782310335,0.102857142857143,0.111111111111111,0.69125,0.709583333333333,0.223741247082361,0.13342961893123,0.245607613469985,0.227666666666667,60.7142857142857,0.138000000000005,NA,NA,NA,NA,NA,NA,NA
"Toroidal compartments","class_imbalanced","patch",3,222,3,12000,"primary","Potts-like ICM",0.721,0.522257429772351,0.498545009530732,0.134920634920635,0.134920634920635,0.72125,0.7209375,0.0706902300766922,0.0623264081768692,0.183232497839239,0.0964166666666667,60.7142857142857,0.0759999999999934,NA,NA,NA,NA,NA,NA,NA
"Toroidal compartments","class_imbalanced","random",1,223,1,12000,"primary","Initial",0.75,0.537011018636752,0.748156964966409,0.717557251908397,0.717557251908397,0.752083333333333,0.749479166666667,0,0,NA,0,58.7251908396947,0,NA,NA,NA,NA,NA,NA,NA
"Toroidal compartments","class_imbalanced","random",1,223,1,12000,"primary","SpaGCN refine",0.888583333333333,0.78049301894702,0.699428950893611,0.320610687022901,0.320610687022901,0.88,0.890729166666667,0.631666666666667,0.0257777777777778,0.879350348027842,0.179583333333333,58.7251908396947,0.0330000000000013,NA,NA,NA,NA,NA,NA,NA
"Toroidal compartments","class_imbalanced","random",1,223,1,12000,"primary","GraphST refine",0.905083333333333,0.76651543860389,0.466854395440942,0,0,0.91,0.903854166666667,0.904333333333333,0.0946666666666667,0.744511525795829,0.303666666666667,58.7251908396947,0.14200000000001,NA,NA,NA,NA,NA,NA,NA
"Toroidal compartments","class_imbalanced","random",1,223,1,12000,"primary","Potts-like ICM",0.909833333333333,0.783011509645505,0.503625392279655,0,0,0.914583333333333,0.908645833333333,0.897,0.0858888888888889,0.763837638376384,0.293583333333333,58.7251908396947,0.0960000000000036,NA,NA,NA,NA,NA,NA,NA
"Toroidal compartments","class_imbalanced","random",2,224,1,12000,"primary","Initial",0.75,0.425807840758795,0.758514326310678,0.748538011695906,0.792,0.744166666666667,0.751458333333333,0,0,NA,0,61.48,0,NA,NA,NA,NA,NA,NA,NA
"Toroidal compartments","class_imbalanced","random",2,224,1,12000,"primary","SpaGCN refine",0.877333333333333,0.686872131342598,0.720273573401803,0.336,0.336,0.839583333333333,0.886770833333333,0.591333333333333,0.0273333333333333,0.861583292860612,0.171583333333333,61.48,0.0339999999999918,NA,NA,NA,NA,NA,NA,NA
"Toroidal compartments","class_imbalanced","random",2,224,1,12000,"primary","GraphST refine",0.870666666666667,0.622282026869914,0.526791947939246,0,0,0.830416666666667,0.880729166666667,0.875666666666667,0.131,0.674108288426995,0.32475,61.48,0.243000000000009,NA,NA,NA,NA,NA,NA,NA
"Toroidal compartments","class_imbalanced","random",2,224,1,12000,"primary","Potts-like ICM",0.8855,0.671551707573074,0.575955223249124,0,0,0.8475,0.895,0.843333333333333,0.100444444444444,0.72265067123679,0.29175,61.48,0.0810000000000031,NA,NA,NA,NA,NA,NA,NA
"Toroidal compartments","class_imbalanced","random",3,225,3,12000,"primary","Initial",0.750083333333333,0.582190905828673,0.743745277005623,0.702702702702703,0.702702702702703,0.747916666666667,0.750625,0,0,NA,0,51.3175675675676,0,NA,NA,NA,NA,NA,NA,NA
"Toroidal compartments","class_imbalanced","random",3,225,3,12000,"primary","SpaGCN refine",0.864083333333333,0.750239885160975,0.710094615383227,0.371621621621622,0.371621621621622,0.85,0.867604166666667,0.525841947315772,0.0232196422619709,0.862219792236195,0.152416666666667,51.3175675675676,0.0300000000000011,NA,NA,NA,NA,NA,NA,NA
"Toroidal compartments","class_imbalanced","random",3,225,3,12000,"primary","GraphST refine",0.85425,0.644141569480328,0.482009587018338,0,0,0.715,0.8890625,0.858619539846616,0.147205866014887,0.606310336708265,0.353916666666667,51.3175675675676,0.132999999999996,NA,NA,NA,NA,NA,NA,NA
"Toroidal compartments","class_imbalanced","random",3,225,3,12000,"primary","Potts-like ICM",0.924666666666667,0.89916028554154,0.698635112722106,0.325333333333333,0.445945945945946,0.853333333333333,0.9425,0.781927309103034,0.0277746917009221,0.886243386243386,0.2205,51.3175675675676,0.0670000000000073,NA,NA,NA,NA,NA,NA,NA
"Toroidal compartments","class_imbalanced","region",1,226,1,12000,"primary","Initial",0.75,0.558482794076278,0.714581604740509,0.610832497492477,0.689922480620155,0.723333333333333,0.756666666666667,0,0,NA,0,58.6046511627907,0,NA,NA,NA,NA,NA,NA,NA
"Toroidal compartments","class_imbalanced","region",1,226,1,12000,"primary","SpaGCN refine",0.732416666666667,0.519428361008572,0.619734099272417,0.449612403100775,0.449612403100775,0.674583333333333,0.746875,0.0353333333333333,0.0352222222222222,0.246511627906977,0.0358333333333333,58.6046511627907,0.0309999999999917,NA,NA,NA,NA,NA,NA,NA
"Toroidal compartments","class_imbalanced","region",1,226,1,12000,"primary","GraphST refine",0.677416666666667,0.395588851873433,0.451578892412177,0,0,0.616666666666667,0.692604166666667,0.0626666666666667,0.117666666666667,0.148851939825812,0.10525,58.6046511627907,0.147999999999996,NA,NA,NA,NA,NA,NA,NA
"Toroidal compartments","class_imbalanced","region",1,226,1,12000,"primary","Potts-like ICM",0.696916666666667,0.432869310852203,0.535470733049957,0.302325581395349,0.302325581395349,0.63875,0.711458333333333,0.045,0.0857777777777778,0.146579804560261,0.07675,58.6046511627907,0.0769999999999982,NA,NA,NA,NA,NA,NA,NA
"Toroidal compartments","class_imbalanced","region",2,227,1,12000,"primary","Initial",0.75,0.538312620944126,0.817152905621235,0.70536991288519,0.901515151515151,0.76,0.7475,0,0,NA,0,58.2651515151515,0,NA,NA,NA,NA,NA,NA,NA
"Toroidal compartments","class_imbalanced","region",2,227,1,12000,"primary","SpaGCN refine",0.735833333333333,0.529627174259429,0.64554759402891,0.287878787878788,0.287878787878788,0.728333333333333,0.737708333333333,0.0326666666666667,0.0297777777777778,0.264864864864865,0.0308333333333333,58.2651515151515,0.0370000000000061,NA,NA,NA,NA,NA,NA,NA
"Toroidal compartments","class_imbalanced","region",2,227,1,12000,"primary","GraphST refine",0.71475,0.503371358656106,0.530472917973115,0,0,0.685833333333333,0.721979166666667,0.0513333333333333,0.0641111111111111,0.210670314637483,0.0609166666666667,58.2651515151515,0.158999999999992,NA,NA,NA,NA,NA,NA,NA
"Toroidal compartments","class_imbalanced","region",2,227,1,12000,"primary","Potts-like ICM",0.735083333333333,0.524607339597985,0.651888095604534,0.310606060606061,0.310606060606061,0.720833333333333,0.738645833333333,0.0346666666666667,0.0314444444444444,0.268733850129199,0.03225,58.2651515151515,0.0930000000000035,NA,NA,NA,NA,NA,NA,NA
"Toroidal compartments","class_imbalanced","region",3,228,3,12000,"primary","Initial",0.750083333333333,0.539198346044227,0.844539529670095,0.696013504739644,0.985294117647059,0.804583333333333,0.736458333333333,0,0,NA,0,56.625,0,NA,NA,NA,NA,NA,NA,NA
"Toroidal compartments","class_imbalanced","region",3,228,3,12000,"primary","SpaGCN refine",0.717333333333333,0.5137459321787,0.649749252500925,0.396284829721362,0.647058823529412,0.73875,0.711979166666667,0.0206735578526175,0.0505499388956783,0.119460500963391,0.04325,56.625,0.0279999999999916,NA,NA,NA,NA,NA,NA,NA
"Toroidal compartments","class_imbalanced","region",3,228,3,12000,"primary","GraphST refine",0.578166666666667,0.322852416984735,0.302487707287596,0.0112704918032787,0.0441176470588235,0.5175,0.593333333333333,0.0330110036678893,0.240195533829574,0.0437472381794079,0.188583333333333,56.625,0.131,NA,NA,NA,NA,NA,NA,NA
"Toroidal compartments","class_imbalanced","region",3,228,3,12000,"primary","Potts-like ICM",0.677333333333333,0.468661082495787,0.557909299407885,0.229508196721311,0.522058823529412,0.693333333333333,0.673333333333333,0.0200066688896299,0.103655149427841,0.0604229607250755,0.08275,56.625,0.0690000000000026,NA,NA,NA,NA,NA,NA,NA
"Toroidal compartments","irregular_z","boundary",1,229,1,12000,"primary","Initial",0.75,0.518111763213661,0.748979448907483,0.619354838709677,0.619354838709677,0,0.9375,0,0,NA,0,1.04731182795699,0,NA,NA,NA,NA,NA,NA,NA
"Toroidal compartments","irregular_z","boundary",1,229,1,12000,"primary","SpaGCN refine",0.815833333333333,0.613902785214424,0.815117037890059,0.723010752688172,0.723010752688172,0.24625,0.958229166666667,0.28,0.00555555555555556,0.853658536585366,0.082,1.04731182795699,0.0310000000000059,NA,NA,NA,NA,NA,NA,NA
"Toroidal compartments","irregular_z","boundary",1,229,1,12000,"primary","GraphST refine",0.858333333333333,0.697338805478109,0.857206019907451,0.716989247311828,0.716989247311828,0.62,0.917916666666667,0.65,0.0722222222222222,0.66079295154185,0.245916666666667,1.04731182795699,0.143000000000001,NA,NA,NA,NA,NA,NA,NA
"Toroidal compartments","irregular_z","boundary",1,229,1,12000,"primary","Potts-like ICM",0.811083333333333,0.60719626599892,0.810163967294458,0.692043010752688,0.692043010752688,0.271666666666667,0.9459375,0.297,0.0175555555555556,0.785714285714286,0.0945,1.04731182795699,0.0789999999999935,NA,NA,NA,NA,NA,NA,NA
"Toroidal compartments","irregular_z","boundary",2,230,1,12000,"primary","Initial",0.75,0.520312683564694,0.748115481221536,0.623583718002518,0.687124463519313,0,0.9375,0,0,NA,0,1.05407725321888,0,NA,NA,NA,NA,NA,NA,NA
"Toroidal compartments","irregular_z","boundary",2,230,1,12000,"primary","SpaGCN refine",0.815,0.614185944181691,0.813902424181103,0.727654217373059,0.778111587982833,0.24,0.95875,0.275666666666667,0.00522222222222222,0.838742393509128,0.0821666666666667,1.05407725321888,0.0300000000000011,NA,NA,NA,NA,NA,NA,NA
"Toroidal compartments","irregular_z","boundary",2,230,1,12000,"primary","GraphST refine",0.854333333333333,0.688980497830597,0.853511132793457,0.724297104490139,0.821459227467811,0.6175,0.913541666666667,0.636333333333333,0.073,0.645805142083897,0.246333333333333,1.05407725321888,0.135999999999996,NA,NA,NA,NA,NA,NA,NA
"Toroidal compartments","irregular_z","boundary",2,230,1,12000,"primary","Potts-like ICM",0.814083333333333,0.61323285752475,0.813184876211045,0.704993705413344,0.804291845493562,0.27375,0.949166666666667,0.300666666666667,0.0147777777777778,0.803921568627451,0.0935,1.05407725321888,0.0759999999999934,NA,NA,NA,NA,NA,NA,NA
"Toroidal compartments","irregular_z","boundary",3,231,3,12000,"primary","Initial",0.750083333333333,0.522201284404045,0.748900557013841,0.607826810990841,0.687955422203172,0,0.937604166666667,0,0,NA,0,1.04457779682812,0,NA,NA,NA,NA,NA,NA,NA
"Toroidal compartments","irregular_z","boundary",3,231,3,12000,"primary","SpaGCN refine",0.805,0.601344656477066,0.804318923156202,0.676519567027477,0.785255036433776,0.236666666666667,0.947083333333333,0.258086028676225,0.0127763581824242,0.758080313418217,0.0850833333333333,1.04457779682812,0.027000000000001,NA,NA,NA,NA,NA,NA,NA
"Toroidal compartments","irregular_z","boundary",3,231,3,12000,"primary","GraphST refine",0.751083333333333,0.550733227926774,0.749806240424055,0.493755203996669,0.699099871410201,0.543333333333333,0.803020833333333,0.556185395131711,0.183979557826908,0.426489388903094,0.325916666666667,1.04457779682812,0.13600000000001,NA,NA,NA,NA,NA,NA,NA
"Toroidal compartments","irregular_z","boundary",3,231,3,12000,"primary","Potts-like ICM",0.78625,0.573460213705844,0.7854523050495,0.614487926727727,0.748821260180026,0.212083333333333,0.929791666666667,0.22540846948983,0.0268859015664926,0.669970267591675,0.0840833333333333,1.04457779682812,0.063999999999993,NA,NA,NA,NA,NA,NA,NA
"Toroidal compartments","irregular_z","patch",1,232,1,12000,"primary","Initial",0.75,0.514532186138135,0.749860739248311,0.662262592898431,0.665961945031712,0.765416666666667,0.746145833333333,0,0,NA,0,1.04059196617336,0,NA,NA,NA,NA,NA,NA,NA
"Toroidal compartments","irregular_z","patch",1,232,1,12000,"primary","SpaGCN refine",0.735916666666667,0.492552856878576,0.73575123592325,0.652353426919901,0.656236786469345,0.703333333333333,0.7440625,0.018,0.0247777777777778,0.11587982832618,0.0388333333333333,1.04059196617336,0.0319999999999965,NA,NA,NA,NA,NA,NA,NA
"Toroidal compartments","irregular_z","patch",1,232,1,12000,"primary","GraphST refine",0.694583333333333,0.429055818348486,0.694155920923791,0.629175475687104,0.629175475687104,0.564583333333333,0.727083333333333,0.182666666666667,0.134777777777778,0.222945484133442,0.204833333333333,1.04059196617336,0.137999999999991,NA,NA,NA,NA,NA,NA,NA
"Toroidal compartments","irregular_z","patch",1,232,1,12000,"primary","Potts-like ICM",0.714583333333333,0.46082355250983,0.714415860317069,0.640792733278282,0.652854122621565,0.647083333333333,0.731458333333333,0.00866666666666667,0.0501111111111111,0.0467625899280576,0.0463333333333333,1.04059196617336,0.0729999999999933,NA,NA,NA,NA,NA,NA,NA
"Toroidal compartments","irregular_z","patch",2,233,1,12000,"primary","Initial",0.75,0.505664204250423,0.749653712568341,0.690486257928118,0.690486257928118,0.742083333333333,0.751979166666667,0,0,NA,0,1.02959830866808,0,NA,NA,NA,NA,NA,NA,NA
"Toroidal compartments","irregular_z","patch",2,233,1,12000,"primary","SpaGCN refine",0.74025,0.489827346018968,0.739930252424036,0.683720930232558,0.683720930232558,0.69375,0.751875,0.0216666666666667,0.0202222222222222,0.148063781321185,0.0365833333333333,1.02959830866808,0.0310000000000059,NA,NA,NA,NA,NA,NA,NA
"Toroidal compartments","irregular_z","patch",2,233,1,12000,"primary","GraphST refine",0.690583333333333,0.419723839824049,0.690449266826125,0.613504556752278,0.640591966173362,0.552083333333333,0.725208333333333,0.174666666666667,0.137444444444444,0.216528925619835,0.201666666666667,1.02959830866808,0.134,NA,NA,NA,NA,NA,NA,NA
"Toroidal compartments","irregular_z","patch",2,233,1,12000,"primary","Potts-like ICM",0.718416666666667,0.459004592714451,0.718182875149953,0.671458773784355,0.671458773784355,0.640416666666667,0.737916666666667,0.0283333333333333,0.0515555555555556,0.113333333333333,0.0625,1.02959830866808,0.0730000000000075,NA,NA,NA,NA,NA,NA,NA
"Toroidal compartments","irregular_z","patch",3,234,3,12000,"primary","Initial",0.75,0.52387255704385,0.74903314312691,0.618690029203171,0.666666666666667,0.749166666666667,0.750208333333333,0,0,NA,0,1.06426735218509,0,NA,NA,NA,NA,NA,NA,NA
"Toroidal compartments","irregular_z","patch",3,234,3,12000,"primary","SpaGCN refine",0.734083333333333,0.498170044184652,0.73311572514389,0.609094701710471,0.661096829477292,0.684166666666667,0.7465625,0.0376666666666667,0.0337777777777778,0.185550082101806,0.05075,1.06426735218509,0.027000000000001,NA,NA,NA,NA,NA,NA,NA
"Toroidal compartments","irregular_z","patch",3,234,3,12000,"primary","GraphST refine",0.6175,0.3494038891036,0.616622058846659,0.533744855967078,0.593401885175664,0.498333333333333,0.647291666666667,0.266666666666667,0.265555555555556,0.212145319543888,0.31425,1.06426735218509,0.131,NA,NA,NA,NA,NA,NA,NA
"Toroidal compartments","irregular_z","patch",3,234,3,12000,"primary","Potts-like ICM",0.699333333333333,0.448144066445562,0.698447135566099,0.571964956195244,0.65981148243359,0.634583333333333,0.715520833333333,0.0326666666666667,0.0784444444444444,0.111490329920364,0.07325,1.06426735218509,0.061000000000007,NA,NA,NA,NA,NA,NA,NA
"Toroidal compartments","irregular_z","random",1,235,1,12000,"primary","Initial",0.75,0.501275962502724,0.749900964007039,0.74486301369863,0.74486301369863,0.744583333333333,0.751354166666667,0,0,NA,0,1.05479452054795,0,NA,NA,NA,NA,NA,NA,NA
"Toroidal compartments","irregular_z","random",1,235,1,12000,"primary","SpaGCN refine",0.866083333333333,0.700479979678189,0.865894953438663,0.846746575342466,0.846746575342466,0.745,0.896354166666667,0.542,0.0258888888888889,0.852648138437336,0.158916666666667,1.05479452054795,0.0310000000000059,NA,NA,NA,NA,NA,NA,NA
"Toroidal compartments","irregular_z","random",1,235,1,12000,"primary","GraphST refine",0.86,0.693624228288697,0.859781271423765,0.762568652302493,0.868578767123288,0.634166666666667,0.916458333333333,0.861333333333333,0.140444444444444,0.646,0.333333333333333,1.05479452054795,0.135999999999996,NA,NA,NA,NA,NA,NA,NA
"Toroidal compartments","irregular_z","random",1,235,1,12000,"primary","Potts-like ICM",0.888,0.746785542459512,0.887735662895324,0.826362484157161,0.891695205479452,0.719166666666667,0.930208333333333,0.705333333333333,0.0511111111111111,0.804868771395968,0.219083333333333,1.05479452054795,0.0739999999999981,NA,NA,NA,NA,NA,NA,NA
"Toroidal compartments","irregular_z","random",2,236,1,12000,"primary","Initial",0.75,0.500971488855929,0.749976614922137,0.739908447773616,0.746179966044143,0.767083333333333,0.745729166666667,0,0,NA,0,1.02971137521222,0,NA,NA,NA,NA,NA,NA,NA
"Toroidal compartments","irregular_z","random",2,236,1,12000,"primary","SpaGCN refine",0.865416666666667,0.698491099030749,0.865278050345869,0.84394506866417,0.851867572156197,0.76375,0.890833333333333,0.541666666666667,0.0266666666666667,0.84989539748954,0.159333333333333,1.02971137521222,0.0319999999999965,NA,NA,NA,NA,NA,NA,NA
"Toroidal compartments","irregular_z","random",2,236,1,12000,"primary","GraphST refine",0.852666666666667,0.682804064048773,0.85298287745294,0.73866000832293,0.921477079796265,0.607083333333333,0.9140625,0.858666666666667,0.149333333333333,0.630908645603723,0.34025,1.02971137521222,0.138000000000005,NA,NA,NA,NA,NA,NA,NA
"Toroidal compartments","irregular_z","random",2,236,1,12000,"primary","Potts-like ICM",0.89425,0.759616223861188,0.894496521663478,0.827715355805243,0.942275042444822,0.727916666666667,0.935833333333333,0.711,0.0446666666666667,0.82546439628483,0.215333333333333,1.02971137521222,0.0749999999999886,NA,NA,NA,NA,NA,NA,NA
"Toroidal compartments","irregular_z","random",3,237,3,12000,"primary","Initial",0.750166666666667,0.503023503789005,0.750078319590881,0.741935483870968,0.744313395113732,0.750416666666667,0.750104166666667,0,0,NA,0,1.03159224936816,0,NA,NA,NA,NA,NA,NA,NA
"Toroidal compartments","irregular_z","random",3,237,3,12000,"primary","SpaGCN refine",0.841666666666667,0.654333710888446,0.841657266834199,0.829074151654797,0.833614153327717,0.730833333333333,0.869375,0.479319546364243,0.0376582981559653,0.778018408229561,0.153916666666667,1.03159224936816,0.0250000000000057,NA,NA,NA,NA,NA,NA,NA
"Toroidal compartments","irregular_z","random",3,237,3,12000,"primary","GraphST refine",0.747833333333333,0.513515732007342,0.748839460001428,0.588811759902001,0.85804549283909,0.537916666666667,0.8003125,0.754503002001334,0.254387913796934,0.469099958523434,0.401833333333333,1.03159224936816,0.131,NA,NA,NA,NA,NA,NA,NA
"Toroidal compartments","irregular_z","random",3,237,3,12000,"primary","Potts-like ICM",0.84675,0.667244292102471,0.847141272727763,0.789301755818702,0.904380791912384,0.715,0.8796875,0.570046697798532,0.0610975338813597,0.738547968885048,0.192833333333333,1.03159224936816,0.0619999999999976,NA,NA,NA,NA,NA,NA,NA
"Toroidal compartments","irregular_z","region",1,238,1,12000,"primary","Initial",0.75,0.44196137868424,0.748343345711544,0.601104502973662,0.704213241616509,0.75875,0.7478125,0,0,NA,0,1.06577815993121,0,NA,NA,NA,NA,NA,NA,NA
"Toroidal compartments","irregular_z","region",1,238,1,12000,"primary","SpaGCN refine",0.73725,0.419858113075575,0.735640214197499,0.594307561597281,0.690885640584695,0.699166666666667,0.746770833333333,0.0173333333333333,0.0227777777777778,0.179930795847751,0.0240833333333333,1.06577815993121,0.0319999999999965,NA,NA,NA,NA,NA,NA,NA
"Toroidal compartments","irregular_z","region",1,238,1,12000,"primary","GraphST refine",0.666416666666667,0.320718989184159,0.665394687126571,0.562446898895497,0.616079105760963,0.522916666666667,0.702291666666667,0.093,0.142444444444444,0.172328597899938,0.134916666666667,1.06577815993121,0.14200000000001,NA,NA,NA,NA,NA,NA,NA
"Toroidal compartments","irregular_z","region",1,238,1,12000,"primary","Potts-like ICM",0.71675,0.39130515758708,0.71546359067444,0.595157179269329,0.683147033533964,0.65,0.7334375,0.0266666666666667,0.0532222222222222,0.141592920353982,0.0470833333333333,1.06577815993121,0.0769999999999982,NA,NA,NA,NA,NA,NA,NA
"Toroidal compartments","irregular_z","region",2,239,1,12000,"primary","Initial",0.75,0.510648027747825,0.749518424843863,0.622593068035943,0.622593068035943,0.778333333333333,0.742916666666667,0,0,NA,0,1.05776636713736,0,NA,NA,NA,NA,NA,NA,NA
"Toroidal compartments","irregular_z","region",2,239,1,12000,"primary","SpaGCN refine",0.734166666666667,0.483628419144661,0.733665004568123,0.61617458279846,0.61617458279846,0.705833333333333,0.74125,0.00833333333333333,0.0238888888888889,0.103305785123967,0.0201666666666667,1.05776636713736,0.0310000000000059,NA,NA,NA,NA,NA,NA,NA
"Toroidal compartments","irregular_z","region",2,239,1,12000,"primary","GraphST refine",0.65825,0.362803580088005,0.657222801890346,0.581757040773434,0.590928540864356,0.522916666666667,0.692083333333333,0.069,0.145333333333333,0.136184210526316,0.126666666666667,1.05776636713736,0.150999999999996,NA,NA,NA,NA,NA,NA,NA
"Toroidal compartments","irregular_z","region",2,239,1,12000,"primary","Potts-like ICM",0.7145,0.444840163609486,0.713912484670078,0.625160462130937,0.625160462130937,0.66625,0.7265625,0.034,0.0586666666666667,0.161648177496038,0.0525833333333333,1.05776636713736,0.078000000000003,NA,NA,NA,NA,NA,NA,NA
"Toroidal compartments","irregular_z","region",3,240,3,12000,"primary","Initial",0.750083333333333,0.466791861262747,0.750048459460642,0.682652210175146,0.732631578947368,0.769583333333333,0.745208333333333,0,0,NA,0,1.01894736842105,0,NA,NA,NA,NA,NA,NA,NA
"Toroidal compartments","irregular_z","region",3,240,3,12000,"primary","SpaGCN refine",0.733166666666667,0.438118491833474,0.733083382959251,0.66930775646372,0.703578947368421,0.7,0.741458333333333,0.0266755585195065,0.0314409510054438,0.187793427230047,0.0355,1.01894736842105,0.0259999999999962,NA,NA,NA,NA,NA,NA,NA
"Toroidal compartments","irregular_z","region",3,240,3,12000,"primary","GraphST refine",0.575333333333333,0.255919048559342,0.57514259076282,0.527157894736842,0.527157894736842,0.465833333333333,0.602708333333333,0.151383794598199,0.283412954116209,0.145419602818706,0.260166666666667,1.01894736842105,0.13000000000001,NA,NA,NA,NA,NA,NA,NA
"Toroidal compartments","irregular_z","region",3,240,3,12000,"primary","Potts-like ICM",0.707083333333333,0.398763207916151,0.706877871290266,0.626947368421053,0.626947368421053,0.667083333333333,0.717083333333333,0.0586862287429143,0.0768803466281524,0.196209587513935,0.07475,1.01894736842105,0.061000000000007,NA,NA,NA,NA,NA,NA,NA
"Toroidal compartments","uniform","boundary",1,241,1,12000,"primary","Initial",0.75,0.518418580876103,0.749621394288757,0.623121869782972,0.8768452129903,0,0.9375,0,0,NA,0,1.03289751159848,0,NA,NA,NA,NA,NA,NA,NA
"Toroidal compartments","uniform","boundary",1,241,1,12000,"primary","SpaGCN refine",0.8105,0.606834385733287,0.810255661615494,0.706176961602671,0.892450442851118,0.254166666666667,0.949583333333333,0.272,0.01,0.788405797101449,0.08625,1.03289751159848,0.034000000000006,NA,NA,NA,NA,NA,NA,NA
"Toroidal compartments","uniform","boundary",1,241,1,12000,"primary","GraphST refine",0.796666666666667,0.60226676425654,0.79653617465427,0.517529215358932,0.942218473218051,0.569166666666667,0.853541666666667,0.586666666666667,0.133333333333333,0.510737086477075,0.287166666666667,1.03289751159848,0.143000000000001,NA,NA,NA,NA,NA,NA,NA
"Toroidal compartments","uniform","boundary",1,241,1,12000,"primary","Potts-like ICM",0.768666666666667,0.542706160770423,0.768430135360159,0.623956594323873,0.881062842682413,0.095,0.937083333333333,0.105,0.0101111111111111,0.729166666666667,0.036,1.03289751159848,0.0809999999999889,NA,NA,NA,NA,NA,NA,NA
"Toroidal compartments","uniform","boundary",2,242,1,12000,"primary","Initial",0.75,0.518196733207423,0.749448497245258,0.6147507210548,0.668358714043993,0,0.9375,0,0,NA,0,1.03384094754653,0,NA,NA,NA,NA,NA,NA,NA
"Toroidal compartments","uniform","boundary",2,242,1,12000,"primary","SpaGCN refine",0.808166666666667,0.602424998847859,0.807926936976323,0.699629171817058,0.767343485617597,0.245,0.948958333333333,0.261,0.00944444444444444,0.772951628825271,0.0844166666666667,1.03384094754653,0.0430000000000064,NA,NA,NA,NA,NA,NA,NA
"Toroidal compartments","uniform","boundary",2,242,1,12000,"primary","GraphST refine",0.796916666666667,0.60071722780562,0.797446799824486,0.505562422744129,0.847715736040609,0.572916666666667,0.852916666666667,0.582333333333333,0.131555555555556,0.508588064046579,0.28625,1.03384094754653,0.150000000000006,NA,NA,NA,NA,NA,NA,NA
"Toroidal compartments","uniform","boundary",2,242,1,12000,"primary","Potts-like ICM",0.7655,0.537789233605567,0.765218167678976,0.620519159456119,0.707275803722504,0.0904166666666667,0.934270833333333,0.0933333333333333,0.0104444444444444,0.694789081885856,0.0335833333333333,1.03384094754653,0.0870000000000033,NA,NA,NA,NA,NA,NA,NA
"Toroidal compartments","uniform","boundary",3,243,3,12000,"primary","Initial",0.750083333333333,0.517667859141164,0.750123227350622,0.614489003880983,0.614489003880983,0,0.937604166666667,0,0,NA,0,1.0620957309185,0,NA,NA,NA,NA,NA,NA,NA
"Toroidal compartments","uniform","boundary",3,243,3,12000,"primary","SpaGCN refine",0.788083333333333,0.57152128631222,0.787628241032072,0.644674428633031,0.644674428633031,0.220416666666667,0.93,0.225741913971324,0.0245528274636152,0.623388581952118,0.0905,1.0620957309185,0.0320000000000107,NA,NA,NA,NA,NA,NA,NA
"Toroidal compartments","uniform","boundary",3,243,3,12000,"primary","GraphST refine",0.692083333333333,0.479814062576951,0.690299722139687,0.290642518326865,0.290642518326865,0.507916666666667,0.738125,0.510170056685562,0.247305854905011,0.346153846153846,0.368333333333333,1.0620957309185,0.129999999999995,NA,NA,NA,NA,NA,NA,NA
"Toroidal compartments","uniform","boundary",3,243,3,12000,"primary","Potts-like ICM",0.75375,0.523076097714083,0.75343960280356,0.59379042690815,0.59379042690815,0.0495833333333333,0.929791666666667,0.0546848949649883,0.0133318520164426,0.518987341772152,0.0263333333333333,1.0620957309185,0.0669999999999931,NA,NA,NA,NA,NA,NA,NA
"Toroidal compartments","uniform","patch",1,244,1,12000,"primary","Initial",0.75,0.511063492220409,0.750295570042454,0.648434237995825,0.795689655172414,0.789166666666667,0.740208333333333,0,0,NA,0,1.06637931034483,0,NA,NA,NA,NA,NA,NA,NA
"Toroidal compartments","uniform","patch",1,244,1,12000,"primary","SpaGCN refine",0.736166666666667,0.490785868810464,0.736490089411156,0.634655532359081,0.785775862068966,0.7375,0.735833333333333,0.0283333333333333,0.0278888888888889,0.184381778741866,0.0384166666666667,1.06637931034483,0.0310000000000059,NA,NA,NA,NA,NA,NA,NA
"Toroidal compartments","uniform","patch",1,244,1,12000,"primary","GraphST refine",0.685333333333333,0.419002083998828,0.68587968124864,0.577453027139875,0.77198275862069,0.557916666666667,0.7171875,0.317,0.191888888888889,0.313550939663699,0.25275,1.06637931034483,0.149000000000001,NA,NA,NA,NA,NA,NA,NA
"Toroidal compartments","uniform","patch",1,244,1,12000,"primary","Potts-like ICM",0.72425,0.477575012692152,0.724722148674758,0.605010438413361,0.79698275862069,0.731666666666667,0.722395833333333,0.0203333333333333,0.0411111111111111,0.139908256880734,0.0363333333333333,1.06637931034483,0.0889999999999986,NA,NA,NA,NA,NA,NA,NA
"Toroidal compartments","uniform","patch",2,245,1,12000,"primary","Initial",0.75,0.537747895982978,0.750685971946924,0.563021702838063,0.968697123519459,0.719583333333333,0.757604166666667,0,0,NA,0,1.03003384094755,0,NA,NA,NA,NA,NA,NA,NA
"Toroidal compartments","uniform","patch",2,245,1,12000,"primary","SpaGCN refine",0.741666666666667,0.523741265098494,0.742362950226882,0.55550918196995,0.961928934010152,0.677916666666667,0.757604166666667,0.0383333333333333,0.0238888888888889,0.233265720081136,0.0410833333333333,1.03003384094755,0.0310000000000059,NA,NA,NA,NA,NA,NA,NA
"Toroidal compartments","uniform","patch",2,245,1,12000,"primary","GraphST refine",0.6945,0.448181723613433,0.695300931849411,0.485809682804674,0.911167512690355,0.547083333333333,0.731354166666667,0.326,0.182666666666667,0.312559923298178,0.26075,1.03003384094755,0.150999999999996,NA,NA,NA,NA,NA,NA,NA
"Toroidal compartments","uniform","patch",2,245,1,12000,"primary","Potts-like ICM",0.726083333333333,0.499172520092343,0.726757769919743,0.531719532554257,0.943739424703892,0.665416666666667,0.74125,0.0276666666666667,0.0411111111111111,0.173640167364017,0.0398333333333333,1.03003384094755,0.0799999999999983,NA,NA,NA,NA,NA,NA,NA
"Toroidal compartments","uniform","patch",3,246,3,12000,"primary","Initial",0.750083333333333,0.50483411705678,0.750148810178711,0.71968438538206,0.770236087689713,0.757916666666667,0.748125,0,0,NA,0,1.01517706576728,0,NA,NA,NA,NA,NA,NA,NA
"Toroidal compartments","uniform","patch",3,246,3,12000,"primary","SpaGCN refine",0.73025,0.474747161526922,0.73032756536962,0.706810631229236,0.755059021922428,0.69375,0.739375,0.0550183394464822,0.0447728030218865,0.245535714285714,0.056,1.01517706576728,0.034000000000006,NA,NA,NA,NA,NA,NA,NA
"Toroidal compartments","uniform","patch",3,246,3,12000,"primary","GraphST refine",0.63325,0.355806183105274,0.633420753257674,0.460515378221114,0.694772344013491,0.49625,0.6675,0.427475825275092,0.2981890901011,0.298070216228784,0.358416666666667,1.01517706576728,0.13000000000001,NA,NA,NA,NA,NA,NA,NA
"Toroidal compartments","uniform","patch",3,246,3,12000,"primary","Potts-like ICM",0.730583333333333,0.476325629356407,0.73071085261212,0.68563122923588,0.772344013490725,0.716666666666667,0.7340625,0.0263421140380127,0.0347739140095545,0.198992443324937,0.0330833333333333,1.01517706576728,0.0630000000000024,NA,NA,NA,NA,NA,NA,NA
"Toroidal compartments","uniform","random",1,247,1,12000,"primary","Initial",0.75,0.50311917782178,0.749909401192139,0.740835464620631,0.740835464620631,0.750833333333333,0.749791666666667,0,0,NA,0,1.05157715260017,0,NA,NA,NA,NA,NA,NA,NA
"Toroidal compartments","uniform","random",1,247,1,12000,"primary","SpaGCN refine",0.8365,0.64588836545556,0.836327522832764,0.82195224130708,0.8231031543052,0.7325,0.8625,0.448,0.034,0.776429809358752,0.14425,1.05157715260017,0.0360000000000014,NA,NA,NA,NA,NA,NA,NA
"Toroidal compartments","uniform","random",1,247,1,12000,"primary","GraphST refine",0.802333333333333,0.592712352368533,0.801995542198145,0.675743611227482,0.814151747655584,0.584166666666667,0.856875,0.800333333333333,0.197,0.546054127814419,0.366416666666667,1.05157715260017,0.150000000000006,NA,NA,NA,NA,NA,NA,NA
"Toroidal compartments","uniform","random",1,247,1,12000,"primary","Potts-like ICM",0.8335,0.648498061362971,0.832719859964791,0.741097612065354,0.774936061381074,0.730416666666667,0.859270833333333,0.423333333333333,0.0297777777777778,0.810983397190294,0.1305,1.05157715260017,0.078000000000003,NA,NA,NA,NA,NA,NA,NA
"Toroidal compartments","uniform","random",2,248,1,12000,"primary","Initial",0.75,0.502017724795501,0.750072070032695,0.735489220563847,0.767728237791932,0.744583333333333,0.751354166666667,0,0,NA,0,1.03694267515924,0,NA,NA,NA,NA,NA,NA,NA
"Toroidal compartments","uniform","random",2,248,1,12000,"primary","SpaGCN refine",0.832583333333333,0.636993670221044,0.83272173082178,0.816543816543817,0.847133757961783,0.731666666666667,0.8578125,0.439,0.0362222222222222,0.769275700934579,0.142666666666667,1.03694267515924,0.0369999999999919,NA,NA,NA,NA,NA,NA,NA
"Toroidal compartments","uniform","random",2,248,1,12000,"primary","GraphST refine",0.792916666666667,0.57175583909435,0.793427968289482,0.702702702702703,0.851804670912951,0.562916666666667,0.850416666666667,0.789666666666667,0.206,0.534039675383228,0.369666666666667,1.03694267515924,0.138999999999996,NA,NA,NA,NA,NA,NA,NA
"Toroidal compartments","uniform","random",2,248,1,12000,"primary","Potts-like ICM",0.831083333333333,0.639835821197575,0.831721129461341,0.751842751842752,0.921443736730361,0.727916666666667,0.856875,0.407,0.0275555555555556,0.820013431833445,0.124083333333333,1.03694267515924,0.155000000000001,NA,NA,NA,NA,NA,NA,NA
"Toroidal compartments","uniform","random",3,249,3,12000,"primary","Initial",0.750083333333333,0.501895387410405,0.750047458920369,0.742553191489362,0.742553191489362,0.75125,0.749791666666667,0,0,NA,0,1.03148936170213,0,NA,NA,NA,NA,NA,NA,NA
"Toroidal compartments","uniform","random",3,249,3,12000,"primary","SpaGCN refine",0.792833333333333,0.568587508354741,0.792887631967173,0.761429758935993,0.809787234042553,0.705833333333333,0.814583333333333,0.335778592864288,0.0548827908010221,0.630162703379224,0.133166666666667,1.03148936170213,0.0289999999999964,NA,NA,NA,NA,NA,NA,NA
"Toroidal compartments","uniform","random",3,249,3,12000,"primary","GraphST refine",0.67575,0.414016277731457,0.676019550469258,0.459268495428096,0.751914893617021,0.501666666666667,0.719270833333333,0.677559186395465,0.324852794133985,0.383034872761546,0.442083333333333,1.03148936170213,0.125,NA,NA,NA,NA,NA,NA,NA
"Toroidal compartments","uniform","random",3,249,3,12000,"primary","Potts-like ICM",0.804,0.592247416263821,0.804238462072732,0.741895261845387,0.874042553191489,0.734583333333333,0.821354166666667,0.287095698566189,0.0237751360959893,0.792817679558011,0.0905,1.03148936170213,0.0649999999999977,NA,NA,NA,NA,NA,NA,NA
"Toroidal compartments","uniform","region",1,250,1,12000,"primary","Initial",0.75,0.46818372255422,0.749917294725967,0.656536219816819,0.79045996592845,0.740833333333333,0.752291666666667,0,0,NA,0,1.03492333901193,0,NA,NA,NA,NA,NA,NA,NA
"Toroidal compartments","uniform","region",1,250,1,12000,"primary","SpaGCN refine",0.737583333333333,0.44673894283589,0.737577306213128,0.647377185678601,0.790034071550256,0.690833333333333,0.749270833333333,0.0216666666666667,0.0237777777777778,0.205696202531646,0.0263333333333333,1.03492333901193,0.0320000000000107,NA,NA,NA,NA,NA,NA,NA
"Toroidal compartments","uniform","region",1,250,1,12000,"primary","GraphST refine",0.648583333333333,0.317691717430378,0.649212588212355,0.455555555555556,0.791737649063032,0.46375,0.694791666666667,0.141333333333333,0.182333333333333,0.1999057048562,0.17675,1.03492333901193,0.141999999999996,NA,NA,NA,NA,NA,NA,NA
"Toroidal compartments","uniform","region",1,250,1,12000,"primary","Potts-like ICM",0.73,0.434764170857797,0.729996754993101,0.64571190674438,0.773424190800681,0.68375,0.7415625,0.0313333333333333,0.0371111111111111,0.215596330275229,0.0363333333333333,1.03492333901193,0.0790000000000077,NA,NA,NA,NA,NA,NA,NA
"Toroidal compartments","uniform","region",2,251,1,12000,"primary","Initial",0.75,0.48995777993447,0.750188402042571,0.636363636363636,0.93299620733249,0.731666666666667,0.754583333333333,0,0,NA,0,1.02486304256216,0,NA,NA,NA,NA,NA,NA,NA
"Toroidal compartments","uniform","region",2,251,1,12000,"primary","SpaGCN refine",0.74125,0.470263244413722,0.741439164270863,0.630079597821533,0.919089759797724,0.69125,0.75375,0.0303333333333333,0.0217777777777778,0.256338028169014,0.0295833333333333,1.02486304256216,0.0309999999999917,NA,NA,NA,NA,NA,NA,NA
"Toroidal compartments","uniform","region",2,251,1,12000,"primary","GraphST refine",0.670666666666667,0.357081619062221,0.670837892225579,0.520033388981636,0.839022334597556,0.501666666666667,0.712916666666667,0.237666666666667,0.185,0.298326359832636,0.199166666666667,1.02486304256216,0.140000000000001,NA,NA,NA,NA,NA,NA,NA
"Toroidal compartments","uniform","region",2,251,1,12000,"primary","Potts-like ICM",0.736083333333333,0.452930152211298,0.736219856592524,0.630917469627147,0.887062789717657,0.685,0.748854166666667,0.053,0.0362222222222222,0.326488706365503,0.0405833333333333,1.02486304256216,0.0769999999999982,NA,NA,NA,NA,NA,NA,NA
"Toroidal compartments","uniform","region",3,252,3,12000,"primary","Initial",0.750083333333333,0.472552559036434,0.750500852803345,0.672470978441128,0.765479219677693,0.757916666666667,0.748125,0,0,NA,0,1.03519932145886,0,NA,NA,NA,NA,NA,NA,NA
"Toroidal compartments","uniform","region",3,252,3,12000,"primary","SpaGCN refine",0.732,0.44035442896196,0.732461288183822,0.659203980099503,0.757421543681086,0.694166666666667,0.741458333333333,0.0516838946315438,0.0413287412509721,0.271453590192644,0.0475833333333333,1.03519932145886,0.0300000000000011,NA,NA,NA,NA,NA,NA,NA
"Toroidal compartments","uniform","region",3,252,3,12000,"primary","GraphST refine",0.568416666666667,0.252411045511844,0.568754892393798,0.499575911789652,0.499575911789652,0.430416666666667,0.602916666666667,0.219739913304435,0.315409398955672,0.186685552407932,0.294166666666667,1.03519932145886,0.126000000000005,NA,NA,NA,NA,NA,NA,NA
"Toroidal compartments","uniform","region",3,252,3,12000,"primary","Potts-like ICM",0.754166666666667,0.466204883126148,0.754775198961173,0.650912106135987,0.850720949957591,0.75375,0.754270833333333,0.124708236078693,0.0361070992111988,0.53125,0.0586666666666667,1.03519932145886,0.0660000000000025,NA,NA,NA,NA,NA,NA,NA
"Warped ellipsoids","class_imbalanced","boundary",1,253,1,12000,"primary","Initial",0.75,0.608678843087381,0.541209435498845,0.315384615384615,0.315384615384615,0,0.9375,0,0,NA,0,58.8076923076923,0,NA,NA,NA,NA,NA,NA,NA
"Warped ellipsoids","class_imbalanced","boundary",1,253,1,12000,"primary","SpaGCN refine",0.786416666666667,0.637275157180302,0.658050739132531,0.347945205479452,0.584615384615385,0.151666666666667,0.945104166666667,0.168,0.00744444444444444,0.818181818181818,0.0513333333333333,58.8076923076923,0.0330000000000013,NA,NA,NA,NA,NA,NA,NA
"Warped ellipsoids","class_imbalanced","boundary",1,253,1,12000,"primary","GraphST refine",0.913416666666667,0.865335832603933,0.629707915067296,0.0273972602739726,0.369230769230769,0.712083333333333,0.96375,0.734666666666667,0.027,0.826706676669167,0.222166666666667,58.8076923076923,0.150999999999996,NA,NA,NA,NA,NA,NA,NA
"Warped ellipsoids","class_imbalanced","boundary",1,253,1,12000,"primary","Potts-like ICM",0.847583333333333,0.719910716743712,0.57536014945487,0.197260273972603,0.215384615384615,0.437083333333333,0.950208333333333,0.449333333333333,0.0196666666666667,0.811070998796631,0.1385,58.8076923076923,0.0829999999999984,NA,NA,NA,NA,NA,NA,NA
"Warped ellipsoids","class_imbalanced","boundary",2,254,1,12000,"primary","Initial",0.75,0.516753042165712,0.703821695026182,0.570588235294118,0.902255639097744,0,0.9375,0,0,NA,0,57.5639097744361,0,NA,NA,NA,NA,NA,NA,NA
"Warped ellipsoids","class_imbalanced","boundary",2,254,1,12000,"primary","SpaGCN refine",0.822,0.599305883702511,0.771468233510323,0.573529411764706,0.864661654135338,0.279166666666667,0.957708333333333,0.308666666666667,0.00688888888888889,0.88527724665392,0.0871666666666667,57.5639097744361,0.0300000000000011,NA,NA,NA,NA,NA,NA,NA
"Warped ellipsoids","class_imbalanced","boundary",2,254,1,12000,"primary","GraphST refine",0.877916666666667,0.725178483064073,0.627109240005464,0.141176470588235,0.406015037593985,0.699583333333333,0.9225,0.721666666666667,0.07,0.699063609945108,0.258083333333333,57.5639097744361,0.135000000000005,NA,NA,NA,NA,NA,NA,NA
"Warped ellipsoids","class_imbalanced","boundary",2,254,1,12000,"primary","Potts-like ICM",0.834916666666667,0.64870403043206,0.662388623647199,0.358823529411765,0.541353383458647,0.411666666666667,0.940729166666667,0.434,0.0314444444444444,0.775,0.14,57.5639097744361,0.0769999999999982,NA,NA,NA,NA,NA,NA,NA
"Warped ellipsoids","class_imbalanced","boundary",3,255,3,12000,"primary","Initial",0.750083333333333,0.460592591132717,0.79838067689012,0.680462995440196,0.908396946564885,0,0.937604166666667,0,0,NA,0,58.7862595419847,0,NA,NA,NA,NA,NA,NA,NA
"Warped ellipsoids","class_imbalanced","boundary",3,255,3,12000,"primary","SpaGCN refine",0.839333333333333,0.634031778083489,0.7516635741169,0.651673640167364,0.709923664122137,0.449166666666667,0.936875,0.456818939646549,0.0332185312743029,0.749863163656267,0.15225,58.7862595419847,0.027000000000001,NA,NA,NA,NA,NA,NA,NA
"Warped ellipsoids","class_imbalanced","boundary",3,255,3,12000,"primary","GraphST refine",0.680083333333333,0.22633299194767,0.263375912421515,0,0,0.634166666666667,0.6915625,0.641547182394131,0.307076991445395,0.363361661945231,0.44125,58.7862595419847,0.114000000000004,NA,NA,NA,NA,NA,NA,NA
"Warped ellipsoids","class_imbalanced","boundary",3,255,3,12000,"primary","Potts-like ICM",0.746,0.351277357021955,0.468237439797951,0.03601108033241,0.580152671755725,0.52125,0.8021875,0.534844948316105,0.183646261526497,0.44248275862069,0.302083333333333,58.7862595419847,0.0609999999999928,NA,NA,NA,NA,NA,NA,NA
"Warped ellipsoids","class_imbalanced","patch",1,256,1,12000,"primary","Initial",0.75,0.441264918556004,0.762753332982952,0.563888888888889,0.798449612403101,0.74,0.7525,0,0,NA,0,59.062015503876,0,NA,NA,NA,NA,NA,NA,NA
"Warped ellipsoids","class_imbalanced","patch",1,256,1,12000,"primary","SpaGCN refine",0.735083333333333,0.418311177899069,0.630934579411065,0.348837209302326,0.348837209302326,0.697083333333333,0.744583333333333,0.0323333333333333,0.0306666666666667,0.145427286356822,0.0555833333333333,59.062015503876,0.0339999999999918,NA,NA,NA,NA,NA,NA,NA
"Warped ellipsoids","class_imbalanced","patch",1,256,1,12000,"primary","GraphST refine",0.680583333333333,0.303497487802452,0.501952679104538,0.183333333333333,0.209302325581395,0.625416666666667,0.694375,0.210666666666667,0.162777777777778,0.190994258084013,0.27575,59.062015503876,0.137,NA,NA,NA,NA,NA,NA,NA
"Warped ellipsoids","class_imbalanced","patch",1,256,1,12000,"primary","Potts-like ICM",0.685666666666667,0.323389603191508,0.539052643663349,0.169444444444444,0.286821705426357,0.651666666666667,0.694166666666667,0.0183333333333333,0.0918888888888889,0.0469283276450512,0.0976666666666667,59.062015503876,0.0799999999999983,NA,NA,NA,NA,NA,NA,NA
"Warped ellipsoids","class_imbalanced","patch",2,257,1,12000,"primary","Initial",0.75,0.494334389215467,0.784144378180335,0.689919459599896,0.838461538461538,0.71,0.76,0,0,NA,0,59.2153846153846,0,NA,NA,NA,NA,NA,NA,NA
"Warped ellipsoids","class_imbalanced","patch",2,257,1,12000,"primary","SpaGCN refine",0.72625,0.4632783718916,0.675936574346812,0.425981873111782,0.784615384615385,0.66625,0.74125,0.029,0.0413333333333333,0.113133940182055,0.0640833333333333,59.2153846153846,0.0310000000000059,NA,NA,NA,NA,NA,NA,NA
"Warped ellipsoids","class_imbalanced","patch",2,257,1,12000,"primary","GraphST refine",0.693333333333333,0.408020935402367,0.44817851526017,0.157099697885196,0.3,0.63625,0.707604166666667,0.151333333333333,0.126,0.163074712643678,0.232,59.2153846153846,0.141999999999996,NA,NA,NA,NA,NA,NA,NA
"Warped ellipsoids","class_imbalanced","patch",2,257,1,12000,"primary","Potts-like ICM",0.694333333333333,0.417316654704236,0.504298231099415,0.120845921450151,0.476923076923077,0.640833333333333,0.707708333333333,0.027,0.0832222222222222,0.0615501519756839,0.109666666666667,59.2153846153846,0.0759999999999934,NA,NA,NA,NA,NA,NA,NA
"Warped ellipsoids","class_imbalanced","patch",3,258,3,12000,"primary","Initial",0.750083333333333,0.585151524497902,0.855846968905428,0.63767926988266,0.816666666666667,0.8825,0.716979166666667,0,0,NA,0,63.9166666666667,0,NA,NA,NA,NA,NA,NA,NA
"Warped ellipsoids","class_imbalanced","patch",3,258,3,12000,"primary","SpaGCN refine",0.722583333333333,0.556062468785703,0.651719411971103,0.376996805111821,0.45,0.820416666666667,0.698125,0.0206735578526175,0.0435507165870459,0.129166666666667,0.04,63.9166666666667,0.0289999999999964,NA,NA,NA,NA,NA,NA,NA
"Warped ellipsoids","class_imbalanced","patch",3,258,3,12000,"primary","GraphST refine",0.668083333333333,0.496379561191064,0.434353135708797,0.00958466453674121,0.25,0.753333333333333,0.646770833333333,0.0823607869289763,0.136762581935341,0.160077770576798,0.128583333333333,63.9166666666667,0.137999999999991,NA,NA,NA,NA,NA,NA,NA
"Warped ellipsoids","class_imbalanced","patch",3,258,3,12000,"primary","Potts-like ICM",0.680333333333333,0.512048863144913,0.536900569116701,0.230031948881789,0.458333333333333,0.790416666666667,0.6528125,0.0270090030010003,0.101988667925786,0.0801186943620178,0.08425,63.9166666666667,0.068000000000012,NA,NA,NA,NA,NA,NA,NA
"Warped ellipsoids","class_imbalanced","random",1,259,1,12000,"primary","Initial",0.75,0.450401612902103,0.733876978480292,0.661654135338346,0.661654135338346,0.747083333333333,0.750729166666667,0,0,NA,0,57.2105263157895,0,NA,NA,NA,NA,NA,NA,NA
"Warped ellipsoids","class_imbalanced","random",1,259,1,12000,"primary","SpaGCN refine",0.864666666666667,0.682910608231583,0.719159072008828,0.489736070381232,0.616541353383459,0.810833333333333,0.878125,0.582333333333333,0.0412222222222222,0.795175238962221,0.183083333333333,57.2105263157895,0.0310000000000059,NA,NA,NA,NA,NA,NA,NA
"Warped ellipsoids","class_imbalanced","random",1,259,1,12000,"primary","GraphST refine",0.78575,0.491096968950833,0.404236151421002,0,0.112781954887218,0.787916666666667,0.785208333333333,0.784666666666667,0.213888888888889,0.518045774647887,0.378666666666667,57.2105263157895,0.134,NA,NA,NA,NA,NA,NA,NA
"Warped ellipsoids","class_imbalanced","random",1,259,1,12000,"primary","Potts-like ICM",0.81025,0.521943779575203,0.434614747322748,0,0,0.794583333333333,0.814166666666667,0.698666666666667,0.152555555555556,0.565874730021598,0.308666666666667,57.2105263157895,0.0790000000000077,NA,NA,NA,NA,NA,NA,NA
"Warped ellipsoids","class_imbalanced","random",2,260,1,12000,"primary","Initial",0.75,0.423342659982072,0.750038979997839,0.7374749498998,0.768,0.750416666666667,0.749895833333333,0,0,NA,0,61.4,0,NA,NA,NA,NA,NA,NA,NA
"Warped ellipsoids","class_imbalanced","random",2,260,1,12000,"primary","SpaGCN refine",0.8655,0.66612497369826,0.72901626319544,0.501510574018127,0.688,0.811666666666667,0.878958333333333,0.586,0.0413333333333333,0.792963464140731,0.18475,61.4,0.0319999999999965,NA,NA,NA,NA,NA,NA,NA
"Warped ellipsoids","class_imbalanced","random",2,260,1,12000,"primary","GraphST refine",0.789333333333333,0.459524352578606,0.386335467990202,0,0.016,0.74875,0.799479166666667,0.794333333333333,0.212333333333333,0.522244137628753,0.38025,61.4,0.140999999999991,NA,NA,NA,NA,NA,NA,NA
"Warped ellipsoids","class_imbalanced","random",2,260,1,12000,"primary","Potts-like ICM",0.797916666666667,0.459918183946408,0.528920766976517,0.211480362537764,0.536,0.765,0.806145833333333,0.718666666666667,0.175666666666667,0.542389937106918,0.33125,61.4,0.0799999999999983,NA,NA,NA,NA,NA,NA,NA
"Warped ellipsoids","class_imbalanced","random",3,261,3,12000,"primary","Initial",0.750083333333333,0.442656900629643,0.731520423596027,0.680327868852459,0.680327868852459,0.747083333333333,0.750833333333333,0,0,NA,0,62.3196721311475,0,NA,NA,NA,NA,NA,NA,NA
"Warped ellipsoids","class_imbalanced","random",3,261,3,12000,"primary","SpaGCN refine",0.825666666666667,0.578463686143912,0.659046641002513,0.489028213166144,0.557377049180328,0.808333333333333,0.83,0.49349783261087,0.0636595933785135,0.678276810265811,0.181833333333333,62.3196721311475,0.0260000000000105,NA,NA,NA,NA,NA,NA,NA
"Warped ellipsoids","class_imbalanced","random",3,261,3,12000,"primary","GraphST refine",0.664,0.131989242688607,0.228880874721408,0,0,0.728333333333333,0.647916666666667,0.654218072690897,0.332740806577047,0.359604105571848,0.454666666666667,62.3196721311475,0.103999999999999,NA,NA,NA,NA,NA,NA,NA
"Warped ellipsoids","class_imbalanced","random",3,261,3,12000,"primary","Potts-like ICM",0.6795,0.138210210590022,0.278078865989817,0,0,0.7275,0.6675,0.611203734578193,0.297744695033885,0.366893514811849,0.416333333333333,62.3196721311475,0.0579999999999927,NA,NA,NA,NA,NA,NA,NA
"Warped ellipsoids","class_imbalanced","region",1,262,1,12000,"primary","Initial",0.75,0.531966901653996,0.706539401537489,0.522222222222222,0.789473684210526,0.72875,0.7553125,0,0,NA,0,57.4135338345865,0,NA,NA,NA,NA,NA,NA,NA
"Warped ellipsoids","class_imbalanced","region",1,262,1,12000,"primary","SpaGCN refine",0.73725,0.504185772874219,0.556285608984144,0.135338345864662,0.135338345864662,0.705833333333333,0.745104166666667,0.0423333333333333,0.0311111111111111,0.292626728110599,0.0361666666666667,57.4135338345865,0.0310000000000059,NA,NA,NA,NA,NA,NA,NA
"Warped ellipsoids","class_imbalanced","region",1,262,1,12000,"primary","GraphST refine",0.704416666666667,0.433751871455462,0.43226793154492,0,0,0.6775,0.711145833333333,0.134333333333333,0.105555555555556,0.290764790764791,0.1155,57.4135338345865,0.135999999999996,NA,NA,NA,NA,NA,NA,NA
"Warped ellipsoids","class_imbalanced","region",1,262,1,12000,"primary","Potts-like ICM",0.71375,0.456650178837267,0.484281078854898,0.165413533834586,0.165413533834586,0.6925,0.7190625,0.113,0.086,0.299469964664311,0.0943333333333333,57.4135338345865,0.0759999999999934,NA,NA,NA,NA,NA,NA,NA
"Warped ellipsoids","class_imbalanced","region",2,263,1,12000,"primary","Initial",0.75,0.492428866034099,0.809025344826191,0.708179419525066,0.970149253731343,0.75125,0.7496875,0,0,NA,0,56.5671641791045,0,NA,NA,NA,NA,NA,NA,NA
"Warped ellipsoids","class_imbalanced","region",2,263,1,12000,"primary","SpaGCN refine",0.723333333333333,0.459058329886391,0.582698804168798,0.245454545454545,0.425373134328358,0.714583333333333,0.725520833333333,0.0106666666666667,0.0391111111111111,0.0833333333333333,0.032,56.5671641791045,0.0330000000000013,NA,NA,NA,NA,NA,NA,NA
"Warped ellipsoids","class_imbalanced","region",2,263,1,12000,"primary","GraphST refine",0.68975,0.414841589285416,0.404396069262161,0,0,0.687083333333333,0.690416666666667,0.0576666666666667,0.0995555555555555,0.161833489242282,0.0890833333333333,56.5671641791045,0.14800000000001,NA,NA,NA,NA,NA,NA,NA
"Warped ellipsoids","class_imbalanced","region",2,263,1,12000,"primary","Potts-like ICM",0.704166666666667,0.439224985532471,0.477726286461198,0.0223880597014925,0.0223880597014925,0.70625,0.703645833333333,0.0413333333333333,0.0748888888888889,0.155388471177945,0.0665,56.5671641791045,0.0790000000000077,NA,NA,NA,NA,NA,NA,NA
"Warped ellipsoids","class_imbalanced","region",3,264,3,12000,"primary","Initial",0.750083333333333,0.583251737869088,0.85764454461048,0.632343320685595,0.811023622047244,0.840833333333333,0.727395833333333,0,0,NA,0,60.1811023622047,0,NA,NA,NA,NA,NA,NA,NA
"Warped ellipsoids","class_imbalanced","region",3,264,3,12000,"primary","SpaGCN refine",0.729166666666667,0.566621349720181,0.665506480983592,0.37007874015748,0.37007874015748,0.783333333333333,0.715625,0.0113371123707903,0.0316631485390512,0.10625,0.0266666666666667,60.1811023622047,0.0289999999999964,NA,NA,NA,NA,NA,NA,NA
"Warped ellipsoids","class_imbalanced","region",3,264,3,12000,"primary","GraphST refine",0.65475,0.462400983273551,0.404322169561921,0,0.259842519685039,0.5825,0.6728125,0.0416805601867289,0.140984335073881,0.0892857142857143,0.116666666666667,60.1811023622047,0.131999999999991,NA,NA,NA,NA,NA,NA,NA
"Warped ellipsoids","class_imbalanced","region",3,264,3,12000,"primary","Potts-like ICM",0.718916666666667,0.547530169951303,0.645464508394676,0.393700787401575,0.393700787401575,0.75125,0.710833333333333,0.0156718906302101,0.0467725808243529,0.0997876857749469,0.03925,60.1811023622047,0.0659999999999883,NA,NA,NA,NA,NA,NA,NA
"Warped ellipsoids","irregular_z","boundary",1,265,1,12000,"primary","Initial",0.75,0.516866205538364,0.74905355581325,0.633376013657704,0.633376013657704,0,0.9375,0,0,NA,0,1.03841229193342,0,NA,NA,NA,NA,NA,NA,NA
"Warped ellipsoids","irregular_z","boundary",1,265,1,12000,"primary","SpaGCN refine",0.811916666666667,0.606818680903282,0.811247576626854,0.720017072129748,0.720017072129748,0.236666666666667,0.955729166666667,0.268333333333333,0.00688888888888889,0.843815513626834,0.0795,1.03841229193342,0.0290000000000106,NA,NA,NA,NA,NA,NA,NA
"Warped ellipsoids","irregular_z","boundary",1,265,1,12000,"primary","GraphST refine",0.88275,0.73872841769441,0.882159141685575,0.79086641058472,0.79086641058472,0.64375,0.9425,0.676666666666667,0.0485555555555556,0.732323232323232,0.231,1.03841229193342,0.132999999999996,NA,NA,NA,NA,NA,NA,NA
"Warped ellipsoids","irregular_z","boundary",1,265,1,12000,"primary","Potts-like ICM",0.818583333333333,0.617458726674272,0.81788880369354,0.711481007255655,0.711481007255655,0.284583333333333,0.952083333333333,0.310333333333333,0.012,0.840252707581227,0.0923333333333333,1.03841229193342,0.0719999999999885,NA,NA,NA,NA,NA,NA,NA
"Warped ellipsoids","irregular_z","boundary",2,266,1,12000,"primary","Initial",0.75,0.516275676306142,0.750091667110383,0.631223628691983,0.631223628691983,0,0.9375,0,0,NA,0,1.0337552742616,0,NA,NA,NA,NA,NA,NA,NA
"Warped ellipsoids","irregular_z","boundary",2,266,1,12000,"primary","SpaGCN refine",0.8145,0.610754127047328,0.814481612979062,0.729957805907173,0.729957805907173,0.239583333333333,0.958229166666667,0.268333333333333,0.00344444444444444,0.876906318082789,0.0765,1.0337552742616,0.0309999999999917,NA,NA,NA,NA,NA,NA,NA
"Warped ellipsoids","irregular_z","boundary",2,266,1,12000,"primary","GraphST refine",0.880083333333333,0.730210542223734,0.880037781493749,0.819409282700422,0.819409282700422,0.639583333333333,0.940208333333333,0.674666666666667,0.0514444444444444,0.71646017699115,0.235416666666667,1.0337552742616,0.140000000000001,NA,NA,NA,NA,NA,NA,NA
"Warped ellipsoids","irregular_z","boundary",2,266,1,12000,"primary","Potts-like ICM",0.81775,0.614281671360817,0.817611475417893,0.736708860759494,0.736708860759494,0.281666666666667,0.951770833333333,0.307666666666667,0.0122222222222222,0.843692870201097,0.0911666666666667,1.0337552742616,0.0769999999999982,NA,NA,NA,NA,NA,NA,NA
"Warped ellipsoids","irregular_z","boundary",3,267,3,12000,"primary","Initial",0.750166666666667,0.514022112538702,0.74997004107362,0.636892397174907,0.832764505119454,0,0.937708333333333,0,0,NA,0,1.04820819112628,0,NA,NA,NA,NA,NA,NA,NA
"Warped ellipsoids","irregular_z","boundary",3,267,3,12000,"primary","SpaGCN refine",0.818583333333333,0.616363005424144,0.81838820327137,0.742002492729539,0.843430034129693,0.27875,0.953541666666667,0.303535690460307,0.00988669184625639,0.809608540925267,0.0936666666666667,1.04820819112628,0.0260000000000105,NA,NA,NA,NA,NA,NA,NA
"Warped ellipsoids","irregular_z","boundary",3,267,3,12000,"primary","GraphST refine",0.762583333333333,0.537998794558942,0.762098886521955,0.522226838388035,0.764078498293515,0.551666666666667,0.8153125,0.56971314209473,0.173183736947345,0.459016393442623,0.310083333333333,1.04820819112628,0.132000000000005,NA,NA,NA,NA,NA,NA,NA
"Warped ellipsoids","irregular_z","boundary",3,267,3,12000,"primary","Potts-like ICM",0.784833333333333,0.560034807438098,0.784477658192048,0.687577897798089,0.793088737201365,0.19625,0.931979166666667,0.21581054036024,0.0256609642301711,0.687566418703507,0.0784166666666667,1.04820819112628,0.0620000000000118,NA,NA,NA,NA,NA,NA,NA
"Warped ellipsoids","irregular_z","patch",1,268,1,12000,"primary","Initial",0.75,0.547820216130914,0.749211657334991,0.507124895222129,0.785985647952723,0.785416666666667,0.741145833333333,0,0,NA,0,1.03081468974251,0,NA,NA,NA,NA,NA,NA,NA
"Warped ellipsoids","irregular_z","patch",1,268,1,12000,"primary","SpaGCN refine",0.738583333333333,0.527777487096809,0.737822212163049,0.502514668901928,0.770789362600253,0.7275,0.741354166666667,0.02,0.0218888888888889,0.13215859030837,0.0378333333333333,1.03081468974251,0.0320000000000107,NA,NA,NA,NA,NA,NA,NA
"Warped ellipsoids","irregular_z","patch",1,268,1,12000,"primary","GraphST refine",0.701833333333333,0.467424821568297,0.701033291129833,0.473595976529757,0.710004221190376,0.59375,0.728854166666667,0.156,0.116222222222222,0.220754716981132,0.176666666666667,1.03081468974251,0.144000000000005,NA,NA,NA,NA,NA,NA,NA
"Warped ellipsoids","irregular_z","patch",1,268,1,12000,"primary","Potts-like ICM",0.7215,0.50133057087939,0.720803997220692,0.485750209555742,0.767834529337273,0.68125,0.7315625,0.0243333333333333,0.0461111111111111,0.125862068965517,0.0483333333333333,1.03081468974251,0.0739999999999981,NA,NA,NA,NA,NA,NA,NA
"Warped ellipsoids","irregular_z","patch",2,269,1,12000,"primary","Initial",0.75,0.50720222634598,0.750756747152205,0.676973148901546,0.855612682090831,0.687916666666667,0.765520833333333,0,0,NA,0,1.05312767780634,0,NA,NA,NA,NA,NA,NA,NA
"Warped ellipsoids","irregular_z","patch",2,269,1,12000,"primary","SpaGCN refine",0.741916666666667,0.49548429328412,0.742644054629459,0.677786818551668,0.853041988003428,0.6425,0.766770833333333,0.0256666666666667,0.0193333333333333,0.162790697674419,0.0394166666666667,1.05312767780634,0.0300000000000011,NA,NA,NA,NA,NA,NA,NA
"Warped ellipsoids","irregular_z","patch",2,269,1,12000,"primary","GraphST refine",0.733666666666667,0.477910914301581,0.7342535091302,0.678677405680373,0.836332476435304,0.57,0.774583333333333,0.233666666666667,0.0996666666666667,0.287648748461223,0.203083333333333,1.05312767780634,0.132999999999996,NA,NA,NA,NA,NA,NA,NA
"Warped ellipsoids","irregular_z","patch",2,269,1,12000,"primary","Potts-like ICM",0.731833333333333,0.481660947611409,0.73264591659928,0.666392092257002,0.852185089974293,0.61125,0.761979166666667,0.0153333333333333,0.0293333333333333,0.101769911504425,0.0376666666666667,1.05312767780634,0.0750000000000028,NA,NA,NA,NA,NA,NA,NA
"Warped ellipsoids","irregular_z","patch",3,270,3,12000,"primary","Initial",0.750166666666667,0.515739335438008,0.750591628777906,0.582089552238806,0.774343776460627,0.779166666666667,0.742916666666667,0,0,NA,0,1.038950042337,0,NA,NA,NA,NA,NA,NA,NA
"Warped ellipsoids","irregular_z","patch",3,270,3,12000,"primary","SpaGCN refine",0.73725,0.495105791667771,0.737580818335861,0.574626865671642,0.762489415749365,0.725416666666667,0.740208333333333,0.038025350233489,0.0298822483892468,0.211111111111111,0.045,1.038950042337,0.0260000000000105,NA,NA,NA,NA,NA,NA,NA
"Warped ellipsoids","irregular_z","patch",3,270,3,12000,"primary","GraphST refine",0.63075,0.350340826669017,0.63021421951732,0.497927031509121,0.570702794242168,0.534166666666667,0.654895833333333,0.273515677118079,0.250277716063097,0.231181279954891,0.295583333333333,1.038950042337,0.134,NA,NA,NA,NA,NA,NA,NA
"Warped ellipsoids","irregular_z","patch",3,270,3,12000,"primary","Potts-like ICM",0.719083333333333,0.468343381417885,0.719274394135678,0.56592039800995,0.757832345469941,0.689583333333333,0.726458333333333,0.0456971314209473,0.0566540768718063,0.178617992177314,0.0639166666666667,1.038950042337,0.061000000000007,NA,NA,NA,NA,NA,NA,NA
"Warped ellipsoids","irregular_z","random",1,271,1,12000,"primary","Initial",0.75,0.50131685524641,0.750092467209587,0.742777997625643,0.754340277777778,0.752083333333333,0.749479166666667,0,0,NA,0,1.09678819444444,0,NA,NA,NA,NA,NA,NA,NA
"Warped ellipsoids","irregular_z","random",1,271,1,12000,"primary","SpaGCN refine",0.874333333333333,0.716817862816913,0.874089342800819,0.840628984275393,0.884548611111111,0.768333333333333,0.900833333333333,0.568666666666667,0.0237777777777778,0.869077941925624,0.163583333333333,1.09678819444444,0.0310000000000059,NA,NA,NA,NA,NA,NA,NA
"Warped ellipsoids","irregular_z","random",1,271,1,12000,"primary","GraphST refine",0.876333333333333,0.722211940766904,0.875988880572153,0.834254143646409,0.845920138888889,0.634583333333333,0.936770833333333,0.870666666666667,0.121777777777778,0.68359068306726,0.318416666666667,1.09678819444444,0.141999999999996,NA,NA,NA,NA,NA,NA,NA
"Warped ellipsoids","irregular_z","random",1,271,1,12000,"primary","Potts-like ICM",0.903916666666667,0.77855881637053,0.90368525225691,0.861979166666667,0.861979166666667,0.740416666666667,0.944791666666667,0.733666666666667,0.0393333333333333,0.850792423656745,0.215583333333333,1.09678819444444,0.0739999999999981,NA,NA,NA,NA,NA,NA,NA
"Warped ellipsoids","irregular_z","random",2,272,1,12000,"primary","Initial",0.75,0.502488746480096,0.750081618385709,0.734516928158547,0.762855928601785,0.752916666666667,0.749270833333333,0,0,NA,0,1.03314917127072,0,NA,NA,NA,NA,NA,NA,NA
"Warped ellipsoids","irregular_z","random",2,272,1,12000,"primary","SpaGCN refine",0.86575,0.701102918201439,0.865903539668587,0.827415359207267,0.889077773055674,0.7625,0.8915625,0.534666666666667,0.0238888888888889,0.862829478214094,0.154916666666667,1.03314917127072,0.0300000000000011,NA,NA,NA,NA,NA,NA,NA
"Warped ellipsoids","irregular_z","random",2,272,1,12000,"primary","GraphST refine",0.868916666666667,0.710234962101959,0.869167255170009,0.81420313790256,0.873778155546111,0.624166666666667,0.930104166666667,0.864,0.129444444444444,0.671328671328671,0.32175,1.03314917127072,0.138999999999996,NA,NA,NA,NA,NA,NA,NA
"Warped ellipsoids","irregular_z","random",2,272,1,12000,"primary","Potts-like ICM",0.900083333333333,0.771521972727549,0.900095382113299,0.874203144921377,0.874203144921377,0.732916666666667,0.941875,0.729333333333333,0.043,0.840245775729647,0.217,1.03314917127072,0.0760000000000076,NA,NA,NA,NA,NA,NA,NA
"Warped ellipsoids","irregular_z","random",3,273,3,12000,"primary","Initial",0.750083333333333,0.504252464742598,0.750155852770436,0.735779060181369,0.755040755040755,0.7425,0.751979166666667,0,0,NA,0,1.05662805662806,0,NA,NA,NA,NA,NA,NA,NA
"Warped ellipsoids","irregular_z","random",3,273,3,12000,"primary","SpaGCN refine",0.844333333333333,0.661020737148524,0.844573228718778,0.818631492168178,0.87044187044187,0.742083333333333,0.869895833333333,0.476825608536179,0.0332185312743029,0.79136690647482,0.150583333333333,1.05662805662806,0.0259999999999962,NA,NA,NA,NA,NA,NA,NA
"Warped ellipsoids","irregular_z","random",3,273,3,12000,"primary","GraphST refine",0.758666666666667,0.522862405431928,0.758761020179222,0.641211604095563,0.863148863148863,0.552083333333333,0.8103125,0.752250750250083,0.239195644928341,0.483808706841089,0.388583333333333,1.05662805662806,0.134,NA,NA,NA,NA,NA,NA,NA
"Warped ellipsoids","irregular_z","random",3,273,3,12000,"primary","Potts-like ICM",0.84225,0.660176251070896,0.842220497397431,0.776586974443528,0.867009867009867,0.700833333333333,0.877604166666667,0.530510170056686,0.0538829018997889,0.74765037593985,0.177333333333333,1.05662805662806,0.0630000000000024,NA,NA,NA,NA,NA,NA,NA
"Warped ellipsoids","irregular_z","region",1,274,1,12000,"primary","Initial",0.75,0.490237151691715,0.749451361207828,0.673572938689218,0.673572938689218,0.7175,0.758125,0,0,NA,0,1.03340380549683,0,NA,NA,NA,NA,NA,NA,NA
"Warped ellipsoids","irregular_z","region",1,274,1,12000,"primary","SpaGCN refine",0.739333333333333,0.47022097630697,0.738775777539706,0.66892177589852,0.66892177589852,0.670833333333333,0.756458333333333,0.015,0.0192222222222222,0.152027027027027,0.0246666666666667,1.03340380549683,0.0330000000000013,NA,NA,NA,NA,NA,NA,NA
"Warped ellipsoids","irregular_z","region",1,274,1,12000,"primary","GraphST refine",0.687,0.378416517871165,0.686530349741768,0.588916459884202,0.631712473572939,0.51375,0.7303125,0.0853333333333333,0.112444444444444,0.167320261437908,0.1275,1.03340380549683,0.135000000000005,NA,NA,NA,NA,NA,NA,NA
"Warped ellipsoids","irregular_z","region",1,274,1,12000,"primary","Potts-like ICM",0.725833333333333,0.448988516831618,0.72529304956246,0.65708245243129,0.65708245243129,0.630833333333333,0.749583333333333,0.00366666666666667,0.0334444444444444,0.0305555555555556,0.03,1.03340380549683,0.0739999999999981,NA,NA,NA,NA,NA,NA,NA
"Warped ellipsoids","irregular_z","region",2,275,1,12000,"primary","Initial",0.75,0.462768787999632,0.75019058756629,0.663907284768212,0.731413837559089,0.752916666666667,0.749270833333333,0,0,NA,0,1.06446067898582,0,NA,NA,NA,NA,NA,NA,NA
"Warped ellipsoids","irregular_z","region",2,275,1,12000,"primary","SpaGCN refine",0.739583333333333,0.444828711539363,0.739713277631273,0.653559602649007,0.716802750322303,0.703333333333333,0.748645833333333,0.0133333333333333,0.0183333333333333,0.160642570281124,0.02075,1.06446067898582,0.0319999999999965,NA,NA,NA,NA,NA,NA,NA
"Warped ellipsoids","irregular_z","region",2,275,1,12000,"primary","GraphST refine",0.7095,0.379970450970863,0.708605738368163,0.631208609271523,0.64331757627847,0.5625,0.74625,0.151666666666667,0.104555555555556,0.303535690460307,0.124916666666667,1.06446067898582,0.144999999999996,NA,NA,NA,NA,NA,NA,NA
"Warped ellipsoids","irregular_z","region",2,275,1,12000,"primary","Potts-like ICM",0.72775,0.42737693726975,0.727929918752425,0.650248344370861,0.70391061452514,0.659583333333333,0.744791666666667,0.012,0.0336666666666667,0.0986301369863014,0.0304166666666667,1.06446067898582,0.0790000000000077,NA,NA,NA,NA,NA,NA,NA
"Warped ellipsoids","irregular_z","region",3,276,3,12000,"primary","Initial",0.750083333333333,0.472601443360876,0.750015745515073,0.679126417471651,0.792942176870748,0.7475,0.750729166666667,0,0,NA,0,1.05102040816327,0,NA,NA,NA,NA,NA,NA,NA
"Warped ellipsoids","irregular_z","region",3,276,3,12000,"primary","SpaGCN refine",0.735916666666667,0.447380164100233,0.735801408842857,0.675346493070139,0.772108843537415,0.694166666666667,0.746354166666667,0.0230076692230744,0.0265526052660815,0.211009174311927,0.02725,1.05102040816327,0.0259999999999962,NA,NA,NA,NA,NA,NA,NA
"Warped ellipsoids","irregular_z","region",3,276,3,12000,"primary","GraphST refine",0.606416666666667,0.266302026081526,0.605581033601359,0.441251056635672,0.627125850340136,0.460833333333333,0.6428125,0.145048349449817,0.239862237529163,0.16743648960739,0.2165,1.05102040816327,0.132999999999996,NA,NA,NA,NA,NA,NA,NA
"Warped ellipsoids","irregular_z","region",3,276,3,12000,"primary","Potts-like ICM",0.720083333333333,0.4214220057948,0.719789449410306,0.666526669466611,0.728741496598639,0.657916666666667,0.735625,0.0426808936312104,0.0542161982002,0.207792207792208,0.0513333333333333,1.05102040816327,0.0630000000000024,NA,NA,NA,NA,NA,NA,NA
"Warped ellipsoids","uniform","boundary",1,277,1,12000,"primary","Initial",0.75,0.515755239317052,0.750454441822314,0.632874426366291,0.893025246041934,0,0.9375,0,0,NA,0,1.05263157894737,0,NA,NA,NA,NA,NA,NA,NA
"Warped ellipsoids","uniform","boundary",1,277,1,12000,"primary","SpaGCN refine",0.818166666666667,0.616961675370576,0.818554003742702,0.733416770963705,0.90928540864356,0.25875,0.958020833333333,0.289,0.00544444444444444,0.845853658536585,0.0854166666666667,1.05263157894737,0.0330000000000013,NA,NA,NA,NA,NA,NA,NA
"Warped ellipsoids","uniform","boundary",1,277,1,12000,"primary","GraphST refine",0.837083333333333,0.655733238496566,0.837723795590127,0.647893199833125,0.93581514762516,0.6025,0.895729166666667,0.626666666666667,0.0927777777777778,0.601407549584133,0.2605,1.05263157894737,0.141000000000005,NA,NA,NA,NA,NA,NA,NA
"Warped ellipsoids","uniform","boundary",1,277,1,12000,"primary","Potts-like ICM",0.77725,0.552705112261935,0.777807397249234,0.651230705047977,0.896876337184424,0.1275,0.9396875,0.138,0.00966666666666667,0.794625719769674,0.0434166666666667,1.05263157894737,0.0790000000000077,NA,NA,NA,NA,NA,NA,NA
"Warped ellipsoids","uniform","boundary",2,278,1,12000,"primary","Initial",0.75,0.514139757274017,0.751296405680542,0.625,0.862595419847328,0,0.9375,0,0,NA,0,1.0470737913486,0,NA,NA,NA,NA,NA,NA,NA
"Warped ellipsoids","uniform","boundary",2,278,1,12000,"primary","SpaGCN refine",0.8165,0.613079709142283,0.817179356642748,0.726588628762542,0.871077184054283,0.259166666666667,0.955833333333333,0.285,0.00633333333333333,0.830097087378641,0.0858333333333333,1.0470737913486,0.0319999999999965,NA,NA,NA,NA,NA,NA,NA
"Warped ellipsoids","uniform","boundary",2,278,1,12000,"primary","GraphST refine",0.82325,0.631654001655753,0.823525352104686,0.612458193979933,0.860474978795589,0.57875,0.884375,0.610333333333333,0.105777777777778,0.573801316201818,0.265916666666667,1.0470737913486,0.141999999999996,NA,NA,NA,NA,NA,NA,NA
"Warped ellipsoids","uniform","boundary",2,278,1,12000,"primary","Potts-like ICM",0.773416666666667,0.54491283494975,0.774263006843618,0.650919732441472,0.840542832909245,0.13,0.934270833333333,0.141666666666667,0.016,0.71912013536379,0.04925,1.0470737913486,0.0799999999999983,NA,NA,NA,NA,NA,NA,NA
"Warped ellipsoids","uniform","boundary",3,279,3,12000,"primary","Initial",0.750083333333333,0.51956580914653,0.749586102548978,0.630159378831222,0.705476498490729,0,0.937604166666667,0,0,NA,0,1.05519620526089,0,NA,NA,NA,NA,NA,NA,NA
"Warped ellipsoids","uniform","boundary",3,279,3,12000,"primary","SpaGCN refine",0.796916666666667,0.585518376919735,0.796781644816065,0.696362893338782,0.788702026735662,0.222916666666667,0.940416666666667,0.238746248749583,0.017109210087768,0.672300469483568,0.08875,1.05519620526089,0.0280000000000058,NA,NA,NA,NA,NA,NA,NA
"Warped ellipsoids","uniform","boundary",3,279,3,12000,"primary","GraphST refine",0.723583333333333,0.50446547751901,0.723778166172029,0.503064977523498,0.774040534713238,0.53375,0.771041666666667,0.541513837945982,0.215753805132763,0.390854392298436,0.34625,1.05519620526089,0.126999999999995,NA,NA,NA,NA,NA,NA,NA
"Warped ellipsoids","uniform","boundary",3,279,3,12000,"primary","Potts-like ICM",0.762,0.535476704406337,0.761768150114804,0.639149979566817,0.746873652436395,0.08625,0.9309375,0.0876958986328776,0.0133318520164426,0.617370892018779,0.0355,1.05519620526089,0.0640000000000072,NA,NA,NA,NA,NA,NA,NA
"Warped ellipsoids","uniform","patch",1,280,1,12000,"primary","Initial",0.75,0.510089041845582,0.749783988583461,0.678616090037516,0.751895534962089,0.7325,0.754375,0,0,NA,0,1.02358887952822,0,NA,NA,NA,NA,NA,NA,NA
"Warped ellipsoids","uniform","patch",1,280,1,12000,"primary","SpaGCN refine",0.740833333333333,0.497074509486614,0.740595728513486,0.66902876198416,0.737994945240101,0.692083333333333,0.753020833333333,0.0266666666666667,0.0211111111111111,0.173913043478261,0.0383333333333333,1.02358887952822,0.0310000000000059,NA,NA,NA,NA,NA,NA,NA
"Warped ellipsoids","uniform","patch",1,280,1,12000,"primary","GraphST refine",0.73725,0.491549869414364,0.736887685082068,0.608586911213005,0.705560235888795,0.563333333333333,0.780729166666667,0.402,0.151,0.402402402402402,0.24975,1.02358887952822,0.13900000000001,NA,NA,NA,NA,NA,NA,NA
"Warped ellipsoids","uniform","patch",1,280,1,12000,"primary","Potts-like ICM",0.7315,0.487651844949415,0.731205451368458,0.634431012922051,0.732940185341196,0.674583333333333,0.745729166666667,0.0133333333333333,0.0291111111111111,0.12987012987013,0.0256666666666667,1.02358887952822,0.078000000000003,NA,NA,NA,NA,NA,NA,NA
"Warped ellipsoids","uniform","patch",2,281,1,12000,"primary","Initial",0.75,0.53028954183393,0.749195062014722,0.568296795952782,0.568296795952782,0.774166666666667,0.743958333333333,0,0,NA,0,1.02571669477234,0,NA,NA,NA,NA,NA,NA,NA
"Warped ellipsoids","uniform","patch",2,281,1,12000,"primary","SpaGCN refine",0.744083333333333,0.51872003946765,0.743298670661405,0.563237774030354,0.563237774030354,0.741666666666667,0.7446875,0.04,0.0212222222222222,0.265486725663717,0.0376666666666667,1.02571669477234,0.0310000000000059,NA,NA,NA,NA,NA,NA,NA
"Warped ellipsoids","uniform","patch",2,281,1,12000,"primary","GraphST refine",0.69475,0.443485427528155,0.693982009089399,0.500843170320405,0.500843170320405,0.558333333333333,0.728854166666667,0.299666666666667,0.173555555555556,0.310535405872193,0.24125,1.02571669477234,0.141999999999996,NA,NA,NA,NA,NA,NA,NA
"Warped ellipsoids","uniform","patch",2,281,1,12000,"primary","Potts-like ICM",0.729,0.49490202789074,0.728277260105908,0.54637436762226,0.54637436762226,0.714583333333333,0.732604166666667,0.036,0.04,0.206500956022945,0.0435833333333333,1.02571669477234,0.0799999999999983,NA,NA,NA,NA,NA,NA,NA
"Warped ellipsoids","uniform","patch",3,282,3,12000,"primary","Initial",0.750083333333333,0.531177090108291,0.750162519414242,0.525473684210526,0.846219201359388,0.79875,0.737916666666667,0,0,NA,0,1.04757858963466,0,NA,NA,NA,NA,NA,NA,NA
"Warped ellipsoids","uniform","patch",3,282,3,12000,"primary","SpaGCN refine",0.728833333333333,0.495994730997934,0.728834063117829,0.515368421052632,0.812234494477485,0.727916666666667,0.7290625,0.0380126708902968,0.040995444950561,0.186274509803922,0.051,1.04757858963466,0.027000000000001,NA,NA,NA,NA,NA,NA,NA
"Warped ellipsoids","uniform","patch",3,282,3,12000,"primary","GraphST refine",0.618416666666667,0.353663605698387,0.61700840082732,0.398736842105263,0.5964316057774,0.509583333333333,0.645625,0.37079026342114,0.299077880235529,0.272950417280314,0.3395,1.04757858963466,0.120999999999995,NA,NA,NA,NA,NA,NA,NA
"Warped ellipsoids","uniform","patch",3,282,3,12000,"primary","Potts-like ICM",0.707833333333333,0.474469622691385,0.707557228667227,0.447157894736842,0.80161427357689,0.717083333333333,0.705520833333333,0.0213404468156052,0.0634373958449061,0.0989180834621329,0.0539166666666667,1.04757858963466,0.0619999999999976,NA,NA,NA,NA,NA,NA,NA
"Warped ellipsoids","uniform","random",1,283,1,12000,"primary","Initial",0.75,0.501371722089005,0.74999160605264,0.737956810631229,0.755754475703325,0.753333333333333,0.749166666666667,0,0,NA,0,1.04390451832907,0,NA,NA,NA,NA,NA,NA,NA
"Warped ellipsoids","uniform","random",1,283,1,12000,"primary","SpaGCN refine",0.838,0.647128070802003,0.838000552473637,0.824590851867394,0.846547314578005,0.733333333333333,0.864166666666667,0.452,0.0333333333333333,0.785176606832658,0.143916666666667,1.04390451832907,0.0299999999999869,NA,NA,NA,NA,NA,NA,NA
"Warped ellipsoids","uniform","random",1,283,1,12000,"primary","GraphST refine",0.822333333333333,0.620414891991894,0.822402200695598,0.733109525807805,0.868286445012788,0.581666666666667,0.8825,0.834,0.181555555555556,0.581995812979763,0.35825,1.04390451832907,0.138999999999996,NA,NA,NA,NA,NA,NA,NA
"Warped ellipsoids","uniform","random",1,283,1,12000,"primary","Potts-like ICM",0.84325,0.661329263142382,0.843678649282378,0.765421737305917,0.936061381074169,0.735833333333333,0.870104166666667,0.461,0.0293333333333333,0.830132052821128,0.138833333333333,1.04390451832907,0.078000000000003,NA,NA,NA,NA,NA,NA,NA
"Warped ellipsoids","uniform","random",2,284,1,12000,"primary","Initial",0.75,0.501405219666541,0.750030987702262,0.74615064502705,0.754154239454623,0.76125,0.7471875,0,0,NA,0,1.03706859821048,0,NA,NA,NA,NA,NA,NA,NA
"Warped ellipsoids","uniform","random",2,284,1,12000,"primary","SpaGCN refine",0.839166666666667,0.649259974129842,0.839165693723239,0.829087921117502,0.831273966766084,0.7525,0.860833333333333,0.455666666666667,0.033,0.787896253602306,0.144583333333333,1.03706859821048,0.0309999999999917,NA,NA,NA,NA,NA,NA,NA
"Warped ellipsoids","uniform","random",2,284,1,12000,"primary","GraphST refine",0.814,0.605969871121414,0.81406179033141,0.740345110928513,0.792074989348104,0.574583333333333,0.873854166666667,0.816,0.186666666666667,0.568773234200744,0.358666666666667,1.03706859821048,0.138000000000005,NA,NA,NA,NA,NA,NA,NA
"Warped ellipsoids","uniform","random",2,284,1,12000,"primary","Potts-like ICM",0.838666666666667,0.653012255463946,0.838973083755272,0.75924404272802,0.88027268853856,0.72875,0.866145833333333,0.468,0.0377777777777778,0.791431792559188,0.147833333333333,1.03706859821048,0.097999999999999,NA,NA,NA,NA,NA,NA,NA
"Warped ellipsoids","uniform","random",3,285,3,12000,"primary","Initial",0.750083333333333,0.501627236106725,0.75010547552235,0.732224532224532,0.757948283170835,0.760416666666667,0.7475,0,0,NA,0,1.02416278083934,0,NA,NA,NA,NA,NA,NA,NA
"Warped ellipsoids","uniform","random",3,285,3,12000,"primary","SpaGCN refine",0.806833333333333,0.592118643779307,0.806899475949439,0.771725571725572,0.824501907587961,0.735833333333333,0.824583333333333,0.365455151717239,0.0461059882235307,0.685,0.133333333333333,1.02416278083934,0.0279999999999916,NA,NA,NA,NA,NA,NA,NA
"Warped ellipsoids","uniform","random",3,285,3,12000,"primary","GraphST refine",0.716,0.462676659687992,0.716498616722718,0.534719334719335,0.843577787197965,0.54,0.76,0.721573857952651,0.28585712698589,0.431161585973301,0.41825,1.02416278083934,0.117999999999995,NA,NA,NA,NA,NA,NA,NA
"Warped ellipsoids","uniform","random",3,285,3,12000,"primary","Potts-like ICM",0.80675,0.596733840557279,0.806707604078086,0.725155925155925,0.799067401441289,0.73125,0.825625,0.324108036012004,0.032440839906677,0.754658385093168,0.107333333333333,1.02416278083934,0.0619999999999976,NA,NA,NA,NA,NA,NA,NA
"Warped ellipsoids","uniform","region",1,286,1,12000,"primary","Initial",0.75,0.466401646104923,0.749692025802921,0.720754716981132,0.745610278372591,0.749166666666667,0.750208333333333,0,0,NA,0,1.08693790149893,0,NA,NA,NA,NA,NA,NA,NA
"Warped ellipsoids","uniform","region",1,286,1,12000,"primary","SpaGCN refine",0.738916666666667,0.445617722889202,0.738739496733107,0.710691823899371,0.732334047109208,0.7025,0.748020833333333,0.0206666666666667,0.0216666666666667,0.19375,0.0266666666666667,1.08693790149893,0.039999999999992,NA,NA,NA,NA,NA,NA,NA
"Warped ellipsoids","uniform","region",1,286,1,12000,"primary","GraphST refine",0.665916666666667,0.330294412097241,0.666250550307784,0.645616950560864,0.647537473233405,0.52125,0.702083333333333,0.166333333333333,0.167555555555556,0.239673390970221,0.1735,1.08693790149893,0.140999999999991,NA,NA,NA,NA,NA,NA,NA
"Warped ellipsoids","uniform","region",1,286,1,12000,"primary","Potts-like ICM",0.730083333333333,0.425915440724895,0.729984540647805,0.709014675052411,0.716059957173448,0.689166666666667,0.7403125,0.0366666666666667,0.0387777777777778,0.22964509394572,0.0399166666666667,1.08693790149893,0.0789999999999935,NA,NA,NA,NA,NA,NA,NA
"Warped ellipsoids","uniform","region",2,287,1,12000,"primary","Initial",0.75,0.620352781905945,0.75107483538242,0.370200333889816,0.980615254951538,0.799583333333333,0.737604166666667,0,0,NA,0,1.02528445006321,0,NA,NA,NA,NA,NA,NA,NA
"Warped ellipsoids","uniform","region",2,287,1,12000,"primary","SpaGCN refine",0.742916666666667,0.601918229751978,0.743913713561307,0.364357262103506,0.965444584913612,0.767916666666667,0.736666666666667,0.032,0.0201111111111111,0.248704663212435,0.0321666666666667,1.02528445006321,0.0319999999999965,NA,NA,NA,NA,NA,NA,NA
"Warped ellipsoids","uniform","region",2,287,1,12000,"primary","GraphST refine",0.673583333333333,0.450295041080613,0.6739400103482,0.328881469115192,0.79646017699115,0.544166666666667,0.7059375,0.217,0.174222222222222,0.258744038155803,0.209666666666667,1.02528445006321,0.14200000000001,NA,NA,NA,NA,NA,NA,NA
"Warped ellipsoids","uniform","region",2,287,1,12000,"primary","Potts-like ICM",0.730416666666667,0.569823834919885,0.73128105419946,0.359348914858097,0.940581542351454,0.737916666666667,0.728541666666667,0.039,0.0391111111111111,0.235412474849095,0.0414166666666667,1.02528445006321,0.0789999999999935,NA,NA,NA,NA,NA,NA,NA
"Warped ellipsoids","uniform","region",3,288,3,12000,"primary","Initial",0.750083333333333,0.474486103933008,0.749657875804514,0.651083722906927,0.651083722906927,0.7725,0.744479166666667,0,0,NA,0,1.03612409689758,0,NA,NA,NA,NA,NA,NA,NA
"Warped ellipsoids","uniform","region",3,288,3,12000,"primary","SpaGCN refine",0.73025,0.438886450136772,0.729754675880732,0.634934126646834,0.634934126646834,0.709166666666667,0.735520833333333,0.0376792264088029,0.0389956671480947,0.22244094488189,0.0423333333333333,1.03612409689758,0.0259999999999962,NA,NA,NA,NA,NA,NA,NA
"Warped ellipsoids","uniform","region",3,288,3,12000,"primary","GraphST refine",0.5925,0.255063709693968,0.591522497090928,0.418975650713686,0.552486187845304,0.48625,0.6190625,0.216072024008003,0.282079768914565,0.202184087363495,0.267083333333333,1.03612409689758,0.113,NA,NA,NA,NA,NA,NA,NA
"Warped ellipsoids","uniform","region",3,288,3,12000,"primary","Potts-like ICM",0.735833333333333,0.443524163830788,0.734997065262684,0.603484912877178,0.603484912877178,0.725416666666667,0.7384375,0.100366788929643,0.052438617931341,0.389391979301423,0.0644166666666667,1.03612409689758,0.0589999999999975,NA,NA,NA,NA,NA,NA,NA
"Branching tubes","class_imbalanced","boundary",1,1,1,12000,"primary","FiberMargin",0.8045,0.437527292675801,0.257162862927755,0.0538461538461538,0.104166666666667,0.1675,0.96375,0.238666666666667,0.00688888888888889,0.454026632847178,0.131416666666667,224.5625,0.0660000000000001,5,0.75,0.0545,0.218,0.885425364133964,0,12000
"Branching tubes","class_imbalanced","boundary",2,2,1,12000,"primary","FiberMargin",0.78925,0.120958848104701,0.261270902395999,0.0461538461538462,0.0731707317073171,0.0758333333333333,0.967604166666667,0.160666666666667,0.00122222222222222,0.318572372769332,0.126083333333333,285.463414634146,0.0660000000000001,5,0.75,0.03925,0.157,0.806732740943267,0,12000
"Branching tubes","class_imbalanced","boundary",3,3,3,12000,"primary","FiberMargin",0.8895,0.733925046311665,0.83469656793746,0.745011086474501,0.754578754578755,0.52875,0.9796875,0.580333333333333,0.00744444444444444,0.768314210061783,0.188833333333333,9.96153846153846,0.0659999999999998,5,0.75,0.1395,0.558,0.974259974259974,0,12000
"Branching tubes","class_imbalanced","patch",1,4,1,12000,"primary","FiberMargin",0.770583333333333,0.44646662556909,0.623601467280228,0.283783783783784,0.283783783783784,0.67,0.795729166666667,0.128,0.0152222222222222,0.205567451820128,0.155666666666667,124.162162162162,0.062,5,0.75,0.0205833333333333,0.0823333333333331,0.776556377884197,0,12000
"Branching tubes","class_imbalanced","patch",2,5,1,12000,"primary","FiberMargin",0.773416666666667,0.56686999799607,0.640462554646649,0.402061855670103,0.402061855670103,0.616666666666667,0.812604166666667,0.152,0.0194444444444444,0.267448680351906,0.142083333333333,74.4329896907217,0.0609999999999999,5,0.75,0.0234166666666666,0.0936666666666666,0.85,0,12000
"Branching tubes","class_imbalanced","patch",3,6,3,12000,"primary","FiberMargin",0.77925,0.546667351420767,0.582170236658481,0.0752688172043011,0.0752688172043011,0.622083333333333,0.818541666666667,0.198333333333333,0.0271111111111111,0.313653136531365,0.158083333333333,77.258064516129,0.0579999999999998,5,0.75,0.02925,0.117,0.872929714683368,0,12000
"Branching tubes","class_imbalanced","random",1,7,1,12000,"primary","FiberMargin",0.980583333333333,0.883731555769649,0.567944861532631,0.12280701754386,0.12280701754386,0.91625,0.996666666666667,0.960333333333333,0.0126666666666667,0.944899967202361,0.254083333333333,189.017543859649,0.0580000000000003,5,0.75,0.230583333333333,0.922333333333333,0.996658622609987,0,12000
"Branching tubes","class_imbalanced","random",2,8,1,12000,"primary","FiberMargin",0.984166666666667,0.899609644720434,0.629524529574567,0.25,0.25,0.9275,0.998333333333333,0.966666666666667,0.01,0.954889693776753,0.253083333333333,226.5625,0.06,5,0.75,0.234166666666667,0.936666666666667,0.996965517241379,0,12000
"Branching tubes","class_imbalanced","random",3,9,3,12000,"primary","FiberMargin",0.9525,0.883294471401574,0.756277345901149,0.045045045045045,0.045045045045045,0.872083333333333,0.972604166666667,0.920280186791194,0.0367696067540547,0.860842433697348,0.267083333333333,64.7927927927928,0.0590000000000002,5,0.750166666666667,0.202333333333333,0.809873248832555,0.958982202447163,0,12000
"Branching tubes","class_imbalanced","region",1,10,1,12000,"primary","FiberMargin",0.730916666666667,0.544238272542478,0.78065505937967,0.487099644128114,0.943775100401606,0.69,0.741145833333333,0.00766666666666667,0.028,0.0827338129496403,0.0231666666666667,10.4518072289157,0.0569999999999999,5,0.75,-0.0190833333333333,-0.0763333333333334,0.743131604226705,0,12000
"Branching tubes","class_imbalanced","region",2,11,1,12000,"primary","FiberMargin",0.747666666666667,0.103874876542333,0.684425302771678,0.585365853658537,0.585365853658537,0.79625,0.735520833333333,0.00333333333333333,0.00422222222222222,0.208333333333333,0.004,284.951219512195,0.0579999999999998,5,0.75,-0.0023333333333333,-0.00933333333333319,0.750235384747068,0,12000
"Branching tubes","class_imbalanced","region",3,12,3,12000,"primary","FiberMargin",0.748583333333333,0.53954682710799,0.68975837828602,0.602622061482821,0.643122676579926,0.59,0.788229166666667,0.0923949299533022,0.0328815818706954,0.408554572271386,0.0565,10.1728624535316,0.0609999999999999,5,0.750166666666667,-0.00158333333333327,-0.00633755837224791,0.862050063950301,0,12000
"Branching tubes","irregular_z","boundary",1,13,1,12000,"primary","FiberMargin",0.78625,0.412914416324062,0.247968934180845,0.0606936416184971,0.0895061728395062,0.1,0.9578125,0.164666666666667,0.00655555555555556,0.339752407152682,0.121166666666667,32.8827160493827,0.06,5,0.75,0.03625,0.145,0.874037920030036,0,12000
"Branching tubes","irregular_z","boundary",2,14,1,12000,"primary","FiberMargin",0.784083333333333,0.42423558899355,0.258485161253928,0.0407523510971787,0.144200626959248,0.09125,0.957291666666667,0.153666666666667,0.00577777777777778,0.310020174848689,0.123916666666667,33.3699059561129,0.0590000000000002,5,0.75,0.0340833333333334,0.136333333333333,0.870361672146548,0,12000
"Branching tubes","irregular_z","boundary",3,15,3,12000,"primary","FiberMargin",0.826166666666667,0.462327556668208,0.257257921164157,0.0747126436781609,0.114197530864198,0.289583333333333,0.9603125,0.331443814604868,0.00899900011109877,0.61892901618929,0.133833333333333,32.8302469135802,0.0609999999999999,5,0.750083333333333,0.0760833333333334,0.304434811603868,0.920372285418821,0,12000
"Branching tubes","irregular_z","patch",1,16,1,12000,"primary","FiberMargin",0.767833333333333,0.322902837808113,0.738440197316614,0.43952802359882,0.59546925566343,0.76,0.769791666666667,0.0943333333333333,0.00766666666666667,0.151417870518994,0.15575,34.4595469255663,0.056,5,0.75,0.0178333333333334,0.0713333333333335,0.771694214876033,0,12000
"Branching tubes","irregular_z","patch",2,17,1,12000,"primary","FiberMargin",0.763166666666667,0.332333900675725,0.641450228715392,0.342857142857143,0.469512195121951,0.583333333333333,0.808125,0.0636666666666667,0.00366666666666667,0.114166168559474,0.139416666666667,32.3658536585366,0.0580000000000007,5,0.75,0.0131666666666667,0.0526666666666666,0.78353428786737,0,12000
"Branching tubes","irregular_z","patch",3,18,3,12000,"primary","FiberMargin",0.760833333333333,0.316437934929441,0.700440146129565,0.565714285714286,0.565714285714286,0.714583333333333,0.772395833333333,0.0823607869289763,0.0131096544828352,0.137834821428571,0.149333333333333,30.18,0.0600000000000005,5,0.750083333333333,0.01075,0.0430143381127044,0.771277099308908,0,12000
"Branching tubes","irregular_z","random",1,19,1,12000,"primary","FiberMargin",0.984333333333333,0.921815199724263,0.919956423831525,0.894894894894895,0.907407407407407,0.922083333333333,0.999895833333333,0.955666666666667,0.00611111111111111,0.966621712744437,0.247166666666667,32.820987654321,0.0579999999999998,5,0.75,0.234333333333333,0.937333333333333,0.995015986458529,0,12000
"Branching tubes","irregular_z","random",2,20,1,12000,"primary","FiberMargin",0.984333333333333,0.926185488909548,0.916935208854798,0.839762611275964,0.886206896551724,0.925833333333333,0.998958333333333,0.954333333333333,0.00566666666666667,0.964622641509434,0.247333333333333,36.7137931034483,0.0579999999999998,5,0.75,0.234333333333333,0.937333333333333,0.995209918286841,0,12000
"Branching tubes","irregular_z","random",3,21,3,12000,"primary","FiberMargin",0.972833333333333,0.866318451554619,0.843690958195996,0.777126099706745,0.782738095238095,0.875833333333333,0.997083333333333,0.927975991997332,0.0122208643484057,0.932016075016745,0.248833333333333,31.625,0.0609999999999999,5,0.750083333333333,0.22275,0.891297099033011,0.994353472614342,0,12000
"Branching tubes","irregular_z","region",1,22,1,12000,"primary","FiberMargin",0.747833333333333,0.345041139958468,0.766264645043346,0.230994152046784,1,0.774583333333333,0.741145833333333,0,0.00288888888888889,0,0.00216666666666667,32.7006172839506,0.0600000000000005,5,0.75,-0.00216666666666665,-0.0086666666666666,0.744218971212836,0,12000
"Branching tubes","irregular_z","region",2,23,1,12000,"primary","FiberMargin",0.747166666666667,0.338014015843711,0.750998641724328,0.442307692307692,0.59190031152648,0.734166666666667,0.750416666666667,0.000333333333333333,0.00388888888888889,0.0277777777777778,0.003,33.0654205607477,0.069,5,0.75,-0.00283333333333335,-0.0113333333333334,0.746466930469192,0,12000
"Branching tubes","irregular_z","region",3,24,3,12000,"primary","FiberMargin",0.749083333333333,0.332913042086664,0.672053731268185,0.497076023391813,0.753086419753086,0.647916666666667,0.774375,0.0100033344448149,0.00466614820575492,0.384615384615385,0.0065,32.8765432098765,0.0590000000000002,5,0.750083333333333,-0.001,-0.00400133377792598,0.761922643634998,0,12000
"Branching tubes","uniform","boundary",1,25,1,12000,"primary","FiberMargin",0.819833333333333,0.485487453666451,0.265694049902371,0.00289855072463768,0.170087976539589,0.2525,0.961666666666667,0.311333333333333,0.0106666666666667,0.587791063561989,0.132416666666667,31.0674486803519,0.0609999999999999,5,0.75,0.0698333333333333,0.279333333333333,0.914857466490466,0,12000
"Branching tubes","uniform","boundary",2,26,1,12000,"primary","FiberMargin",0.8205,0.502393300058607,0.236895764368314,0.024,0.0712166172106825,0.259583333333333,0.960729166666667,0.317,0.0116666666666667,0.587399629400865,0.134916666666667,31.2848664688427,0.0659999999999998,5,0.75,0.0705,0.282,0.924973916342597,0,12000
"Branching tubes","uniform","boundary",3,27,3,12000,"primary","FiberMargin",0.851,0.423643210453799,0.227392430715224,0.0115606936416185,0.0900900900900901,0.39875,0.9640625,0.444481493831277,0.01355404955005,0.727620087336245,0.152666666666667,31.8828828828829,0.0620000000000003,5,0.750083333333333,0.100916666666667,0.40380126708903,0.956013939907695,0,12000
"Branching tubes","uniform","patch",1,28,1,12000,"primary","FiberMargin",0.77625,0.34042491173063,0.46690258336165,0.277777777777778,0.277777777777778,0.503333333333333,0.844479166666667,0.114,0.003,0.219935691318328,0.129583333333333,30.8099415204678,0.0609999999999999,5,0.75,0.02625,0.105,0.831451077156686,0,12000
"Branching tubes","uniform","patch",2,29,1,12000,"primary","FiberMargin",0.76725,0.344281344600288,0.692922684439203,0.420103092783505,0.617469879518072,0.668333333333333,0.791979166666667,0.092,0.00766666666666667,0.165071770334928,0.139333333333333,31.6927710843373,0.0699999999999994,5,0.75,0.01725,0.069,0.780269910663372,0,12000
"Branching tubes","uniform","patch",3,30,3,12000,"primary","FiberMargin",0.781166666666667,0.307895514434632,0.676257500648342,0.429429429429429,0.714723926380368,0.714583333333333,0.7978125,0.186728909636546,0.0207754693922897,0.302866414277988,0.154083333333333,32.6472392638037,0.0679999999999996,5,0.750083333333333,0.0310833333333334,0.124374791597199,0.797989288734379,0,12000
"Branching tubes","uniform","random",1,31,1,12000,"primary","FiberMargin",0.980333333333333,0.904256137204862,0.888004865979477,0.836842105263158,0.843076923076923,0.905416666666667,0.9990625,0.943666666666667,0.00744444444444444,0.95063801208865,0.248166666666667,32.5569230769231,0.069,5,0.75,0.230333333333333,0.921333333333333,0.996314148001134,0,12000
"Branching tubes","uniform","random",2,32,1,12000,"primary","FiberMargin",0.979083333333333,0.894711308662919,0.876328963628669,0.806646525679758,0.806646525679758,0.900833333333333,0.998645833333333,0.941,0.00822222222222222,0.950185122854258,0.247583333333333,32.0332326283988,0.0650000000000004,5,0.75,0.229083333333333,0.916333333333333,0.996416108648496,0,12000
"Branching tubes","uniform","random",3,33,3,12000,"primary","FiberMargin",0.956083333333333,0.760494757809901,0.727295578215055,0.621387283236994,0.664723032069971,0.808333333333333,0.993020833333333,0.910303434478159,0.0286634818353516,0.87894397939472,0.258833333333333,30.7842565597668,0.0980000000000008,5,0.750083333333333,0.206,0.824274758252751,0.996401174353632,0,12000
"Branching tubes","uniform","region",1,34,1,12000,"primary","FiberMargin",0.751333333333333,0.351742912606024,0.624864366759528,0.571830985915493,0.597014925373134,0.543333333333333,0.803333333333333,0.0133333333333333,0.00266666666666667,0.533333333333333,0.00625,31.6597014925373,0.0649999999999995,5,0.75,0.0013333333333333,0.00533333333333319,0.772864416368094,0,12000
"Branching tubes","uniform","region",2,35,1,12000,"primary","FiberMargin",0.754416666666667,0.366954292791944,0.624902134629399,0.470760233918129,0.643916913946588,0.652916666666667,0.779791666666667,0.0196666666666667,0.000666666666666667,0.67816091954023,0.00725,31.3115727002967,0.108,5,0.75,0.00441666666666662,0.0176666666666665,0.777009097801365,0,12000
"Branching tubes","uniform","region",3,36,3,12000,"primary","FiberMargin",0.7455,0.313205393785088,0.737566161055864,0.475,0.475,0.752083333333333,0.743854166666667,0.0133377792597533,0.0105543828463504,0.287769784172662,0.0115833333333333,33.109375,0.0640000000000001,5,0.750083333333333,-0.00458333333333327,-0.0183394464821605,0.745823501651723,0,12000
"Concentric shells","class_imbalanced","boundary",1,37,1,12000,"primary","FiberMargin",0.847583333333333,0.581110746924389,0.772808543054858,0.410714285714286,0.410714285714286,0.402083333333333,0.958958333333333,0.427666666666667,0.0124444444444444,0.769646070785843,0.138916666666667,68.3839285714286,0.077,5,0.75,0.0975833333333334,0.390333333333333,0.880532706619663,0,12000
"Concentric shells","class_imbalanced","boundary",2,38,1,12000,"primary","FiberMargin",0.921,0.852016674414796,0.782001321270043,0.453156822810591,0.938356164383562,0.792916666666667,0.953020833333333,0.791333333333333,0.0357777777777778,0.832982456140351,0.2375,52.0205479452055,0.0810000000000004,5,0.75,0.171,0.684,0.988545095457538,0,12000
"Concentric shells","class_imbalanced","boundary",3,39,3,12000,"primary","FiberMargin",0.808666666666667,0.485114250302768,0.611854951206939,0.119565217391304,0.834586466165414,0.6275,0.853958333333333,0.633211070356786,0.132874125097211,0.543347639484979,0.29125,57.7894736842105,0.0710000000000015,5,0.750083333333333,0.0585833333333333,0.234411470490163,0.970986208691127,0,12000
"Concentric shells","class_imbalanced","patch",1,40,1,12000,"primary","FiberMargin",0.73875,0.538420768736523,0.579922937461722,0.229607250755287,0.328467153284672,0.715416666666667,0.744583333333333,0.0713333333333333,0.0387777777777778,0.172441579371475,0.103416666666667,56.2043795620438,0.0640000000000001,5,0.75,-0.01125,-0.0449999999999999,0.754285714285714,0,12000
"Concentric shells","class_imbalanced","patch",2,41,1,12000,"primary","FiberMargin",0.716083333333333,0.475400017559307,0.563472267732078,0.185840707964602,0.72992700729927,0.714166666666667,0.7165625,0.128666666666667,0.0881111111111111,0.178455848358761,0.18025,55.7591240875912,0.0630000000000006,5,0.75,-0.0339166666666667,-0.135666666666667,0.770912423092028,0,12000
"Concentric shells","class_imbalanced","patch",3,42,3,12000,"primary","FiberMargin",0.73275,0.538591034753686,0.501456514713019,0.108187134502924,0.192592592592593,0.72875,0.73375,0.0866955651883961,0.0519942228641262,0.172071475843812,0.125916666666667,56.3777777777778,0.0689999999999991,5,0.750083333333333,-0.0173333333333333,-0.0693564521507168,0.772566022861648,0,12000
"Concentric shells","class_imbalanced","random",1,43,1,12000,"primary","FiberMargin",0.91925,0.789041731632839,0.623005684761216,0.137724550898204,0.270676691729323,0.86,0.9340625,0.830333333333333,0.0511111111111111,0.805366957646298,0.25775,57.8496240601504,0.065999999999999,5,0.75,0.16925,0.677,0.990642058747076,0,12000
"Concentric shells","class_imbalanced","random",2,44,1,12000,"primary","FiberMargin",0.907083333333333,0.784494103419198,0.593558453140109,0.135593220338983,0.135593220338983,0.91375,0.905416666666667,0.865333333333333,0.079,0.777245508982036,0.278333333333333,64.2966101694915,0.0640000000000001,5,0.75,0.157083333333333,0.628333333333333,0.998418347172796,0,12000
"Concentric shells","class_imbalanced","random",3,45,3,12000,"primary","FiberMargin",0.88925,0.730139964999698,0.49668033301946,0,0,0.903333333333333,0.885729166666667,0.859666666666667,0.100888888888889,0.727503526093089,0.295416666666667,58.2954545454545,0.0550000000000015,5,0.75,0.13925,0.557,0.999610136452242,0,12000
"Concentric shells","class_imbalanced","region",1,46,1,12000,"primary","FiberMargin",0.715583333333333,0.296536532559694,0.541196136661452,0.197771587743733,0.368794326241135,0.687916666666667,0.7225,0.041,0.0595555555555556,0.0970031545741325,0.105666666666667,54.3191489361702,0.0599999999999987,5,0.75,-0.0344166666666667,-0.137666666666667,0.75701788745267,0,12000
"Concentric shells","class_imbalanced","region",2,47,1,12000,"primary","FiberMargin",0.699666666666667,0.489148591882031,0.476647361738557,0.0215384615384615,0.393700787401575,0.69125,0.701770833333333,0.0193333333333333,0.0735555555555556,0.0805555555555556,0.06,60.4251968503937,0.052999999999999,5,0.75,-0.0503333333333333,-0.201333333333333,0.759447485014334,0,12000
"Concentric shells","class_imbalanced","region",3,48,3,12000,"primary","FiberMargin",0.722583333333333,0.557853500382373,0.482644374182623,0.156441717791411,0.197183098591549,0.710416666666667,0.725625,0.0223407802600867,0.0441062104210643,0.142250530785563,0.03925,54.5774647887324,0.0570000000000004,5,0.750083333333333,-0.0275,-0.110036678892964,0.787870967741935,0,12000
"Concentric shells","irregular_z","boundary",1,49,1,12000,"primary","FiberMargin",0.875416666666667,0.723618470807783,0.875957784987577,0.803995006242197,0.933361994840929,0.51,0.966770833333333,0.543,0.0137777777777778,0.769848771266541,0.176333333333333,1.05073086844368,0.0609999999999999,5,0.75,0.125416666666667,0.501666666666666,0.831423895253682,0,12000
"Concentric shells","irregular_z","boundary",2,50,1,12000,"primary","FiberMargin",0.878166666666667,0.729429717295808,0.878330693603484,0.798593879239041,0.848847139197267,0.51875,0.968020833333333,0.555666666666667,0.0143333333333333,0.7807962529274,0.177916666666667,1.0597779675491,0.0620000000000012,5,0.75,0.128166666666667,0.512666666666667,0.877115229653505,0,12000
"Concentric shells","irregular_z","boundary",3,51,3,12000,"primary","FiberMargin",0.816333333333333,0.618569529875445,0.816980722552246,0.727460711331679,0.885155253083794,0.4425,0.909791666666667,0.464821607202401,0.0665481613154094,0.563459983831851,0.206166666666667,1.03615482773288,0.0589999999999993,5,0.750083333333333,0.06625,0.265088362787596,0.73440065681445,0,12000
"Concentric shells","irregular_z","patch",1,52,1,12000,"primary","FiberMargin",0.738,0.502619491343736,0.736597632602323,0.575601374570447,0.575601374570447,0.7125,0.744375,0.0863333333333333,0.0447777777777778,0.208032128514056,0.10375,1.05240549828179,0.0599999999999987,5,0.75,-0.012,-0.048,0.824897959183673,0,12000
"Concentric shells","irregular_z","patch",2,53,1,12000,"primary","FiberMargin",0.736166666666667,0.526159120976287,0.736856822343171,0.457627118644068,0.85459940652819,0.734166666666667,0.736666666666667,0.0783333333333333,0.0445555555555556,0.21190261496844,0.0924166666666667,1.02543450614667,0.0630000000000006,5,0.75,-0.0138333333333334,-0.0553333333333335,0.457627118644068,0,12000
"Concentric shells","irregular_z","patch",3,54,3,12000,"primary","FiberMargin",0.722583333333333,0.467957350722273,0.722875724134978,0.660826032540676,0.782423208191126,0.652083333333333,0.740208333333333,0.179726575525175,0.0965448283524053,0.279419388284085,0.16075,1.03498293515358,0.0639999999999983,5,0.750083333333333,-0.0275,-0.110036678892964,0.720115416323166,0,12000
"Concentric shells","irregular_z","random",1,55,1,12000,"primary","FiberMargin",0.897916666666667,0.769171258957747,0.897966559958372,0.823748448489864,0.931472081218274,0.72875,0.940208333333333,0.794,0.0674444444444444,0.765916398713826,0.259166666666667,1.02918781725888,0.0690000000000008,5,0.75,0.147916666666667,0.591666666666667,0.948212083847102,0,12000
"Concentric shells","irregular_z","random",2,56,1,12000,"primary","FiberMargin",0.8995,0.770861689097736,0.899902361057771,0.834821428571429,0.92863321799308,0.73125,0.9415625,0.796666666666667,0.0662222222222222,0.774465327284511,0.257166666666667,1.06574394463668,0.0620000000000012,5,0.75,0.1495,0.598,0.834821428571429,0,12000
"Concentric shells","irregular_z","random",3,57,3,12000,"primary","FiberMargin",0.819083333333333,0.623751442989835,0.818428442561769,0.699530516431925,0.699530516431925,0.665,0.857604166666667,0.677892630876959,0.133874013998445,0.589788221642008,0.28725,1.04396073410158,0.059000000000001,5,0.750083333333333,0.0690000000000001,0.276092030676893,0.91414554374489,0,12000
"Concentric shells","irregular_z","region",1,58,1,12000,"primary","FiberMargin",0.7265,0.542948688395397,0.723911518780456,0.299957930164072,0.716358839050132,0.745833333333333,0.721666666666667,0.0526666666666667,0.0488888888888889,0.194581280788177,0.0676666666666667,1.08311345646438,0.059000000000001,5,0.75,-0.0235,-0.0939999999999999,0.801461632155907,0,12000
"Concentric shells","irregular_z","region",2,59,1,12000,"primary","FiberMargin",0.742,0.439652805361244,0.742480418808049,0.586617405582923,0.719747899159664,0.7125,0.749375,0.0803333333333333,0.0374444444444444,0.359701492537313,0.0558333333333333,1.02352941176471,0.0619999999999994,5,0.75,-0.00800000000000001,-0.032,0.586617405582923,0,12000
"Concentric shells","irregular_z","region",3,60,3,12000,"primary","FiberMargin",0.716416666666667,0.422430245179271,0.716559536696811,0.665697674418605,0.733126110124334,0.639583333333333,0.735625,0.101700566855619,0.0787690256638151,0.285580524344569,0.089,1.10923623445826,0.0579999999999998,5,0.750083333333333,-0.0336666666666666,-0.134711570523508,0.713771016813451,0,12000
"Concentric shells","uniform","boundary",1,61,1,12000,"primary","FiberMargin",0.842166666666667,0.667178223842715,0.841705428364934,0.701079913606911,0.701079913606911,0.45375,0.939270833333333,0.48,0.0371111111111111,0.653357531760436,0.183666666666667,1.07257019438445,0.0609999999999999,5,0.75,0.0921666666666666,0.368666666666666,0.798227950060411,0,12000
"Concentric shells","uniform","boundary",2,62,1,12000,"primary","FiberMargin",0.835916666666667,0.65683516587938,0.836236729659444,0.68976897689769,0.930401366353544,0.451666666666667,0.931979166666667,0.465666666666667,0.0406666666666667,0.632412856496152,0.184083333333333,1.04739538855679,0.0629999999999988,5,0.75,0.0859166666666666,0.343666666666667,0.874439461883408,0,12000
"Concentric shells","uniform","boundary",3,63,3,12000,"primary","FiberMargin",0.763666666666667,0.554798373796243,0.763623263937875,0.575659229208925,0.641550522648084,0.429166666666667,0.847291666666667,0.427142380793598,0.124208421286524,0.446497037295225,0.239083333333333,1.073606271777,0.0609999999999999,5,0.750083333333333,0.0135833333333334,0.0543514504834947,0.575659229208925,0,12000
"Concentric shells","uniform","patch",1,64,1,12000,"primary","FiberMargin",0.762083333333333,0.520136010957597,0.762770445232341,0.707386363636364,0.777155172413793,0.693333333333333,0.779270833333333,0.238333333333333,0.0633333333333333,0.403726708074534,0.147583333333333,1.06206896551724,0.0609999999999999,5,0.75,0.0120833333333333,0.0483333333333333,0.707386363636364,0,12000
"Concentric shells","uniform","patch",2,65,1,12000,"primary","FiberMargin",0.758,0.51918361855544,0.757967335183195,0.702990577632118,0.735705209656925,0.700416666666667,0.772395833333333,0.222333333333333,0.0634444444444444,0.380925185608224,0.145916666666667,1.03388394747988,0.0600000000000005,5,0.75,0.00800000000000001,0.032,0.702990577632118,0,12000
"Concentric shells","uniform","patch",3,66,3,12000,"primary","FiberMargin",0.7035,0.44238459560875,0.703372679577962,0.664983164983165,0.705303678357571,0.637083333333333,0.720104166666667,0.260420140046682,0.148872347516943,0.30748031496063,0.211666666666667,1.04662104362703,0.0709999999999997,5,0.750083333333333,-0.0465833333333333,-0.186395465155052,0.702492848385779,0,12000
"Concentric shells","uniform","random",1,67,1,12000,"primary","FiberMargin",0.858,0.68897348324718,0.857902326926271,0.775603663613655,0.810902896081772,0.6875,0.900625,0.735666666666667,0.101222222222222,0.677617439361376,0.271416666666667,1.04770017035775,0.0760000000000005,5,0.75,0.108,0.432,0.850813008130081,0,12000
"Concentric shells","uniform","random",2,68,1,12000,"primary","FiberMargin",0.843666666666667,0.665003115177105,0.843887327029428,0.703963666391412,0.814485387547649,0.677916666666667,0.885104166666667,0.706,0.110444444444444,0.648102815177479,0.272333333333333,1.03346039813638,0.0649999999999995,5,0.75,0.0936666666666667,0.374666666666667,0.860245901639344,0,12000
"Concentric shells","uniform","random",3,69,3,12000,"primary","FiberMargin",0.762916666666667,0.541227503223153,0.761942500925073,0.564322469982847,0.564322469982847,0.61375,0.800208333333333,0.577192397465822,0.175202755249417,0.485962942167322,0.296833333333333,1.04974271012007,0.0670000000000002,5,0.750083333333333,0.0128333333333334,0.0513504501500501,0.697303921568627,0,12000
"Concentric shells","uniform","region",1,70,1,12000,"primary","FiberMargin",0.71325,0.381859706727957,0.713284167953563,0.660480809784901,0.660480809784901,0.640416666666667,0.731458333333333,0.03,0.059,0.144694533762058,0.0518333333333333,1.02783635596795,0.0609999999999999,5,0.75,-0.03675,-0.147,0.675420599097251,0,12000
"Concentric shells","uniform","region",2,71,1,12000,"primary","FiberMargin",0.71125,0.388365063562874,0.711185446588297,0.673259167696745,0.673339011925043,0.637916666666667,0.729583333333333,0.0266666666666667,0.0605555555555556,0.128,0.0520833333333333,1.03577512776831,0.0609999999999999,5,0.75,-0.03875,-0.155,0.707236842105263,0,12000
"Concentric shells","uniform","region",3,72,3,12000,"primary","FiberMargin",0.674416666666667,0.369847263263549,0.67553362667002,0.467516447368421,0.802798982188295,0.641666666666667,0.682604166666667,0.159386462154051,0.153982890789912,0.249608355091384,0.159583333333333,1.03901611535199,0.0850000000000009,5,0.750083333333333,-0.0756666666666667,-0.302767589196399,0.665714285714286,0,12000
"Disconnected volumes","class_imbalanced","boundary",1,73,1,12000,"primary","FiberMargin",0.885666666666667,0.728023672953011,0.892938615564083,0.839701113774143,0.865248226950355,0.462916666666667,0.991354166666667,0.543,0.000111111111111111,0.717937417364478,0.189083333333333,50.3049645390071,0.0579999999999998,5,0.75,0.135666666666667,0.542666666666667,0.839701113774143,0,12000
"Disconnected volumes","class_imbalanced","boundary",2,74,1,12000,"primary","FiberMargin",0.901666666666667,0.766378345027172,0.90100698500813,0.827586206896552,0.827586206896552,0.53625,0.993020833333333,0.607666666666667,0.000333333333333333,0.785775862068966,0.193333333333333,52.1862068965517,0.0549999999999997,5,0.75,0.151666666666667,0.606666666666666,0.88687723007797,0,12000
"Disconnected volumes","class_imbalanced","boundary",3,75,3,12000,"primary","FiberMargin",0.92525,0.822609718094026,0.890825239136722,0.83288409703504,0.875,0.664583333333333,0.990416666666667,0.704234744914972,0.00111098766803688,0.86451084731887,0.203583333333333,41.0340909090909,0.0579999999999998,5,0.750083333333333,0.175166666666667,0.700900300100033,0.932290224314594,0,12000
"Disconnected volumes","class_imbalanced","patch",1,76,1,12000,"primary","FiberMargin",0.780166666666667,0.475877063584918,0.851693343311331,0.6819650937298,0.75609756097561,0.783333333333333,0.779375,0.157666666666667,0.0123333333333333,0.22438330170778,0.175666666666667,62.8861788617886,0.0569999999999986,5,0.75,0.0301666666666667,0.120666666666667,0.6819650937298,0,12000
"Disconnected volumes","class_imbalanced","patch",2,77,1,12000,"primary","FiberMargin",0.79275,0.532103625797901,0.804230495725846,0.696,0.696,0.709583333333333,0.813541666666667,0.201,0.01,0.300598205383848,0.167166666666667,59.28,0.0740000000000016,5,0.75,0.04275,0.171,0.763697705802969,0,12000
"Disconnected volumes","class_imbalanced","patch",3,78,3,12000,"primary","FiberMargin",0.78475,0.489083735693969,0.805929402211642,0.553571428571429,0.553571428571429,0.812916666666667,0.777708333333333,0.199066355451817,0.0201088767914676,0.277674418604651,0.179166666666667,69.5357142857143,0.0730000000000004,5,0.750083333333333,0.0346666666666666,0.138712904301434,0.718027734976888,0,12000
"Disconnected volumes","class_imbalanced","random",1,79,1,12000,"primary","FiberMargin",0.98475,0.964595328049398,0.926775073749311,0.85,0.85,0.944583333333333,0.994791666666667,0.966333333333333,0.00911111111111111,0.955189456342669,0.252916666666667,46.38125,0.0960000000000001,5,0.75,0.23475,0.939,0.999595741813772,0,12000
"Disconnected volumes","class_imbalanced","random",2,80,1,12000,"primary","FiberMargin",0.986416666666667,0.975004988417906,0.899028965221322,0.695652173913043,0.695652173913043,0.948333333333333,0.9959375,0.968666666666667,0.00766666666666667,0.962570387545545,0.251583333333333,63.9826086956522,0.0730000000000004,5,0.75,0.236416666666667,0.945666666666667,0.998233215547703,0,12000
"Disconnected volumes","class_imbalanced","random",3,81,3,12000,"primary","FiberMargin",0.977666666666667,0.954851129027164,0.841981707679526,0.559633027522936,0.559633027522936,0.926666666666667,0.990416666666667,0.955318439479827,0.0148872347516943,0.936580581889506,0.254916666666667,66.8623853211009,0.0650000000000013,5,0.750083333333333,0.227583333333333,0.910636878959653,0.998902305159166,0,12000
"Disconnected volumes","class_imbalanced","region",1,82,1,12000,"primary","FiberMargin",0.74475,0.861394114958488,0.66191542363648,0.249401913875598,0.897058823529412,0.761666666666667,0.740520833333333,0.00666666666666667,0.00922222222222222,0.194174757281553,0.00858333333333333,54.5588235294118,0.0670000000000002,5,0.75,-0.00524999999999998,-0.0209999999999999,0.988679245283019,0,12000
"Disconnected volumes","class_imbalanced","region",2,83,1,12000,"primary","FiberMargin",0.748083333333333,0.475637384752995,0.786355637290165,0.577586206896552,0.577586206896552,0.714583333333333,0.756458333333333,0.026,0.0112222222222222,0.433333333333333,0.015,64.4310344827586,0.065999999999999,5,0.75,-0.00191666666666668,-0.00766666666666671,0.675541878512176,0,12000
"Disconnected volumes","class_imbalanced","region",3,84,3,12000,"primary","FiberMargin",0.737833333333333,0.473657402245653,0.760125437585609,0.551470588235294,0.551470588235294,0.7075,0.745416666666667,0.0263509006004003,0.0252166185292157,0.255663430420712,0.02575,52.9485294117647,0.0569999999999986,5,0.750166666666667,-0.0123333333333333,-0.0493662441627751,0.713789751423413,0,12000
"Disconnected volumes","irregular_z","boundary",1,85,1,12000,"primary","FiberMargin",0.88075,0.731015136034944,0.876560789077912,0.803655107778819,0.803655107778819,0.447083333333333,0.989166666666667,0.528,0.00166666666666667,0.658627858627859,0.200416666666667,1.21087160262418,0.0869999999999997,5,0.75,0.13075,0.523,0.939628482972136,0,12000
"Disconnected volumes","irregular_z","boundary",2,86,1,12000,"primary","FiberMargin",0.889,0.744650471621163,0.886819808651594,0.826199740596628,0.839856050382366,0.48125,0.9909375,0.559,0.001,0.682817589576547,0.204666666666667,1.14799820062978,0.120000000000001,5,0.75,0.139,0.556,0.946708463949843,0,12000
"Disconnected volumes","irregular_z","boundary",3,87,3,12000,"primary","FiberMargin",0.902333333333333,0.775110375325769,0.899846198807857,0.840625,0.840625,0.558333333333333,0.988333333333333,0.617872624208069,0.0028885679368959,0.736193881605085,0.20975,1.14553571428571,0.0990000000000002,5,0.750083333333333,0.15225,0.60920306768923,0.95830085736555,0,12000
"Disconnected volumes","irregular_z","patch",1,88,1,12000,"primary","FiberMargin",0.770916666666667,0.526730509838919,0.770011951211106,0.674813587406794,0.693620844564241,0.735,0.779895833333333,0.123333333333333,0.0132222222222222,0.179176755447942,0.172083333333333,1.18149146451033,0.075999999999997,5,0.75,0.0209166666666667,0.0836666666666668,0.720912547528517,0,12000
"Disconnected volumes","irregular_z","patch",2,89,1,12000,"primary","FiberMargin",0.765666666666667,0.513372548709393,0.770087591530092,0.550182852498984,0.885486018641811,0.77,0.764583333333333,0.103,0.0134444444444444,0.155120481927711,0.166,1.13936972924989,0.0799999999999983,5,0.75,0.0156666666666667,0.0626666666666669,0.701597195169459,0,12000
"Disconnected volumes","irregular_z","patch",3,90,3,12000,"primary","FiberMargin",0.777,0.52275686890845,0.778064847848903,0.691921144182451,0.827507943713118,0.697916666666667,0.796770833333333,0.169389796598866,0.0205532718586824,0.22841726618705,0.185333333333333,1.17430776214253,0.065999999999999,5,0.750083333333333,0.0269166666666667,0.107702567522508,0.691921144182451,0,12000
"Disconnected volumes","irregular_z","random",1,91,1,12000,"primary","FiberMargin",0.9805,0.952527890260106,0.980342035224103,0.97506678539626,0.981046931407942,0.904583333333333,0.999479166666667,0.962,0.0133333333333333,0.93579766536965,0.257,1.17012635379061,0.0749999999999993,5,0.75,0.2305,0.922,0.9841881989973,0,12000
"Disconnected volumes","irregular_z","random",2,92,1,12000,"primary","FiberMargin",0.981083333333333,0.953985026173697,0.980862559496906,0.972427983539095,0.978928080622996,0.910416666666667,0.99875,0.963333333333333,0.013,0.943211488250653,0.255333333333333,1.21804855703161,0.0750000000000028,5,0.75,0.231083333333333,0.924333333333333,0.989093644227153,0,12000
"Disconnected volumes","irregular_z","random",3,93,3,12000,"primary","FiberMargin",0.967916666666667,0.922156829592788,0.967661909514001,0.957298474945534,0.963523131672598,0.855,0.996145833333333,0.935623749166111,0.0213285936458565,0.904838709677419,0.258333333333333,1.12944839857651,0.0719999999999992,5,0.750166666666667,0.21775,0.871581054036024,0.97558093737692,0,12000
"Disconnected volumes","irregular_z","region",1,94,1,12000,"primary","FiberMargin",0.755416666666667,0.489080373399824,0.761664565458086,0.467537608867775,0.889438202247191,0.722916666666667,0.763541666666667,0.0523333333333333,0.0102222222222222,0.423180592991914,0.0309166666666667,1.16134831460674,0.0689999999999991,5,0.75,0.00541666666666663,0.0216666666666665,0.744582043343653,0,12000
"Disconnected volumes","irregular_z","region",2,95,1,12000,"primary","FiberMargin",0.751583333333333,0.547524523060603,0.743057825943815,0.395529197080292,0.395529197080292,0.687083333333333,0.767708333333333,0.0406666666666667,0.0114444444444444,0.187403993855607,0.05425,1.19251824817518,0.065999999999999,5,0.75,0.00158333333333338,0.00633333333333352,0.799540933435348,0,12000
"Disconnected volumes","irregular_z","region",3,96,3,12000,"primary","FiberMargin",0.751166666666667,0.483064399931552,0.746805456564233,0.564743298500682,0.564743298500682,0.683333333333333,0.768125,0.0616872290763588,0.0191089878902344,0.362745098039216,0.0425,1.20081781008632,0.0739999999999981,5,0.750083333333333,0.00108333333333333,0.00433477825941977,0.754067347710935,0,12000
"Disconnected volumes","uniform","boundary",1,97,1,12000,"primary","FiberMargin",0.924833333333333,0.824928598975701,0.921569454228854,0.87589928057554,0.912751677852349,0.643333333333333,0.995208333333333,0.700333333333333,0.000333333333333333,0.816556548775748,0.214416666666667,1.41562799616491,0.0660000000000025,5,0.75,0.174833333333333,0.699333333333333,0.973924822214697,0,12000
"Disconnected volumes","uniform","boundary",2,98,1,12000,"primary","FiberMargin",0.922833333333333,0.818447631443272,0.920527226272391,0.87917042380523,0.908800729594163,0.63375,0.995104166666667,0.692666666666667,0.000444444444444444,0.808560311284047,0.214166666666667,1.31190150478796,0.0670000000000002,5,0.75,0.172833333333333,0.691333333333333,0.959332638164755,0,12000
"Disconnected volumes","uniform","boundary",3,99,3,12000,"primary","FiberMargin",0.924166666666667,0.823496595381143,0.921487479530166,0.890581717451524,0.894542090656799,0.657083333333333,0.9909375,0.700900300100033,0.00144428396844795,0.804131599081867,0.217833333333333,1.30296022201665,0.0689999999999991,5,0.750083333333333,0.174083333333333,0.696565521840614,0.964856230031949,0,12000
"Disconnected volumes","uniform","patch",1,100,1,12000,"primary","FiberMargin",0.783083333333333,0.537384653831201,0.79295269253871,0.606647034076567,0.885969028625059,0.75375,0.790416666666667,0.189333333333333,0.019,0.25794732061762,0.1835,1.35194744251525,0.065999999999999,5,0.75,0.0330833333333334,0.132333333333333,0.643526553280111,0,12000
"Disconnected volumes","uniform","patch",2,101,1,12000,"primary","FiberMargin",0.7815,0.5537220900505,0.772250961838105,0.607125662012518,0.607125662012518,0.692083333333333,0.803854166666667,0.154333333333333,0.00944444444444444,0.226516634050881,0.170333333333333,1.3562831006259,0.0700000000000003,5,0.75,0.0315,0.126,0.883919062832801,0,12000
"Disconnected volumes","uniform","patch",3,102,3,12000,"primary","FiberMargin",0.786166666666667,0.549329622226338,0.784436702595811,0.684516396845164,0.809967396367024,0.717083333333333,0.8034375,0.229076358786262,0.0282190867681369,0.295103092783505,0.194,1.37587331159758,0.0649999999999977,5,0.750083333333333,0.0360833333333334,0.144381460486829,0.856465809072444,0,12000
"Disconnected volumes","uniform","random",1,103,1,12000,"primary","FiberMargin",0.9775,0.945387929021528,0.976959320941969,0.961100569259962,0.961100569259962,0.895833333333333,0.997916666666667,0.953666666666667,0.0145555555555556,0.928896103896104,0.256666666666667,1.3719165085389,0.0719999999999992,5,0.75,0.2275,0.91,0.982365145228216,0,12000
"Disconnected volumes","uniform","random",2,104,1,12000,"primary","FiberMargin",0.973583333333333,0.936189765177039,0.972689745047997,0.961466165413534,0.961466165413534,0.875833333333333,0.998020833333333,0.946666666666667,0.0174444444444444,0.919987042436022,0.25725,1.35197368421053,0.0790000000000006,5,0.75,0.223583333333333,0.894333333333333,0.985749044143205,0,12000
"Disconnected volumes","uniform","random",3,105,3,12000,"primary","FiberMargin",0.96425,0.91499846659736,0.962722184690961,0.939350525310411,0.939350525310411,0.845,0.9940625,0.93297765921974,0.025330518831241,0.89193496971629,0.261416666666667,1.38490926456543,0.0809999999999995,5,0.750083333333333,0.214166666666667,0.856952317439147,0.982068965517241,0,12000
"Disconnected volumes","uniform","region",1,106,1,12000,"primary","FiberMargin",0.755083333333333,0.544876757813952,0.744623922923942,0.400172860847018,0.773026315789474,0.74625,0.757291666666667,0.0693333333333333,0.0163333333333333,0.403883495145631,0.0429166666666667,1.37312030075188,0.0839999999999996,5,0.75,0.00508333333333333,0.0203333333333333,0.991101984941821,0,12000
"Disconnected volumes","uniform","region",2,107,1,12000,"primary","FiberMargin",0.765833333333333,0.517319766381883,0.757306215616082,0.569694026226323,0.569694026226323,0.725,0.776041666666667,0.104666666666667,0.0137777777777778,0.381995133819951,0.0685,1.42593491986401,0.0770000000000017,5,0.75,0.0158333333333334,0.0633333333333335,0.76566757493188,0,12000
"Disconnected volumes","uniform","region",3,108,3,12000,"primary","FiberMargin",0.743083333333333,0.463494850893504,0.730750839780816,0.584914611005693,0.669245647969052,0.686666666666667,0.7571875,0.0446815605201734,0.0242195311632041,0.378531073446328,0.0295,1.43858800773694,0.065999999999999,5,0.750083333333333,-0.00700000000000001,-0.0280093364454819,0.881680672268908,0,12000
"Folded layers","class_imbalanced","boundary",1,109,1,12000,"primary","FiberMargin",0.908416666666667,0.800249022392892,0.882582722677602,0.823076923076923,0.823076923076923,0.587083333333333,0.98875,0.638666666666667,0.00166666666666667,0.896164639850327,0.178166666666667,58.6461538461538,0.0630000000000024,5,0.75,0.158416666666667,0.633666666666667,0.905299055613851,0,12000
"Folded layers","class_imbalanced","boundary",2,110,1,12000,"primary","FiberMargin",0.830083333333333,0.699644635290706,0.855725745887822,0.809737569060773,0.872881355932203,0.288333333333333,0.965520833333333,0.331666666666667,0.00377777777777778,0.827787021630616,0.100166666666667,65.1101694915254,0.0829999999999984,5,0.75,0.0800833333333333,0.320333333333333,0.828322269946635,0,12000
"Folded layers","class_imbalanced","boundary",3,111,3,12000,"primary","FiberMargin",0.91975,0.783312717703504,0.827878687324432,0.67741935483871,0.703448275862069,0.665416666666667,0.983333333333333,0.693897965988663,0.00499944450616598,0.936965330932013,0.185083333333333,52.9103448275862,0.0640000000000001,5,0.750083333333333,0.169666666666667,0.67889296432144,0.947732012513034,0,12000
"Folded layers","class_imbalanced","patch",1,112,1,12000,"primary","FiberMargin",0.761083333333333,0.454415616993072,0.820542736969394,0.698224852071006,0.93006993006993,0.730416666666667,0.76875,0.0916666666666667,0.0157777777777778,0.214676034348165,0.10675,53.6153846153846,0.0609999999999999,5,0.75,0.0110833333333333,0.0443333333333333,0.737446197991392,0,12000
"Folded layers","class_imbalanced","patch",2,113,1,12000,"primary","FiberMargin",0.74725,0.405022846389129,0.732047168573805,0.468253968253968,0.468253968253968,0.743333333333333,0.748229166666667,0.0416666666666667,0.0175555555555556,0.140449438202247,0.0741666666666667,61.0238095238095,0.0659999999999954,5,0.75,-0.00275000000000003,-0.0110000000000001,0.752633632461959,0,12000
"Folded layers","class_imbalanced","patch",3,114,3,12000,"primary","FiberMargin",0.741333333333333,0.567626688430951,0.718000209527339,0.288135593220339,0.288135593220339,0.81125,0.723854166666667,0.0643547849283094,0.0331074325074992,0.320598006644518,0.0501666666666667,66.2457627118644,0.0840000000000032,5,0.750083333333333,-0.00875000000000004,-0.0350116705568524,0.666624024561852,0,12000
"Folded layers","class_imbalanced","random",1,115,1,12000,"primary","FiberMargin",0.96325,0.908997205710505,0.885803746312633,0.648,0.648,0.863333333333333,0.988229166666667,0.879666666666667,0.00888888888888889,0.960334788937409,0.229,61.408,0.0820000000000007,5,0.75,0.21325,0.853,0.971599791558103,0,12000
"Folded layers","class_imbalanced","random",2,116,1,12000,"primary","FiberMargin",0.975333333333333,0.956744134920614,0.849243834390494,0.550724637681159,0.550724637681159,0.902916666666667,0.9934375,0.944666666666667,0.0144444444444444,0.939032471835653,0.2515,55.3768115942029,0.0640000000000001,5,0.75,0.225333333333333,0.901333333333334,0.994765768123528,0,12000
"Folded layers","class_imbalanced","random",3,117,3,12000,"primary","FiberMargin",0.938666666666667,0.847968678162175,0.786816869384803,0.573770491803279,0.573770491803279,0.865416666666667,0.956979166666667,0.852284094698233,0.0325519386734807,0.872950819672131,0.244,62.2704918032787,0.0650000000000048,5,0.750083333333333,0.188583333333333,0.75458486162054,0.98920626563117,0,12000
"Folded layers","class_imbalanced","region",1,118,1,12000,"primary","FiberMargin",0.73725,0.5416384861729,0.725222608837351,0.396551724137931,0.396551724137931,0.713333333333333,0.743229166666667,0.00966666666666667,0.0202222222222222,0.136792452830189,0.0176666666666667,65.4224137931034,0.0919999999999987,5,0.75,-0.01275,-0.0510000000000002,0.731058110422981,0,12000
"Folded layers","class_imbalanced","region",2,119,1,12000,"primary","FiberMargin",0.737416666666667,0.566780020262359,0.771664133047165,0.621827744904668,0.710344827586207,0.809166666666667,0.719479166666667,0.023,0.0244444444444444,0.231543624161074,0.0248333333333333,52.448275862069,0.0930000000000035,5,0.75,-0.0125833333333333,-0.0503333333333331,0.621827744904668,0,12000
"Folded layers","class_imbalanced","region",3,120,3,12000,"primary","FiberMargin",0.736083333333333,0.60463086283387,0.630908866283142,0.271317829457364,0.271317829457364,0.764583333333333,0.728958333333333,0.0283427809269757,0.0281079880013332,0.247093023255814,0.0286666666666667,59.906976744186,0.0690000000000026,5,0.750083333333333,-0.014,-0.0560186728909637,0.753234989648033,0,12000
"Folded layers","irregular_z","boundary",1,121,1,12000,"primary","FiberMargin",0.881583333333333,0.731440190271129,0.881688038329327,0.834707337180544,0.885328836424958,0.488333333333333,0.979895833333333,0.541666666666667,0.00511111111111111,0.819878910191726,0.165166666666667,1.02276559865093,0.0839999999999961,5,0.75,0.131583333333333,0.526333333333334,0.834707337180544,0,12000
"Folded layers","irregular_z","boundary",2,122,1,12000,"primary","FiberMargin",0.875083333333333,0.7184196624104,0.875278915007044,0.853808353808354,0.909633418584825,0.464583333333333,0.977708333333333,0.514666666666667,0.00477777777777778,0.819532908704883,0.157,1.04092071611253,0.119,5,0.75,0.125083333333333,0.500333333333333,0.853808353808354,0,12000
"Folded layers","irregular_z","boundary",3,123,3,12000,"primary","FiberMargin",0.8935,0.757029705890727,0.893203218750881,0.829588808817295,0.829588808817295,0.544583333333333,0.980729166666667,0.593197732577526,0.00644372847461393,0.832086061739944,0.178166666666667,1.03476049173379,0.070999999999998,5,0.750083333333333,0.143416666666667,0.573857952650883,0.916018025399426,0,12000
"Folded layers","irregular_z","patch",1,124,1,12000,"primary","FiberMargin",0.744083333333333,0.509099731723436,0.745697415736086,0.547696038803557,0.794344473007712,0.719166666666667,0.7503125,0.0493333333333333,0.0243333333333333,0.194736842105263,0.0633333333333333,1.05998286203942,0.0790000000000006,5,0.75,-0.00591666666666668,-0.0236666666666667,0.547696038803557,0,12000
"Folded layers","irregular_z","patch",2,125,1,12000,"primary","FiberMargin",0.748916666666667,0.511957777900401,0.748199837773241,0.599489795918367,0.848911651728553,0.617083333333333,0.781875,0.063,0.0224444444444444,0.161125319693095,0.09775,1.05975245411865,0.0640000000000001,5,0.75,-0.00108333333333333,-0.0043333333333333,0.860652436568667,0,12000
"Folded layers","irregular_z","patch",3,126,3,12000,"primary","FiberMargin",0.750083333333333,0.510011613089203,0.749789188101287,0.694029850746269,0.736618521665251,0.67375,0.769166666666667,0.100366788929643,0.0334407288079102,0.249378624689312,0.100583333333333,1.03695836873407,0.0870000000000033,5,0.750083333333333,0,0,0.839819746005735,0,12000
"Folded layers","irregular_z","random",1,127,1,12000,"primary","FiberMargin",0.96175,0.907468601250556,0.961714813120521,0.959465106560802,0.960324232081911,0.8275,0.9953125,0.932666666666667,0.0285555555555556,0.902871894159406,0.25825,1.05546075085324,0.0949999999999989,5,0.75,0.21175,0.847,0.964430072756669,0,12000
"Folded layers","irregular_z","random",2,128,1,12000,"primary","FiberMargin",0.96525,0.915644554735883,0.965192886949135,0.951919021509911,0.951919021509911,0.847916666666667,0.994583333333333,0.935666666666667,0.0248888888888889,0.912845528455285,0.25625,1.03121045972164,0.0660000000000025,5,0.75,0.21525,0.861,0.967280163599182,0,12000
"Folded layers","irregular_z","random",3,129,3,12000,"primary","FiberMargin",0.937083333333333,0.850840420165885,0.937013207989488,0.930919683728673,0.936487638533674,0.765416666666667,0.98,0.882960986995665,0.0448839017886901,0.844387755102041,0.261333333333333,1.0618073316283,0.0579999999999998,5,0.750083333333333,0.187,0.748249416472158,0.945804897631473,0,12000
"Folded layers","irregular_z","region",1,130,1,12000,"primary","FiberMargin",0.743583333333333,0.467362521288095,0.743732448141182,0.668447000821693,0.722927241962775,0.648333333333333,0.767395833333333,0.0363333333333333,0.0206666666666667,0.209213051823417,0.0434166666666667,1.03045685279188,0.0619999999999976,5,0.75,-0.00641666666666663,-0.0256666666666665,0.788998357963875,0,12000
"Folded layers","irregular_z","region",2,131,1,12000,"primary","FiberMargin",0.739333333333333,0.551810945983889,0.737228591450409,0.460091934809862,0.636015325670498,0.707916666666667,0.7471875,0.0343333333333333,0.0256666666666667,0.160686427457098,0.0534166666666667,1.04767986377182,0.070999999999998,5,0.75,-0.0106666666666667,-0.0426666666666669,0.892320195042666,0,12000
"Folded layers","irregular_z","region",3,132,3,12000,"primary","FiberMargin",0.734833333333333,0.456306075849856,0.734870363239458,0.634465820712239,0.712121212121212,0.638333333333333,0.758958333333333,0.0370123374458153,0.0326630374402844,0.234177215189873,0.0395,1.05757575757576,0.0640000000000001,5,0.750083333333333,-0.01525,-0.0610203401133711,0.634465820712239,0,12000
"Folded layers","uniform","boundary",1,133,1,12000,"primary","FiberMargin",0.904,0.777589053015253,0.903899873431379,0.877111486486487,0.877111486486487,0.572083333333333,0.986979166666667,0.622666666666667,0.00222222222222222,0.89377990430622,0.174166666666667,1.0308277027027,0.0730000000000004,5,0.75,0.154,0.616,0.894305612453912,0,12000
"Folded layers","uniform","boundary",2,134,1,12000,"primary","FiberMargin",0.90625,0.78305484764591,0.906187662212029,0.884434968017058,0.884434968017058,0.587083333333333,0.986041666666667,0.633666666666667,0.00288888888888889,0.892907468294974,0.177416666666667,1.03923240938166,0.068000000000005,5,0.75,0.15625,0.625,0.888387361510053,0,12000
"Folded layers","uniform","boundary",3,135,3,12000,"primary","FiberMargin",0.884333333333333,0.738159010777716,0.884214861954598,0.850506756756757,0.850506756756757,0.525,0.974166666666667,0.558186062020674,0.00699922230863237,0.823413674372848,0.169416666666667,1.03969594594595,0.0700000000000003,5,0.750083333333333,0.13425,0.537179059686562,0.89642567018684,0,12000
"Folded layers","uniform","patch",1,136,1,12000,"primary","FiberMargin",0.75575,0.516877677429642,0.755643346740388,0.687263556116015,0.784380305602716,0.687916666666667,0.772708333333333,0.102,0.0263333333333333,0.245192307692308,0.104,1.03183361629881,0.0859999999999985,5,0.75,0.00575000000000003,0.0230000000000001,0.705059646236117,0,12000
"Folded layers","uniform","patch",2,137,1,12000,"primary","FiberMargin",0.75975,0.543487997157594,0.760466489853333,0.579554822753504,0.738869863013699,0.682083333333333,0.779166666666667,0.120333333333333,0.0271111111111111,0.250346740638003,0.120166666666667,1.04494863013699,0.0739999999999981,5,0.75,0.00975000000000004,0.0390000000000001,0.672265464973372,0,12000
"Folded layers","uniform","patch",3,138,3,12000,"primary","FiberMargin",0.758416666666667,0.537663195847508,0.758107328951798,0.534824820599409,0.780456852791878,0.696666666666667,0.773854166666667,0.198066022007336,0.0548827908010221,0.372647427854454,0.132833333333333,1.03934010152284,0.0640000000000001,5,0.750083333333333,0.0083333333333333,0.033344448149383,0.74033374033374,0,12000
"Folded layers","uniform","random",1,139,1,12000,"primary","FiberMargin",0.9435,0.865020488914744,0.943498522806981,0.935139573070608,0.942381562099872,0.781666666666667,0.983958333333333,0.879,0.035,0.875788774493524,0.250916666666667,1.03969270166453,0.0940000000000012,5,0.75,0.1935,0.774,0.935139573070608,0,12000
"Folded layers","uniform","random",2,140,1,12000,"primary","FiberMargin",0.944416666666667,0.86640831899378,0.944279869707752,0.933132010353753,0.933132010353753,0.786666666666667,0.983854166666667,0.880666666666667,0.0343333333333333,0.875124213315667,0.251583333333333,1.08239861949957,0.0779999999999959,5,0.75,0.194416666666667,0.777666666666667,0.946990833001196,0,12000
"Folded layers","uniform","random",3,141,3,12000,"primary","FiberMargin",0.915916666666667,0.80383238945591,0.915968592814958,0.892445582586428,0.940696175333047,0.74875,0.957708333333333,0.829943314438146,0.0554382846350406,0.811013359400456,0.25575,1.05973356252686,0.0630000000000024,5,0.750083333333333,0.165833333333333,0.663554518172724,0.907137064071371,0,12000
"Folded layers","uniform","region",1,142,1,12000,"primary","FiberMargin",0.745583333333333,0.555357365004785,0.74323963564578,0.439915074309979,0.439915074309979,0.73375,0.748541666666667,0.0546666666666667,0.0241111111111111,0.25705329153605,0.0531666666666667,1.05180467091295,0.0779999999999959,5,0.75,-0.00441666666666662,-0.0176666666666665,0.893823173193379,0,12000
"Folded layers","uniform","region",2,143,1,12000,"primary","FiberMargin",0.7355,0.419655174051479,0.734947735278553,0.675540765391015,0.770560944749051,0.639583333333333,0.759479166666667,0.0113333333333333,0.0231111111111111,0.140495867768595,0.0201666666666667,1.03795866722902,0.0670000000000002,5,0.75,-0.0145,-0.0579999999999998,0.842340511986997,0,12000
"Folded layers","uniform","region",3,144,3,12000,"primary","FiberMargin",0.745583333333333,0.511801095395166,0.744243623570337,0.537620849096259,0.722881355932203,0.680416666666667,0.761875,0.113037679226409,0.0436618153538496,0.372937293729373,0.07575,1.03983050847458,0.0749999999999957,5,0.750083333333333,-0.00449999999999995,-0.0180060020006667,0.851263243683782,0,12000
"Helical channels","class_imbalanced","boundary",1,145,1,12000,"primary","FiberMargin",0.898083333333333,0.34100679403813,0.21473559953634,0.00492610837438424,0.0238095238095238,0.588333333333333,0.975520833333333,0.621,0.00955555555555555,0.839567372690401,0.184916666666667,260.880952380952,0.0700000000000003,5,0.75,0.148083333333333,0.592333333333333,0.982659487085881,0,12000
"Helical channels","class_imbalanced","boundary",2,146,1,12000,"primary","FiberMargin",0.820166666666667,0.517550963179078,0.491236802459274,0.0490196078431373,0.0490196078431373,0.303333333333333,0.949375,0.336,0.0184444444444444,0.511156186612576,0.164333333333333,76.8725490196078,0.0590000000000046,5,0.75,0.0701666666666667,0.280666666666667,0.990689963014922,0,12000
"Helical channels","class_imbalanced","boundary",3,147,3,12000,"primary","FiberMargin",0.814,0.188646457611144,0.23911532951251,0,0,0.375416666666667,0.923645833333333,0.404936624416278,0.0497667185069984,0.493897477624085,0.204833333333333,157.672131147541,0.0629999999999953,5,0.750166666666667,0.0638333333333333,0.255503669112742,0.995737159492618,0,12000
"Helical channels","class_imbalanced","patch",1,148,1,12000,"primary","FiberMargin",0.759833333333333,0.205837947071152,0.275500319591116,0,0.0232558139534884,0.564166666666667,0.80875,0.105333333333333,0.022,0.181192660550459,0.145333333333333,256,0.0659999999999954,5,0.75,0.00983333333333336,0.0393333333333334,0.794422238372093,0,12000
"Helical channels","class_imbalanced","patch",2,149,1,12000,"primary","FiberMargin",0.7575,-0.00555675910189175,0.174022205167562,0,0,0.662916666666667,0.781145833333333,0.09,0.02,0.148026315789474,0.152,316.945945945946,0.0589999999999975,5,0.75,0.00749999999999995,0.0299999999999998,0.77411102583781,0,12000
"Helical channels","class_imbalanced","patch",3,150,3,12000,"primary","FiberMargin",0.75175,0.496326086158774,0.666829120005179,0.490153172866521,0.490153172866521,0.614166666666667,0.786145833333333,0.208402800933645,0.0672147539162315,0.283189850475759,0.183916666666667,13.855579868709,0.0599999999999952,5,0.750083333333333,0.0016666666666667,0.00666888962987678,0.841124447252053,0,12000
"Helical channels","class_imbalanced","random",1,151,1,12000,"primary","FiberMargin",0.96425,0.714339410116785,0.378288238508647,0,0,0.85,0.9928125,0.937,0.0266666666666667,0.891531874405328,0.26275,243.511111111111,0.0630000000000024,5,0.75,0.21425,0.857,0.996167183792663,0,12000
"Helical channels","class_imbalanced","random",2,152,1,12000,"primary","FiberMargin",0.935416666666667,0.823369962265247,0.921936953510257,0.745222929936306,0.745222929936306,0.895833333333333,0.9453125,0.887666666666667,0.0486666666666667,0.810654490106545,0.27375,12.9702760084926,0.0619999999999976,5,0.75,0.185416666666667,0.741666666666667,0.902602717302341,0,12000
"Helical channels","class_imbalanced","random",3,153,3,12000,"primary","FiberMargin",0.974583333333333,-0.000325598888656149,0.199965803197401,0,0,0.887916666666667,0.99625,0.968322774258086,0.0233307410287746,0.915799432355724,0.26425,307.815789473684,0.0600000000000023,5,0.750083333333333,0.2245,0.898299433144382,0.999829015987005,0,12000
"Helical channels","class_imbalanced","region",1,154,1,12000,"primary","FiberMargin",0.732083333333333,0.233519086092834,0.351501068995817,0,0.238095238095238,0.679166666666667,0.7453125,0.00233333333333333,0.0246666666666667,0.0305676855895196,0.0190833333333333,262.047619047619,0.0810000000000031,5,0.75,-0.0179166666666667,-0.0716666666666668,0.748137379611121,0,12000
"Helical channels","class_imbalanced","region",2,155,1,12000,"primary","FiberMargin",0.741833333333333,0.182533890060684,0.339208548477485,0,0,0.677083333333333,0.758020833333333,0.0123333333333333,0.015,0.2,0.0154166666666667,233.68085106383,0.0600000000000023,5,0.75,-0.00816666666666666,-0.0326666666666666,0.755258126195029,0,12000
"Helical channels","class_imbalanced","region",3,156,3,12000,"primary","FiberMargin",0.735416666666667,0.0214975824524616,0.278670785192939,0.0405405405405405,0.105263157894737,0.637083333333333,0.76,0.00400133377792598,0.0208865681590934,0.06,0.0166666666666667,307.684210526316,0.0670000000000002,5,0.750083333333333,-0.0146666666666666,-0.0586862287429141,0.751111871365036,0,12000
"Helical channels","irregular_z","boundary",1,157,1,12000,"primary","FiberMargin",0.82975,0.466007948215506,0.237775768427039,0.0338983050847458,0.037593984962406,0.275833333333333,0.968229166666667,0.341,0.00733333333333333,0.613677264547091,0.138916666666667,40.8045112781955,0.0790000000000006,5,0.75,0.07975,0.319,0.909894969596462,0,12000
"Helical channels","irregular_z","boundary",2,158,1,12000,"primary","FiberMargin",0.8265,0.469695797296295,0.209614679382622,0.00677966101694915,0.0701107011070111,0.252916666666667,0.969895833333333,0.326333333333333,0.00677777777777778,0.595136778115501,0.137083333333333,40.0221402214022,0.100999999999999,5,0.75,0.0765,0.306,0.910842706988752,0,12000
"Helical channels","irregular_z","boundary",3,159,3,12000,"primary","FiberMargin",0.864083333333333,0.482616740763949,0.21319681380453,0.0069204152249135,0.047970479704797,0.426666666666667,0.9734375,0.484161387129043,0.00933229641150983,0.759414225941423,0.159333333333333,39.9741697416974,0.0840000000000032,5,0.750083333333333,0.114,0.456152050683561,0.95421397581464,0,12000
"Helical channels","irregular_z","patch",1,160,1,12000,"primary","FiberMargin",0.7605,0.299536207390268,0.584497233569761,0.389830508474576,0.49290780141844,0.575,0.806875,0.0676666666666667,0.00855555555555556,0.11700288184438,0.144583333333333,38.3617021276596,0.0949999999999989,5,0.75,0.0105,0.0419999999999998,0.784987982991311,0,12000
"Helical channels","irregular_z","patch",2,161,1,12000,"primary","FiberMargin",0.762,0.283215800227421,0.733862819909332,0.666666666666667,0.666666666666667,0.739166666666667,0.767708333333333,0.0733333333333333,0.00844444444444444,0.118406889128095,0.154833333333333,40.1333333333333,0.0720000000000027,5,0.75,0.012,0.048,0.765688445921004,0,12000
"Helical channels","irregular_z","patch",3,162,3,12000,"primary","FiberMargin",0.754916666666667,0.246303202237942,0.683314958254973,0.592465753424658,0.592465753424658,0.7275,0.761770833333333,0.0927284856571047,0.0245500999777827,0.142345110087046,0.16275,36.9691780821918,0.0649999999999977,5,0.750166666666667,0.00475000000000003,0.0190126751167446,0.765076424270496,0,12000
"Helical channels","irregular_z","random",1,163,1,12000,"primary","FiberMargin",0.9805,0.87426486219838,0.88153327054042,0.802768166089965,0.881889763779528,0.904166666666667,0.999583333333333,0.953,0.0103333333333333,0.947630096121975,0.251416666666667,42.8385826771654,0.0859999999999985,5,0.75,0.2305,0.922,0.993566767760316,0,12000
"Helical channels","irregular_z","random",2,164,1,12000,"primary","FiberMargin",0.976833333333333,0.851774474223501,0.851560478383131,0.758389261744966,0.806338028169014,0.88875,0.998854166666667,0.943,0.0118888888888889,0.939554965127865,0.250916666666667,38.1267605633803,0.125,5,0.75,0.226833333333333,0.907333333333333,0.994274104174363,0,12000
"Helical channels","irregular_z","random",3,165,3,12000,"primary","FiberMargin",0.95775,0.700253892474644,0.682066684327791,0.48339483394834,0.48339483394834,0.820416666666667,0.992083333333333,0.91730576858953,0.0287745806021553,0.881165919282511,0.260166666666667,39.9594095940959,0.0590000000000046,5,0.750083333333333,0.207666666666667,0.830943647882628,0.995752147012651,0,12000
"Helical channels","irregular_z","region",1,166,1,12000,"primary","FiberMargin",0.747833333333333,0.31369543418225,0.722391064152129,0.563573883161512,0.83955223880597,0.725833333333333,0.753333333333333,0.004,0.00422222222222222,0.184615384615385,0.00541666666666667,40.4216417910448,0.080999999999996,5,0.75,-0.00216666666666665,-0.0086666666666666,0.751592356687898,0,12000
"Helical channels","irregular_z","region",2,167,1,12000,"primary","FiberMargin",0.749,0.313099378260625,0.62629628059188,0.395522388059701,0.395522388059701,0.61375,0.7828125,0.0106666666666667,0.00488888888888889,0.359550561797753,0.00741666666666667,40.4365671641791,0.0820000000000007,5,0.75,-0.001,-0.004,0.765340961520716,0,12000
"Helical channels","irregular_z","region",3,168,3,12000,"primary","FiberMargin",0.7485,0.279683005934964,0.722695412201701,0.643356643356643,0.643356643356643,0.70625,0.7590625,0.0223407802600867,0.00955449394511721,0.421383647798742,0.01325,37.8671328671329,0.0640000000000001,5,0.750083333333333,-0.00158333333333327,-0.00633544514838254,0.751985226223453,0,12000
"Helical channels","uniform","boundary",1,169,1,12000,"primary","FiberMargin",0.88775,0.29104212265373,0.217689367166052,0.00313479623824451,0.0273972602739726,0.55125,0.971875,0.592666666666667,0.0138888888888889,0.75820895522388,0.195416666666667,36.8869863013699,0.0579999999999998,5,0.75,0.13775,0.551,0.986166558351128,0,12000
"Helical channels","uniform","boundary",2,170,1,12000,"primary","FiberMargin",0.881,0.2952622551652,0.226164703902255,0.00317460317460317,0.0431893687707641,0.524166666666667,0.970208333333333,0.560666666666667,0.0122222222222222,0.762466001813237,0.183833333333333,35.7574750830565,0.0630000000000024,5,0.75,0.131,0.524,0.977887206169284,0,12000
"Helical channels","uniform","boundary",3,171,3,12000,"primary","FiberMargin",0.890583333333333,0.104322515716348,0.20425009966765,0,0,0.57625,0.969166666666667,0.606535511837279,0.0147761359848906,0.722685736988478,0.20975,37.5226480836237,0.0630000000000024,5,0.750083333333333,0.1405,0.562187395798599,0.991549818924691,0,12000
"Helical channels","uniform","patch",1,172,1,12000,"primary","FiberMargin",0.7255,0.0924922850300811,0.364671189835851,0.225913621262458,0.31438127090301,0.586666666666667,0.760208333333333,0.125666666666667,0.0745555555555556,0.161525278491859,0.1945,35.9933110367893,0.0619999999999976,5,0.75,-0.0245,-0.0979999999999999,0.778944434120052,0,12000
"Helical channels","uniform","patch",2,173,1,12000,"primary","FiberMargin",0.72525,0.108261368397225,0.414154945755479,0.28428093645485,0.329710144927536,0.595833333333333,0.757604166666667,0.104333333333333,0.0677777777777778,0.135497835497836,0.1925,39.1413043478261,0.0659999999999954,5,0.75,-0.02475,-0.0990000000000002,0.769508469869481,0,12000
"Helical channels","uniform","patch",3,174,3,12000,"primary","FiberMargin",0.72,0.0160354094775349,0.230593328506629,0.0584415584415584,0.059016393442623,0.513333333333333,0.771666666666667,0.15838612870957,0.0928785690478836,0.188866799204771,0.209583333333333,35.1770491803279,0.0679999999999978,5,0.750083333333333,-0.0300833333333334,-0.120373457819273,0.794575449715724,0,12000
"Helical channels","uniform","random",1,175,1,12000,"primary","FiberMargin",0.92875,0.385731810776614,0.419931217129343,0.210884353741497,0.244444444444444,0.714166666666667,0.982395833333333,0.91,0.065,0.786063921681543,0.289416666666667,40.1592592592593,0.106999999999999,5,0.75,0.17875,0.715,0.998247717421378,0,12000
"Helical channels","uniform","random",2,176,1,12000,"primary","FiberMargin",0.929333333333333,0.368527378134667,0.407432229055239,0.197231833910035,0.258555133079848,0.706666666666667,0.985,0.904,0.0622222222222222,0.789749563191613,0.286166666666667,41.3346007604563,0.0690000000000026,5,0.75,0.179333333333333,0.717333333333333,0.998804157851164,0,12000
"Helical channels","uniform","random",3,177,3,12000,"primary","FiberMargin",0.908666666666667,0.0734040419767044,0.235999949847273,0.0333333333333333,0.0333333333333333,0.64375,0.974895833333333,0.903301100366789,0.0895456060437729,0.735142469470828,0.307083333333333,40.2185185185185,0.0619999999999976,5,0.750083333333333,0.158583333333333,0.634544848282761,0.999355373422967,0,12000
"Helical channels","uniform","region",1,178,1,12000,"primary","FiberMargin",0.73425,0.243486640350672,0.639378881893084,0.5,0.553956834532374,0.684166666666667,0.746770833333333,0.025,0.0293333333333333,0.219941348973607,0.0284166666666667,38.7661870503597,0.111999999999995,5,0.75,-0.01575,-0.0630000000000002,0.748074603321889,0,12000
"Helical channels","uniform","region",2,179,1,12000,"primary","FiberMargin",0.733666666666667,0.246169747191526,0.64462398943857,0.5,0.552542372881356,0.710833333333333,0.739375,0.0196666666666667,0.0283333333333333,0.187898089171975,0.0261666666666667,36.5254237288136,0.0749999999999957,5,0.75,-0.0163333333333333,-0.0653333333333332,0.746450116009281,0,12000
"Helical channels","uniform","region",3,180,3,12000,"primary","FiberMargin",0.701,0.108529285675425,0.366117622422528,0.222222222222222,0.260869565217391,0.538333333333333,0.741666666666667,0.023674558186062,0.0733251860904344,0.096862210095498,0.0610833333333333,35.943143812709,0.0690000000000026,5,0.750083333333333,-0.0490833333333334,-0.196398799599867,0.751279426816786,0,12000
"Thin folded sheets","class_imbalanced","boundary",1,181,1,12000,"primary","FiberMargin",0.946166666666667,0.304144847907886,0.282558821108854,0.0476190476190476,0.0476190476190476,0.852916666666667,0.969479166666667,0.848,0.0211111111111111,0.856565656565657,0.2475,268.404761904762,0.0900000000000034,5,0.75,0.196166666666667,0.784666666666667,0.995830746030338,0,12000
"Thin folded sheets","class_imbalanced","boundary",2,182,1,12000,"primary","FiberMargin",0.96625,0.949943933992449,0.928403406483108,0.781345565749236,0.891221374045801,0.913333333333333,0.979479166666667,0.916,0.017,0.903056194544857,0.253583333333333,9.98854961832061,0.0649999999999977,5,0.75,0.21625,0.865,0.994459304547191,0,12000
"Thin folded sheets","class_imbalanced","boundary",3,183,3,12000,"primary","FiberMargin",0.874083333333333,0.555247851628298,0.347187514646583,0,0,0.602916666666667,0.941875,0.613204401467156,0.0389956671480947,0.651203966005666,0.235333333333333,142.383333333333,0.0670000000000002,5,0.750083333333333,0.124,0.496165388462821,0.979398337820438,0,12000
"Thin folded sheets","class_imbalanced","patch",1,184,1,12000,"primary","FiberMargin",0.73875,0.0365534931510437,0.215541727782053,0.0196078431372549,0.0196078431372549,0.65125,0.760625,0.115333333333333,0.0534444444444444,0.16523400191022,0.1745,219.980392156863,0.0649999999999977,5,0.75,-0.01125,-0.0449999999999999,0.781531330778144,0,12000
"Thin folded sheets","class_imbalanced","patch",2,185,1,12000,"primary","FiberMargin",0.7345,0.486707900263579,0.503099745987338,0.0478723404255319,0.0537634408602151,0.641666666666667,0.757708333333333,0.122666666666667,0.0615555555555556,0.163773920783267,0.18725,58.989247311828,0.0600000000000023,5,0.75,-0.0155,-0.0619999999999998,0.815530441122858,0,12000
"Thin folded sheets","class_imbalanced","patch",3,186,3,12000,"primary","FiberMargin",0.722333333333333,0.394557898455663,0.603944061026782,0,0,0.699166666666667,0.728125,0.16105368456152,0.0906565937118098,0.200414937759336,0.200833333333333,31.8571428571429,0.0640000000000001,5,0.750083333333333,-0.0277499999999999,-0.111037012337446,0.691650651291907,0,12000
"Thin folded sheets","class_imbalanced","random",1,187,1,12000,"primary","FiberMargin",0.9325,0.821525318697356,0.613227605341759,0,0,0.868333333333333,0.948541666666667,0.888,0.0526666666666667,0.799279927992799,0.27775,78.2816901408451,0.0739999999999981,5,0.75,0.1825,0.73,0.91183879093199,0,12000
"Thin folded sheets","class_imbalanced","random",2,188,1,12000,"primary","FiberMargin",0.93775,0.792350357773701,0.425821028037626,0,0.0153846153846154,0.85375,0.95875,0.897333333333333,0.0487777777777778,0.820982006709363,0.27325,132.353846153846,0.0570000000000022,5,0.75,0.18775,0.751,0.969080553295362,0,12000
"Thin folded sheets","class_imbalanced","random",3,189,3,12000,"primary","FiberMargin",0.947333333333333,0.0084984867590612,0.201791044776119,0,0,0.87875,0.964479166666667,0.944648216072024,0.0517720253305188,0.835693215339233,0.2825,236.770833333333,0.0589999999999975,5,0.750083333333333,0.19725,0.789263087695899,1,0,12000
"Thin folded sheets","class_imbalanced","region",1,190,1,12000,"primary","FiberMargin",0.738166666666667,0.519456177557399,0.766644574974498,0.685294117647059,0.924698795180723,0.716666666666667,0.743541666666667,0.0623333333333333,0.0365555555555556,0.359615384615385,0.0433333333333333,19.6987951807229,0.0730000000000004,5,0.75,-0.0118333333333334,-0.0473333333333334,0.71605504587156,0,12000
"Thin folded sheets","class_imbalanced","region",2,191,1,12000,"primary","FiberMargin",0.707416666666667,0.446533603995839,0.299248841737983,0,0,0.656666666666667,0.720104166666667,0.002,0.0574444444444444,0.0114285714285714,0.04375,122.728571428571,0.0600000000000023,5,0.75,-0.0425833333333333,-0.170333333333333,0.757187754626935,0,12000
"Thin folded sheets","class_imbalanced","region",3,192,3,12000,"primary","FiberMargin",0.684833333333333,0.466232101200991,0.516635257483135,0.144981412639405,0.314285714285714,0.632916666666667,0.6978125,0.0283427809269757,0.0964337295856016,0.0885416666666667,0.08,58.1333333333333,0.0549999999999997,5,0.750083333333333,-0.06525,-0.26108702900967,0.660550458715596,0,12000
"Thin folded sheets","irregular_z","boundary",1,193,1,12000,"primary","FiberMargin",0.893583333333333,0.736956941639743,0.805095113159875,0.713523131672598,0.713523131672598,0.534166666666667,0.9834375,0.584666666666667,0.00344444444444444,0.77886323268206,0.187666666666667,14.8701067615658,0.0679999999999978,5,0.75,0.143583333333333,0.574333333333333,0.941366519085796,0,12000
"Thin folded sheets","irregular_z","boundary",2,194,1,12000,"primary","FiberMargin",0.8955,0.744429613877801,0.809677413153522,0.707272727272727,0.707272727272727,0.545833333333333,0.982916666666667,0.593333333333333,0.00377777777777778,0.781044317683194,0.189916666666667,15.1927272727273,0.0590000000000046,5,0.75,0.1455,0.582,0.94183820009574,0,12000
"Thin folded sheets","irregular_z","boundary",3,195,3,12000,"primary","FiberMargin",0.878416666666667,0.67225210037486,0.745312435001213,0.580152671755725,0.580152671755725,0.5025,0.972395833333333,0.539846615538513,0.00877680257749139,0.723737147966026,0.186416666666667,16.3034351145038,0.0679999999999978,5,0.750083333333333,0.128333333333333,0.5135045015005,0.940887276132506,0,12000
"Thin folded sheets","irregular_z","patch",1,196,1,12000,"primary","FiberMargin",0.752,0.444339019311702,0.777630369401319,0.720689655172414,0.720689655172414,0.70125,0.7646875,0.104,0.032,0.146754468485419,0.177166666666667,14.5931034482759,0.0670000000000002,5,0.75,0.002,0.00800000000000001,0.733695652173913,0,12000
"Thin folded sheets","irregular_z","patch",2,197,1,12000,"primary","FiberMargin",0.75725,0.486125627053912,0.723165797979028,0.577812018489985,0.714555765595463,0.69125,0.77375,0.107333333333333,0.0261111111111111,0.167533818938606,0.160166666666667,15.9508506616257,0.0720000000000027,5,0.75,0.00724999999999998,0.0289999999999999,0.780635221616497,0,12000
"Thin folded sheets","irregular_z","patch",3,198,3,12000,"primary","FiberMargin",0.75275,0.45011748581948,0.72899950397854,0.598848368522073,0.598848368522073,0.675416666666667,0.772083333333333,0.132044014671557,0.0404399511165426,0.18452935694315,0.178833333333333,16.1919385796545,0.0779999999999959,5,0.750083333333333,0.00266666666666671,0.0106702234078028,0.763513513513513,0,12000
"Thin folded sheets","irregular_z","random",1,199,1,12000,"primary","FiberMargin",0.955083333333333,0.863063276693524,0.917873126654391,0.863468634686347,0.863468634686347,0.8125,0.990729166666667,0.907333333333333,0.029,0.87215636014098,0.260083333333333,15.5018450184502,0.0929999999999964,5,0.75,0.205083333333333,0.820333333333333,0.973220661747203,0,12000
"Thin folded sheets","irregular_z","random",2,200,1,12000,"primary","FiberMargin",0.9595,0.876249996340793,0.924088339402477,0.859929078014184,0.859929078014184,0.824166666666667,0.993333333333333,0.919333333333333,0.0271111111111111,0.887101962045674,0.259083333333333,14.9734042553191,0.0820000000000007,5,0.75,0.2095,0.838,0.975725281231498,0,12000
"Thin folded sheets","irregular_z","random",3,201,3,12000,"primary","FiberMargin",0.936666666666667,0.808165497602953,0.874643645052714,0.799307958477509,0.799307958477509,0.784583333333333,0.9746875,0.871957319106369,0.0417731363181869,0.825181445250868,0.264083333333333,14.6470588235294,0.0679999999999978,5,0.750083333333333,0.186583333333333,0.746582194064688,0.967399007795889,0,12000
"Thin folded sheets","irregular_z","region",1,202,1,12000,"primary","FiberMargin",0.739083333333333,0.46655675659606,0.713060954845799,0.13780260707635,0.13780260707635,0.694166666666667,0.7503125,0.032,0.0252222222222222,0.209150326797386,0.03825,15.6554934823091,0.166999999999994,5,0.75,-0.0109166666666667,-0.0436666666666667,0.726418460806471,0,12000
"Thin folded sheets","irregular_z","region",2,203,1,12000,"primary","FiberMargin",0.733666666666667,0.471365033826937,0.729643212802426,0.512647554806071,0.512647554806071,0.656666666666667,0.752916666666667,0.0193333333333333,0.0282222222222222,0.159779614325069,0.03025,14.0961214165261,0.0649999999999977,5,0.75,-0.0163333333333333,-0.0653333333333332,0.730111257327432,0,12000
"Thin folded sheets","irregular_z","region",3,204,3,12000,"primary","FiberMargin",0.730666666666667,0.457147286642521,0.701982551311488,0.576146788990826,0.576146788990826,0.643333333333333,0.7525,0.0333444481493831,0.0369958893456283,0.194174757281553,0.0429166666666667,15.3908256880734,0.0760000000000005,5,0.750083333333333,-0.0194166666666666,-0.0776925641880626,0.745588936576061,0,12000
"Thin folded sheets","uniform","boundary",1,205,1,12000,"primary","FiberMargin",0.83475,0.488867063707135,0.594884471098616,0.441830065359477,0.441830065359477,0.470833333333333,0.925729166666667,0.487333333333333,0.0494444444444444,0.539085545722714,0.226,10.921568627451,0.0649999999999977,5,0.75,0.08475,0.339,0.97869539198085,0,12000
"Thin folded sheets","uniform","boundary",2,206,1,12000,"primary","FiberMargin",0.834333333333333,0.482696298450427,0.590128464185129,0.451612903225806,0.451612903225806,0.475,0.924166666666667,0.485,0.0492222222222222,0.533162330524001,0.227416666666667,11.3225806451613,0.0799999999999983,5,0.75,0.0843333333333334,0.337333333333333,0.976970560303894,0,12000
"Thin folded sheets","uniform","boundary",3,207,3,12000,"primary","FiberMargin",0.737333333333333,0.144865426447001,0.311434985468065,0.11968085106383,0.11968085106383,0.484166666666667,0.800625,0.492164054684895,0.180979891123209,0.370854271356784,0.331666666666667,11.1343085106383,0.0579999999999998,5,0.750083333333333,-0.01275,-0.0510170056685563,0.995103308252717,0,12000
"Thin folded sheets","uniform","patch",1,208,1,12000,"primary","FiberMargin",0.738083333333333,0.440241715675195,0.666175147230944,0.317941952506596,0.317941952506596,0.66,0.757604166666667,0.101333333333333,0.0496666666666667,0.140871177015755,0.179833333333333,11.0052770448549,0.0690000000000026,5,0.75,-0.0119166666666667,-0.0476666666666667,0.77823064013426,0,12000
"Thin folded sheets","uniform","patch",2,209,1,12000,"primary","FiberMargin",0.747166666666667,0.448638588477119,0.661049941995429,0.483026188166828,0.634615384615385,0.64625,0.772395833333333,0.129666666666667,0.047,0.183750590458196,0.176416666666667,10.7397435897436,0.105000000000004,5,0.75,-0.00283333333333335,-0.0113333333333334,0.803509609645458,0,12000
"Thin folded sheets","uniform","patch",3,210,3,12000,"primary","FiberMargin",0.662833333333333,0.207907342892925,0.405602515497852,0.262944162436548,0.283967391304348,0.520833333333333,0.698333333333333,0.19346230820547,0.180848700288825,0.169343065693431,0.285416666666667,11.4755434782609,0.0629999999999953,5,0.750166666666667,-0.0873333333333333,-0.349566377585056,0.813521193464362,0,12000
"Thin folded sheets","uniform","random",1,211,1,12000,"primary","FiberMargin",0.888583333333333,0.653976416236824,0.732601946631257,0.644295302013423,0.644295302013423,0.743333333333333,0.924895833333333,0.774333333333333,0.0733333333333333,0.696342925659472,0.278,11.2724832214765,0.070999999999998,5,0.75,0.138583333333333,0.554333333333333,0.981185996665873,0,12000
"Thin folded sheets","uniform","random",2,212,1,12000,"primary","FiberMargin",0.886916666666667,0.648625884867863,0.726582564822819,0.588983050847458,0.588983050847458,0.731666666666667,0.925729166666667,0.765666666666667,0.0726666666666667,0.694587239189598,0.275583333333333,11.8870056497175,0.0760000000000005,5,0.75,0.136916666666667,0.547666666666667,0.980156844106464,0,12000
"Thin folded sheets","uniform","random",3,213,3,12000,"primary","FiberMargin",0.77775,0.289249115732699,0.434430812573841,0.238095238095238,0.321187584345479,0.617916666666667,0.817708333333333,0.694898299433144,0.194645039440062,0.480627306273063,0.361333333333333,11.306342780027,0.0640000000000001,5,0.750083333333333,0.0276666666666667,0.110703567855952,0.988422057770351,0,12000
"Thin folded sheets","uniform","region",1,214,1,12000,"primary","FiberMargin",0.773333333333333,0.39303165949756,0.67604675225701,0.48036253776435,0.87741935483871,0.717083333333333,0.787395833333333,0.241,0.0492222222222222,0.400332225913621,0.1505,10.76,0.0740000000000052,5,0.75,0.0233333333333333,0.0933333333333333,0.837030819043051,0,12000
"Thin folded sheets","uniform","region",2,215,1,12000,"primary","FiberMargin",0.73775,0.452170879691433,0.759444887635138,0.578646329837941,0.8777633289987,0.729166666666667,0.739895833333333,0.109,0.0526666666666667,0.389749702026222,0.0699166666666667,10.8933680104031,0.0649999999999977,5,0.75,-0.01225,-0.0489999999999999,0.728661812104572,0,12000
"Thin folded sheets","uniform","region",3,216,3,12000,"primary","FiberMargin",0.646083333333333,0.188563716641282,0.411933869600629,0.201960784313725,0.226466575716235,0.54,0.672604166666667,0.153051017005669,0.189645594933896,0.199738903394256,0.1915,11.4788540245566,0.0659999999999954,5,0.750083333333333,-0.104,-0.416138712904301,0.784882338958878,0,12000
"Toroidal compartments","class_imbalanced","boundary",1,217,1,12000,"primary","FiberMargin",0.844583333333333,0.748608474804086,0.778539887055634,0.598484848484849,0.598484848484849,0.40875,0.953541666666667,0.439,0.0202222222222222,0.762152777777778,0.144,58.3181818181818,0.0859999999999985,5,0.75,0.0945833333333334,0.378333333333333,0.890231228890621,0,12000
"Toroidal compartments","class_imbalanced","boundary",2,218,1,12000,"primary","FiberMargin",0.96225,0.916745973024879,0.806878856823304,0.352459016393443,0.352459016393443,0.879166666666667,0.983020833333333,0.883666666666667,0.0115555555555556,0.935757147899753,0.236083333333333,63.1803278688525,0.0640000000000001,5,0.75,0.21225,0.849,0.991696938245978,0,12000
"Toroidal compartments","class_imbalanced","boundary",3,219,3,12000,"primary","FiberMargin",0.892416666666667,0.694891512056828,0.714349931579174,0.21969696969697,0.21969696969697,0.70625,0.938958333333333,0.718572857619206,0.0496611487612487,0.748783877692842,0.239833333333333,57.7878787878788,0.0640000000000001,5,0.750083333333333,0.142333333333333,0.569523174391464,0.956345044572627,0,12000
"Toroidal compartments","class_imbalanced","patch",1,220,1,12000,"primary","FiberMargin",0.722166666666667,0.543063530116181,0.607634274525802,0.111111111111111,0.111111111111111,0.77625,0.708645833333333,0.0363333333333333,0.0492222222222222,0.167950693374422,0.0540833333333333,53.0763888888889,0.0749999999999957,5,0.75,-0.0278333333333334,-0.111333333333334,0.65576344367395,0,12000
"Toroidal compartments","class_imbalanced","patch",2,221,1,12000,"primary","FiberMargin",0.733833333333333,0.47811689262223,0.684392763473334,0.479224376731302,0.895833333333333,0.707083333333333,0.740520833333333,0.131,0.0652222222222222,0.227694090382387,0.143833333333333,52.9097222222222,0.0730000000000004,5,0.75,-0.0161666666666667,-0.0646666666666667,0.757054731592072,0,12000
"Toroidal compartments","class_imbalanced","patch",3,222,3,12000,"primary","FiberMargin",0.728833333333333,0.533257313042931,0.538792213560917,0.18,0.357142857142857,0.725416666666667,0.7296875,0.111037012337446,0.0653260748805688,0.207605985037406,0.133666666666667,60.7142857142857,0.0899999999999963,5,0.750083333333333,-0.02125,-0.0850283427809269,0.763790849673203,0,12000
"Toroidal compartments","class_imbalanced","random",1,223,1,12000,"primary","FiberMargin",0.94675,0.876419138653278,0.667593181443644,0.0916030534351145,0.0916030534351145,0.926666666666667,0.951770833333333,0.904666666666667,0.0392222222222222,0.8749194068343,0.2585,58.7251908396947,0.0649999999999977,5,0.75,0.19675,0.787,0.999870011698947,0,12000
"Toroidal compartments","class_imbalanced","random",2,224,1,12000,"primary","FiberMargin",0.932916666666667,0.819768762220456,0.723210570793777,0.168,0.168,0.8825,0.945520833333333,0.839333333333333,0.0358888888888889,0.876740947075209,0.239333333333333,61.48,0.0770000000000053,5,0.75,0.182916666666667,0.731666666666666,0.992713077423552,0,12000
"Toroidal compartments","class_imbalanced","random",3,225,3,12000,"primary","FiberMargin",0.952833333333333,0.926802055944627,0.659376870167699,0.128378378378378,0.128378378378378,0.904583333333333,0.964895833333333,0.920306768922974,0.0363292967448061,0.876747141041931,0.262333333333333,51.3175675675676,0.0619999999999976,5,0.750083333333333,0.20275,0.811270423474491,0.994206714944042,0,12000
"Toroidal compartments","class_imbalanced","region",1,226,1,12000,"primary","FiberMargin",0.7215,0.496516316233383,0.562244139812003,0.24031007751938,0.24031007751938,0.655,0.738125,0.045,0.053,0.218800648298217,0.0514166666666667,58.6046511627907,0.0649999999999977,5,0.75,-0.0285,-0.114,0.726984126984127,0,12000
"Toroidal compartments","class_imbalanced","region",2,227,1,12000,"primary","FiberMargin",0.728,0.528027451378938,0.562301876189661,0.00757575757575758,0.00757575757575758,0.72125,0.7296875,0.038,0.042,0.231237322515213,0.0410833333333333,58.2651515151515,0.0620000000000047,5,0.75,-0.022,-0.0880000000000001,0.704979846573918,0,12000
"Toroidal compartments","class_imbalanced","region",3,228,3,12000,"primary","FiberMargin",0.698583333333333,0.497061117350856,0.577410087404228,0.25077399380805,0.544117647058823,0.70625,0.696666666666667,0.021673891297099,0.0758804577269192,0.0863213811420983,0.06275,56.625,0.0649999999999977,5,0.750083333333333,-0.0515,-0.206068689563188,0.692637319828594,0,12000
"Toroidal compartments","irregular_z","boundary",1,229,1,12000,"primary","FiberMargin",0.890583333333333,0.7516520366788,0.890279029184248,0.849462365591398,0.849462365591398,0.570833333333333,0.970520833333333,0.608333333333333,0.0153333333333333,0.804673721340388,0.189,1.04731182795699,0.0700000000000003,5,0.75,0.140583333333333,0.562333333333333,0.900205338809035,0,12000
"Toroidal compartments","irregular_z","boundary",2,230,1,12000,"primary","FiberMargin",0.88825,0.747733863020202,0.887967581871625,0.835081829626521,0.886266094420601,0.562916666666667,0.969583333333333,0.6,0.0156666666666667,0.796107916850951,0.188416666666667,1.05407725321888,0.0870000000000033,5,0.75,0.13825,0.553,0.894543973941368,0,12000
"Toroidal compartments","irregular_z","boundary",3,231,3,12000,"primary","FiberMargin",0.845916666666667,0.672450046803055,0.845426278962253,0.717318900915903,0.834119159879983,0.493333333333333,0.9340625,0.524508169389797,0.0469947783579602,0.647591601482091,0.202416666666667,1.04457779682812,0.0730000000000004,5,0.750083333333333,0.0958333333333333,0.383461153717906,0.909725071809602,0,12000
"Toroidal compartments","irregular_z","patch",1,232,1,12000,"primary","FiberMargin",0.732083333333333,0.485348965659446,0.731898006863469,0.647357293868922,0.647357293868922,0.66875,0.747916666666667,0.0756666666666667,0.0491111111111111,0.183212267958031,0.10325,1.04059196617336,0.0690000000000026,5,0.75,-0.0179166666666667,-0.0716666666666668,0.787484762291751,0,12000
"Toroidal compartments","irregular_z","patch",2,233,1,12000,"primary","FiberMargin",0.734833333333333,0.481728721337632,0.734531070104026,0.674841437632135,0.674841437632135,0.660833333333333,0.753333333333333,0.0863333333333333,0.049,0.199537750385208,0.108166666666667,1.02959830866808,0.0779999999999959,5,0.75,-0.0151666666666667,-0.0606666666666666,0.775770020533881,0,12000
"Toroidal compartments","irregular_z","patch",3,234,3,12000,"primary","FiberMargin",0.716416666666667,0.469392278576091,0.715547989873563,0.584063412599082,0.672236503856041,0.620833333333333,0.7403125,0.124,0.0861111111111111,0.220771513353116,0.140416666666667,1.06426735218509,0.0629999999999953,5,0.75,-0.0335833333333333,-0.134333333333333,0.833735909822866,0,12000
"Toroidal compartments","irregular_z","random",1,235,1,12000,"primary","FiberMargin",0.916,0.804123986966136,0.915790154843236,0.889311364596536,0.903681506849315,0.72125,0.9646875,0.858333333333333,0.0647777777777778,0.788667687595712,0.272083333333333,1.05479452054795,0.0739999999999981,5,0.75,0.166,0.664,0.918019480519481,0,12000
"Toroidal compartments","irregular_z","random",2,236,1,12000,"primary","FiberMargin",0.919833333333333,0.812357944691646,0.91993103245,0.881814398668331,0.942699490662139,0.735416666666667,0.9659375,0.867333333333333,0.0626666666666667,0.795962067910676,0.272416666666667,1.02971137521222,0.0790000000000006,5,0.75,0.169833333333333,0.679333333333333,0.913437757625721,0,12000
"Toroidal compartments","irregular_z","random",3,237,3,12000,"primary","FiberMargin",0.8625,0.695185545517498,0.862758073587654,0.825234789710086,0.888795282224094,0.662083333333333,0.912604166666667,0.775517011340894,0.108531437458343,0.672548452415389,0.288083333333333,1.03159224936816,0.0769999999999982,5,0.750166666666667,0.112333333333333,0.449633088725817,0.825234789710086,0,12000
"Toroidal compartments","irregular_z","region",1,238,1,12000,"primary","FiberMargin",0.728083333333333,0.402677477590514,0.726366810147811,0.583262531860663,0.671109200343938,0.645833333333333,0.748645833333333,0.056,0.0478888888888889,0.254545454545455,0.055,1.06577815993121,0.103000000000002,5,0.75,-0.0219166666666667,-0.0876666666666668,0.741831383622428,0,12000
"Toroidal compartments","irregular_z","region",2,239,1,12000,"primary","FiberMargin",0.721166666666667,0.459442244266336,0.720638551093619,0.617458279845956,0.617458279845956,0.649583333333333,0.7390625,0.033,0.0494444444444444,0.181651376146789,0.0454166666666667,1.05776636713736,0.100000000000001,5,0.75,-0.0288333333333334,-0.115333333333334,0.756472491909385,0,12000
"Toroidal compartments","irregular_z","region",3,240,3,12000,"primary","FiberMargin",0.715166666666667,0.405097659357647,0.714966415326338,0.662736842105263,0.662736842105263,0.622083333333333,0.7384375,0.0996998999666556,0.0797689145650483,0.266964285714286,0.0933333333333333,1.01894736842105,0.0829999999999984,5,0.750083333333333,-0.0349166666666667,-0.139713237745915,0.689256198347107,0,12000
"Toroidal compartments","uniform","boundary",1,241,1,12000,"primary","FiberMargin",0.8495,0.67611933792933,0.849360085637246,0.71661101836394,0.915647406157739,0.4775,0.9425,0.504333333333333,0.0354444444444444,0.676352257487707,0.186416666666667,1.03289751159848,0.0690000000000026,5,0.75,0.0995,0.398,0.916292364230298,0,12000
"Toroidal compartments","uniform","boundary",2,242,1,12000,"primary","FiberMargin",0.85,0.675936198843011,0.850133109642348,0.716110424392254,0.856598984771574,0.485,0.94125,0.501333333333333,0.0337777777777778,0.667554371948513,0.18775,1.03384094754653,0.0630000000000024,5,0.75,0.1,0.4,0.912847790507365,0,12000
"Toroidal compartments","uniform","boundary",3,243,3,12000,"primary","FiberMargin",0.793333333333333,0.589418987428098,0.791995612244969,0.548081069426477,0.548081069426477,0.444583333333333,0.880520833333333,0.448816272090697,0.0918786801466504,0.500371747211896,0.224166666666667,1.0620957309185,0.0609999999999999,5,0.750083333333333,0.04325,0.173057685895298,0.79415347137637,0,12000
"Toroidal compartments","uniform","patch",1,244,1,12000,"primary","FiberMargin",0.744333333333333,0.50321834387892,0.744975002087775,0.617536534446764,0.818534482758621,0.6975,0.756041666666667,0.190666666666667,0.0711111111111111,0.362944162436548,0.131333333333333,1.06637931034483,0.0649999999999977,5,0.75,-0.00566666666666671,-0.0226666666666668,0.711802748585287,0,12000
"Toroidal compartments","uniform","patch",2,245,1,12000,"primary","FiberMargin",0.74975,0.530744121937193,0.750354643872499,0.523789649415693,0.959813874788494,0.664583333333333,0.771041666666667,0.197,0.066,0.349704142011834,0.140833333333333,1.03003384094755,0.0820000000000007,5,0.75,-0.000249999999999972,-0.00099999999999989,0.73429158110883,0,12000
"Toroidal compartments","uniform","patch",3,246,3,12000,"primary","FiberMargin",0.724166666666667,0.463514178735621,0.724390433192639,0.679966749792186,0.800590219224283,0.629166666666667,0.747916666666667,0.278426142047349,0.127319186757027,0.356990166737922,0.194916666666667,1.01517706576728,0.0599999999999952,5,0.750083333333333,-0.0259166666666667,-0.103701233744582,0.715116279069767,0,12000
"Toroidal compartments","uniform","random",1,247,1,12000,"primary","FiberMargin",0.873416666666667,0.717961399061523,0.873232351259417,0.816506074570591,0.867007672634271,0.675416666666667,0.922916666666667,0.758,0.0881111111111111,0.698832206515058,0.271166666666667,1.05157715260017,0.0870000000000033,5,0.75,0.123416666666667,0.493666666666666,0.902715849209566,0,12000
"Toroidal compartments","uniform","random",2,248,1,12000,"primary","FiberMargin",0.873083333333333,0.714410601220655,0.873295771589489,0.838656838656839,0.893418259023355,0.689166666666667,0.9190625,0.752666666666667,0.0867777777777778,0.707615167659041,0.265916666666667,1.03694267515924,0.0640000000000001,5,0.75,0.123083333333333,0.492333333333333,0.838656838656839,0,12000
"Toroidal compartments","uniform","random",3,249,3,12000,"primary","FiberMargin",0.796333333333333,0.576516691223395,0.796337179975621,0.701995012468828,0.811914893617021,0.64375,0.834479166666667,0.649883294431477,0.154871680924342,0.544109436069235,0.2985,1.03148936170213,0.0730000000000075,5,0.750083333333333,0.04625,0.185061687229076,0.862211221122112,0,12000
"Toroidal compartments","uniform","region",1,250,1,12000,"primary","FiberMargin",0.722916666666667,0.418239301540709,0.723190624042238,0.620987654320988,0.824105621805792,0.6325,0.745520833333333,0.086,0.0647777777777778,0.280434782608696,0.0766666666666667,1.03492333901193,0.0730000000000004,5,0.75,-0.0270833333333333,-0.108333333333333,0.620987654320988,0,12000
"Toroidal compartments","uniform","region",2,251,1,12000,"primary","FiberMargin",0.7525,0.463521496730789,0.752531855398647,0.61709258483452,0.897597977243995,0.666666666666667,0.773958333333333,0.186,0.0586666666666667,0.496883348174533,0.0935833333333333,1.02486304256216,0.061000000000007,5,0.75,0.00249999999999995,0.00999999999999979,0.740131578947368,0,12000
"Toroidal compartments","uniform","region",3,252,3,12000,"primary","FiberMargin",0.705,0.39273873308533,0.705653324362213,0.626865671641791,0.767599660729432,0.615,0.7275,0.192397465821941,0.124208421286524,0.334686774941995,0.143666666666667,1.03519932145886,0.0580000000000069,5,0.750083333333333,-0.0450833333333334,-0.180393464488163,0.687832855387136,0,12000
"Warped ellipsoids","class_imbalanced","boundary",1,253,1,12000,"primary","FiberMargin",0.820666666666667,0.677495485396336,0.701806650657043,0.29041095890411,0.653846153846154,0.291666666666667,0.952916666666667,0.325,0.0141111111111111,0.817267393126572,0.0994166666666667,58.8076923076923,0.0630000000000024,5,0.75,0.0706666666666667,0.282666666666667,0.827730542838456,0,12000
"Warped ellipsoids","class_imbalanced","boundary",2,254,1,12000,"primary","FiberMargin",0.855166666666667,0.637327828246673,0.815931016253841,0.582352941176471,0.887218045112782,0.413333333333333,0.965625,0.446666666666667,0.00866666666666667,0.863958736299162,0.12925,57.5639097744361,0.0660000000000025,5,0.75,0.105166666666667,0.420666666666667,0.85632183908046,0,12000
"Warped ellipsoids","class_imbalanced","boundary",3,255,3,12000,"primary","FiberMargin",0.876833333333333,0.703368058743207,0.74450296579346,0.564885496183206,0.564885496183206,0.62,0.941041666666667,0.635878626208736,0.0428841239862238,0.735441573467027,0.216083333333333,58.7862595419847,0.0640000000000072,5,0.750083333333333,0.12675,0.507169056352118,0.963511232307493,0,12000
"Warped ellipsoids","class_imbalanced","patch",1,256,1,12000,"primary","FiberMargin",0.751333333333333,0.458454989231359,0.630776096174181,0.24031007751938,0.24031007751938,0.72375,0.758229166666667,0.091,0.0285555555555556,0.204954954954955,0.111,59.062015503876,0.0719999999999885,5,0.75,0.0013333333333333,0.00533333333333319,0.726867042919018,0,12000
"Warped ellipsoids","class_imbalanced","patch",2,257,1,12000,"primary","FiberMargin",0.7265,0.464745559439934,0.672706105984471,0.459214501510574,0.807692307692308,0.660416666666667,0.743020833333333,0.104333333333333,0.0661111111111111,0.174860335195531,0.149166666666667,59.2153846153846,0.0589999999999975,5,0.75,-0.0235,-0.0939999999999999,0.700961288646402,0,12000
"Warped ellipsoids","class_imbalanced","patch",3,258,3,12000,"primary","FiberMargin",0.706166666666667,0.539092743708889,0.551591858150498,0.115015974440895,0.325,0.779583333333333,0.6878125,0.0460153384461487,0.0738806799244528,0.159722222222222,0.072,63.9166666666667,0.063999999999993,5,0.750083333333333,-0.0439166666666666,-0.175725241747249,0.638983050847458,0,12000
"Warped ellipsoids","class_imbalanced","random",1,259,1,12000,"primary","FiberMargin",0.920333333333333,0.804790123614834,0.752111435756317,0.44574780058651,0.68421052631579,0.854166666666667,0.936875,0.814,0.0442222222222222,0.825836996956375,0.246416666666667,57.2105263157895,0.0679999999999978,5,0.75,0.170333333333333,0.681333333333333,0.988697594953345,0,12000
"Warped ellipsoids","class_imbalanced","random",2,260,1,12000,"primary","FiberMargin",0.919916666666667,0.798937901073747,0.72652732308837,0.335347432024169,0.688,0.846666666666667,0.938229166666667,0.829,0.0497777777777778,0.809306866254474,0.256083333333333,61.4,0.0660000000000025,5,0.75,0.169916666666667,0.679666666666667,0.986188925081433,0,12000
"Warped ellipsoids","class_imbalanced","random",3,261,3,12000,"primary","FiberMargin",0.85475,0.616143796463198,0.573531365576249,0.329153605015674,0.368852459016393,0.8425,0.8578125,0.731577192397466,0.10421064326186,0.649881516587678,0.281333333333333,62.3196721311475,0.0699999999999932,5,0.750083333333333,0.104666666666667,0.418806268756252,0.985795080889123,0,12000
"Warped ellipsoids","class_imbalanced","region",1,262,1,12000,"primary","FiberMargin",0.74475,0.498086110827841,0.551783974722827,0,0,0.710416666666667,0.753333333333333,0.098,0.0396666666666667,0.439461883408072,0.05575,57.4135338345865,0.0690000000000026,5,0.75,-0.00524999999999998,-0.0209999999999999,0.726558407543216,0,12000
"Warped ellipsoids","class_imbalanced","region",2,263,1,12000,"primary","FiberMargin",0.713583333333333,0.447061332818805,0.539684787852235,0.0454545454545455,0.462686567164179,0.702916666666667,0.71625,0.0153333333333333,0.0536666666666667,0.0869565217391304,0.0440833333333333,56.5671641791045,0.0849999999999937,5,0.75,-0.0364166666666667,-0.145666666666667,0.707387862796834,0,12000
"Warped ellipsoids","class_imbalanced","region",3,264,3,12000,"primary","FiberMargin",0.713416666666667,0.553850988408022,0.559637468634931,0.0707964601769911,0.291338582677165,0.74125,0.706458333333333,0.0203401133711237,0.0556604821686479,0.108348134991119,0.0469166666666667,60.1811023622047,0.0589999999999975,5,0.750083333333333,-0.0366666666666666,-0.146715571857286,0.632343320685595,0,12000
"Warped ellipsoids","irregular_z","boundary",1,265,1,12000,"primary","FiberMargin",0.892166666666667,0.754386772990561,0.891802491431421,0.82757148954332,0.82757148954332,0.55625,0.976145833333333,0.594333333333333,0.00855555555555556,0.832788416627744,0.178416666666667,1.03841229193342,0.0700000000000074,5,0.75,0.142166666666667,0.568666666666667,0.872585285655569,0,12000
"Warped ellipsoids","irregular_z","boundary",2,266,1,12000,"primary","FiberMargin",0.896083333333333,0.761565159669219,0.896069513672581,0.869620253164557,0.869620253164557,0.5675,0.978229166666667,0.611333333333333,0.009,0.837442922374429,0.1825,1.0337552742616,0.0620000000000118,5,0.75,0.146083333333333,0.584333333333333,0.891836734693878,0,12000
"Warped ellipsoids","irregular_z","boundary",3,267,3,12000,"primary","FiberMargin",0.856333333333333,0.68345341495962,0.856228847783456,0.769007062733693,0.863481228668942,0.49875,0.945729166666667,0.524683122081388,0.0332148411464119,0.710799819249887,0.184416666666667,1.04820819112628,0.063999999999993,5,0.750166666666667,0.106166666666667,0.424949966644429,0.900691900691901,0,12000
"Warped ellipsoids","irregular_z","patch",1,268,1,12000,"primary","FiberMargin",0.733,0.520288514895289,0.732253302684985,0.491198658843252,0.776699029126214,0.687916666666667,0.744270833333333,0.0733333333333333,0.0471111111111111,0.192475940507437,0.09525,1.03081468974251,0.0720000000000027,5,0.75,-0.017,-0.0680000000000001,0.845208845208845,0,12000
"Warped ellipsoids","irregular_z","patch",2,269,1,12000,"primary","FiberMargin",0.749583333333333,0.503854206165717,0.750263420389804,0.691619202603743,0.85261353898886,0.645833333333333,0.775520833333333,0.112,0.0378888888888889,0.238128986534373,0.117583333333333,1.05312767780634,0.0799999999999983,5,0.75,-0.000416666666666621,-0.00166666666666648,0.691619202603743,0,12000
"Warped ellipsoids","irregular_z","patch",3,270,3,12000,"primary","FiberMargin",0.733083333333333,0.488478454182596,0.73327411013205,0.556384742951907,0.751481795088908,0.6775,0.746979166666667,0.147765176784523,0.0719840035547656,0.2893533638145,0.127583333333333,1.038950042337,0.0630000000000024,5,0.750166666666667,-0.0170833333333333,-0.0683789192795197,0.765688671556642,0,12000
"Warped ellipsoids","irregular_z","random",1,271,1,12000,"primary","FiberMargin",0.929416666666667,0.832790197682033,0.929237537670209,0.904377390565236,0.92578125,0.755416666666667,0.972916666666667,0.869666666666667,0.0506666666666667,0.830627188793378,0.26175,1.09678819444444,0.078000000000003,5,0.75,0.179416666666667,0.717666666666667,0.926790660862683,0,12000
"Warped ellipsoids","irregular_z","random",2,272,1,12000,"primary","FiberMargin",0.922666666666667,0.818792523127367,0.92278253702036,0.900082576383154,0.932001699957501,0.735416666666667,0.969479166666667,0.855333333333333,0.0548888888888889,0.814344652491273,0.262583333333333,1.03314917127072,0.0760000000000076,5,0.75,0.172666666666667,0.690666666666667,0.909502262443439,0,12000
"Warped ellipsoids","irregular_z","random",3,273,3,12000,"primary","FiberMargin",0.874666666666667,0.719538177179143,0.874853800821667,0.849829351535836,0.915915915915916,0.675416666666667,0.924479166666667,0.772924308102701,0.0914342850794356,0.701361573373676,0.275416666666667,1.05662805662806,0.0679999999999978,5,0.750083333333333,0.124583333333333,0.498499499833278,0.857490864799026,0,12000
"Warped ellipsoids","irregular_z","region",1,274,1,12000,"primary","FiberMargin",0.730583333333333,0.453318852287474,0.730046470177742,0.658808933002481,0.66046511627907,0.629583333333333,0.755833333333333,0.031,0.0362222222222222,0.147619047619048,0.0525,1.03340380549683,0.0730000000000075,5,0.75,-0.0194166666666666,-0.0776666666666666,0.865793780687398,0,12000
"Warped ellipsoids","irregular_z","region",2,275,1,12000,"primary","FiberMargin",0.742166666666667,0.439973689510252,0.741915956860274,0.651490066225166,0.705199828104856,0.694583333333333,0.7540625,0.065,0.0321111111111111,0.31502423263328,0.0515833333333333,1.06446067898582,0.0830000000000126,5,0.75,-0.00783333333333336,-0.0313333333333334,0.80742834073476,0,12000
"Warped ellipsoids","irregular_z","region",3,276,3,12000,"primary","FiberMargin",0.725666666666667,0.426126815671107,0.725361902668745,0.660226795464091,0.750850340136054,0.6325,0.748958333333333,0.08702900966989,0.0615487168092434,0.306698002350176,0.0709166666666667,1.05102040816327,0.0600000000000023,5,0.750083333333333,-0.0244166666666666,-0.0976992330776925,0.730582524271845,0,12000
"Warped ellipsoids","uniform","boundary",1,277,1,12000,"primary","FiberMargin",0.8705,0.711666532935465,0.870791269599162,0.785148101793909,0.919127086007702,0.5125,0.96,0.539,0.019,0.762735849056604,0.176666666666667,1.05263157894737,0.0870000000000033,5,0.75,0.1205,0.482,0.853658536585366,0,12000
"Warped ellipsoids","uniform","boundary",2,278,1,12000,"primary","FiberMargin",0.859666666666667,0.690114669286572,0.859867389421561,0.75376254180602,0.892281594571671,0.4825,0.953958333333333,0.515,0.0254444444444444,0.710998619420157,0.181083333333333,1.0470737913486,0.0729999999999933,5,0.75,0.109666666666667,0.438666666666667,0.853786958282706,0,12000
"Warped ellipsoids","uniform","boundary",3,279,3,12000,"primary","FiberMargin",0.811666666666667,0.613602130978881,0.811863521203422,0.672660400490396,0.835705045278137,0.463333333333333,0.89875,0.477159053017673,0.0768803466281524,0.551445086705202,0.21625,1.05519620526089,0.0650000000000119,5,0.750083333333333,0.0615833333333333,0.246415471823941,0.672660400490396,0,12000
"Warped ellipsoids","uniform","patch",1,280,1,12000,"primary","FiberMargin",0.761583333333333,0.526768745300799,0.7613313210043,0.6548561900792,0.746419545071609,0.677083333333333,0.782708333333333,0.208666666666667,0.0541111111111111,0.398726114649682,0.130833333333333,1.02358887952822,0.0669999999999931,5,0.75,0.0115833333333333,0.0463333333333331,0.806584362139918,0,12000
"Warped ellipsoids","uniform","patch",2,281,1,12000,"primary","FiberMargin",0.74875,0.525778735837805,0.747930083840149,0.535834738617201,0.535834738617201,0.695833333333333,0.761979166666667,0.192666666666667,0.0658888888888889,0.366751269035533,0.131333333333333,1.02571669477234,0.0869999999999891,5,0.75,-0.00124999999999997,-0.00499999999999989,0.858610768598438,0,12000
"Warped ellipsoids","uniform","patch",3,282,3,12000,"primary","FiberMargin",0.717416666666667,0.480228896011738,0.716810552055521,0.456,0.791843670348343,0.647083333333333,0.735,0.241413804601534,0.123986223752916,0.342155009451796,0.176333333333333,1.04757858963466,0.0619999999999976,5,0.750083333333333,-0.0326666666666666,-0.130710236745582,0.776561232765612,0,12000
"Warped ellipsoids","uniform","random",1,283,1,12000,"primary","FiberMargin",0.89025,0.748944074813856,0.89025344322917,0.852706672261855,0.909633418584825,0.710416666666667,0.935208333333333,0.8,0.0796666666666667,0.738688827331487,0.27075,1.04390451832907,0.0789999999999935,5,0.75,0.14025,0.561,0.89669252756227,0,12000
"Warped ellipsoids","uniform","random",2,284,1,12000,"primary","FiberMargin",0.88225,0.733043648775795,0.882310114588955,0.852506162695152,0.877716233489561,0.699583333333333,0.927916666666667,0.779333333333333,0.0834444444444444,0.722273710225517,0.26975,1.03706859821048,0.0750000000000028,5,0.75,0.13225,0.529,0.852506162695152,0,12000
"Warped ellipsoids","uniform","random",3,285,3,12000,"primary","FiberMargin",0.826583333333333,0.627149666796888,0.826752147072788,0.726819126819127,0.877490462060195,0.669583333333333,0.865833333333333,0.682560853617873,0.125430507721364,0.60669828097214,0.281166666666667,1.02416278083934,0.0550000000000068,5,0.750083333333333,0.0765,0.306102034011337,0.846440397350993,0,12000
"Warped ellipsoids","uniform","region",1,286,1,12000,"primary","FiberMargin",0.74225,0.432968302749581,0.742718463078109,0.69727463312369,0.710492505353319,0.677083333333333,0.758541666666667,0.126,0.0523333333333333,0.409534127843987,0.0769166666666667,1.08693790149893,0.0760000000000076,5,0.75,-0.00775000000000003,-0.0310000000000001,0.732072498029945,0,12000
"Warped ellipsoids","uniform","region",2,287,1,12000,"primary","FiberMargin",0.738,0.563895826171313,0.738657527865653,0.353923205342237,0.917825537294564,0.692083333333333,0.749479166666667,0.154333333333333,0.0674444444444444,0.352896341463415,0.109333333333333,1.02528445006321,0.056999999999988,5,0.75,-0.012,-0.048,0.669543773119605,0,12000
"Warped ellipsoids","uniform","region",3,288,3,12000,"primary","FiberMargin",0.719,0.410843563576668,0.717991052974525,0.610284742881428,0.610284742881428,0.645,0.7375,0.187729243081027,0.103988445728252,0.369908015768725,0.126833333333333,1.03612409689758,0.0589999999999975,5,0.750083333333333,-0.0310833333333334,-0.124374791597199,0.857260049220673,0,12000
