"shape","acquisition","noise_type","replicate","scenario","samples","n","stage","method","classes","initial_accuracy","accuracy","accuracy_gain","error_reduction","ari","macro_recall","worst_recall","sparse_region_accuracy","dense_region_accuracy","boundary_accuracy","interior_accuracy","correction_recall","damage_rate","changed_precision","changed_fraction","unresolved_fraction","seconds","observations","density_ratio"
"Branching tubes","class_imbalanced","boundary",1,1,1,12000,"primary","FiberMargin",5,0.75,0.8045,0.0545,0.218,0.437527292675801,0.257162862927755,0.0538461538461538,0.104166666666667,0.885425364133964,0.1675,0.96375,0.238666666666667,0.00688888888888889,0.454026632847178,0.131416666666667,0,0.0660000000000001,12000,224.5625
"Branching tubes","class_imbalanced","boundary",2,2,1,12000,"primary","FiberMargin",5,0.75,0.78925,0.03925,0.157,0.120958848104701,0.261270902395999,0.0461538461538462,0.0731707317073171,0.806732740943267,0.0758333333333333,0.967604166666667,0.160666666666667,0.00122222222222222,0.318572372769332,0.126083333333333,0,0.0660000000000001,12000,285.463414634146
"Branching tubes","class_imbalanced","boundary",3,3,3,12000,"primary","FiberMargin",5,0.75,0.8895,0.1395,0.558,0.733925046311665,0.83469656793746,0.745011086474501,0.754578754578755,0.974259974259974,0.52875,0.9796875,0.580333333333333,0.00744444444444444,0.768314210061783,0.188833333333333,0,0.0659999999999998,12000,9.96153846153846
"Branching tubes","class_imbalanced","patch",1,4,1,12000,"primary","FiberMargin",5,0.75,0.770583333333333,0.0205833333333333,0.0823333333333331,0.44646662556909,0.623601467280228,0.283783783783784,0.283783783783784,0.776556377884197,0.67,0.795729166666667,0.128,0.0152222222222222,0.205567451820128,0.155666666666667,0,0.062,12000,124.162162162162
"Branching tubes","class_imbalanced","patch",2,5,1,12000,"primary","FiberMargin",5,0.75,0.773416666666667,0.0234166666666666,0.0936666666666666,0.56686999799607,0.640462554646649,0.402061855670103,0.402061855670103,0.85,0.616666666666667,0.812604166666667,0.152,0.0194444444444444,0.267448680351906,0.142083333333333,0,0.0609999999999999,12000,74.4329896907217
"Branching tubes","class_imbalanced","patch",3,6,3,12000,"primary","FiberMargin",5,0.75,0.77925,0.02925,0.117,0.546667351420767,0.582170236658481,0.0752688172043011,0.0752688172043011,0.872929714683368,0.622083333333333,0.818541666666667,0.198333333333333,0.0271111111111111,0.313653136531365,0.158083333333333,0,0.0579999999999998,12000,77.258064516129
"Branching tubes","class_imbalanced","random",1,7,1,12000,"primary","FiberMargin",5,0.75,0.980583333333333,0.230583333333333,0.922333333333333,0.883731555769649,0.567944861532631,0.12280701754386,0.12280701754386,0.996658622609987,0.91625,0.996666666666667,0.960333333333333,0.0126666666666667,0.944899967202361,0.254083333333333,0,0.0580000000000003,12000,189.017543859649
"Branching tubes","class_imbalanced","random",2,8,1,12000,"primary","FiberMargin",5,0.75,0.984166666666667,0.234166666666667,0.936666666666667,0.899609644720434,0.629524529574567,0.25,0.25,0.996965517241379,0.9275,0.998333333333333,0.966666666666667,0.01,0.954889693776753,0.253083333333333,0,0.06,12000,226.5625
"Branching tubes","class_imbalanced","random",3,9,3,12000,"primary","FiberMargin",5,0.750166666666667,0.9525,0.202333333333333,0.809873248832555,0.883294471401574,0.756277345901149,0.045045045045045,0.045045045045045,0.958982202447163,0.872083333333333,0.972604166666667,0.920280186791194,0.0367696067540547,0.860842433697348,0.267083333333333,0,0.0590000000000002,12000,64.7927927927928
"Branching tubes","class_imbalanced","region",1,10,1,12000,"primary","FiberMargin",5,0.75,0.730916666666667,-0.0190833333333333,-0.0763333333333334,0.544238272542478,0.78065505937967,0.487099644128114,0.943775100401606,0.743131604226705,0.69,0.741145833333333,0.00766666666666667,0.028,0.0827338129496403,0.0231666666666667,0,0.0569999999999999,12000,10.4518072289157
"Branching tubes","class_imbalanced","region",2,11,1,12000,"primary","FiberMargin",5,0.75,0.747666666666667,-0.0023333333333333,-0.00933333333333319,0.103874876542333,0.684425302771678,0.585365853658537,0.585365853658537,0.750235384747068,0.79625,0.735520833333333,0.00333333333333333,0.00422222222222222,0.208333333333333,0.004,0,0.0579999999999998,12000,284.951219512195
"Branching tubes","class_imbalanced","region",3,12,3,12000,"primary","FiberMargin",5,0.750166666666667,0.748583333333333,-0.00158333333333327,-0.00633755837224791,0.53954682710799,0.68975837828602,0.602622061482821,0.643122676579926,0.862050063950301,0.59,0.788229166666667,0.0923949299533022,0.0328815818706954,0.408554572271386,0.0565,0,0.0609999999999999,12000,10.1728624535316
"Branching tubes","irregular_z","boundary",1,13,1,12000,"primary","FiberMargin",5,0.75,0.78625,0.03625,0.145,0.412914416324062,0.247968934180845,0.0606936416184971,0.0895061728395062,0.874037920030036,0.1,0.9578125,0.164666666666667,0.00655555555555556,0.339752407152682,0.121166666666667,0,0.06,12000,32.8827160493827
"Branching tubes","irregular_z","boundary",2,14,1,12000,"primary","FiberMargin",5,0.75,0.784083333333333,0.0340833333333334,0.136333333333333,0.42423558899355,0.258485161253928,0.0407523510971787,0.144200626959248,0.870361672146548,0.09125,0.957291666666667,0.153666666666667,0.00577777777777778,0.310020174848689,0.123916666666667,0,0.0590000000000002,12000,33.3699059561129
"Branching tubes","irregular_z","boundary",3,15,3,12000,"primary","FiberMargin",5,0.750083333333333,0.826166666666667,0.0760833333333334,0.304434811603868,0.462327556668208,0.257257921164157,0.0747126436781609,0.114197530864198,0.920372285418821,0.289583333333333,0.9603125,0.331443814604868,0.00899900011109877,0.61892901618929,0.133833333333333,0,0.0609999999999999,12000,32.8302469135802
"Branching tubes","irregular_z","patch",1,16,1,12000,"primary","FiberMargin",5,0.75,0.767833333333333,0.0178333333333334,0.0713333333333335,0.322902837808113,0.738440197316614,0.43952802359882,0.59546925566343,0.771694214876033,0.76,0.769791666666667,0.0943333333333333,0.00766666666666667,0.151417870518994,0.15575,0,0.056,12000,34.4595469255663
"Branching tubes","irregular_z","patch",2,17,1,12000,"primary","FiberMargin",5,0.75,0.763166666666667,0.0131666666666667,0.0526666666666666,0.332333900675725,0.641450228715392,0.342857142857143,0.469512195121951,0.78353428786737,0.583333333333333,0.808125,0.0636666666666667,0.00366666666666667,0.114166168559474,0.139416666666667,0,0.0580000000000007,12000,32.3658536585366
"Branching tubes","irregular_z","patch",3,18,3,12000,"primary","FiberMargin",5,0.750083333333333,0.760833333333333,0.01075,0.0430143381127044,0.316437934929441,0.700440146129565,0.565714285714286,0.565714285714286,0.771277099308908,0.714583333333333,0.772395833333333,0.0823607869289763,0.0131096544828352,0.137834821428571,0.149333333333333,0,0.0600000000000005,12000,30.18
"Branching tubes","irregular_z","random",1,19,1,12000,"primary","FiberMargin",5,0.75,0.984333333333333,0.234333333333333,0.937333333333333,0.921815199724263,0.919956423831525,0.894894894894895,0.907407407407407,0.995015986458529,0.922083333333333,0.999895833333333,0.955666666666667,0.00611111111111111,0.966621712744437,0.247166666666667,0,0.0579999999999998,12000,32.820987654321
"Branching tubes","irregular_z","random",2,20,1,12000,"primary","FiberMargin",5,0.75,0.984333333333333,0.234333333333333,0.937333333333333,0.926185488909548,0.916935208854798,0.839762611275964,0.886206896551724,0.995209918286841,0.925833333333333,0.998958333333333,0.954333333333333,0.00566666666666667,0.964622641509434,0.247333333333333,0,0.0579999999999998,12000,36.7137931034483
"Branching tubes","irregular_z","random",3,21,3,12000,"primary","FiberMargin",5,0.750083333333333,0.972833333333333,0.22275,0.891297099033011,0.866318451554619,0.843690958195996,0.777126099706745,0.782738095238095,0.994353472614342,0.875833333333333,0.997083333333333,0.927975991997332,0.0122208643484057,0.932016075016745,0.248833333333333,0,0.0609999999999999,12000,31.625
"Branching tubes","irregular_z","region",1,22,1,12000,"primary","FiberMargin",5,0.75,0.747833333333333,-0.00216666666666665,-0.0086666666666666,0.345041139958468,0.766264645043346,0.230994152046784,1,0.744218971212836,0.774583333333333,0.741145833333333,0,0.00288888888888889,0,0.00216666666666667,0,0.0600000000000005,12000,32.7006172839506
"Branching tubes","irregular_z","region",2,23,1,12000,"primary","FiberMargin",5,0.75,0.747166666666667,-0.00283333333333335,-0.0113333333333334,0.338014015843711,0.750998641724328,0.442307692307692,0.59190031152648,0.746466930469192,0.734166666666667,0.750416666666667,0.000333333333333333,0.00388888888888889,0.0277777777777778,0.003,0,0.069,12000,33.0654205607477
"Branching tubes","irregular_z","region",3,24,3,12000,"primary","FiberMargin",5,0.750083333333333,0.749083333333333,-0.001,-0.00400133377792598,0.332913042086664,0.672053731268185,0.497076023391813,0.753086419753086,0.761922643634998,0.647916666666667,0.774375,0.0100033344448149,0.00466614820575492,0.384615384615385,0.0065,0,0.0590000000000002,12000,32.8765432098765
"Branching tubes","uniform","boundary",1,25,1,12000,"primary","FiberMargin",5,0.75,0.819833333333333,0.0698333333333333,0.279333333333333,0.485487453666451,0.265694049902371,0.00289855072463768,0.170087976539589,0.914857466490466,0.2525,0.961666666666667,0.311333333333333,0.0106666666666667,0.587791063561989,0.132416666666667,0,0.0609999999999999,12000,31.0674486803519
"Branching tubes","uniform","boundary",2,26,1,12000,"primary","FiberMargin",5,0.75,0.8205,0.0705,0.282,0.502393300058607,0.236895764368314,0.024,0.0712166172106825,0.924973916342597,0.259583333333333,0.960729166666667,0.317,0.0116666666666667,0.587399629400865,0.134916666666667,0,0.0659999999999998,12000,31.2848664688427
"Branching tubes","uniform","boundary",3,27,3,12000,"primary","FiberMargin",5,0.750083333333333,0.851,0.100916666666667,0.40380126708903,0.423643210453799,0.227392430715224,0.0115606936416185,0.0900900900900901,0.956013939907695,0.39875,0.9640625,0.444481493831277,0.01355404955005,0.727620087336245,0.152666666666667,0,0.0620000000000003,12000,31.8828828828829
"Branching tubes","uniform","patch",1,28,1,12000,"primary","FiberMargin",5,0.75,0.77625,0.02625,0.105,0.34042491173063,0.46690258336165,0.277777777777778,0.277777777777778,0.831451077156686,0.503333333333333,0.844479166666667,0.114,0.003,0.219935691318328,0.129583333333333,0,0.0609999999999999,12000,30.8099415204678
"Branching tubes","uniform","patch",2,29,1,12000,"primary","FiberMargin",5,0.75,0.76725,0.01725,0.069,0.344281344600288,0.692922684439203,0.420103092783505,0.617469879518072,0.780269910663372,0.668333333333333,0.791979166666667,0.092,0.00766666666666667,0.165071770334928,0.139333333333333,0,0.0699999999999994,12000,31.6927710843373
"Branching tubes","uniform","patch",3,30,3,12000,"primary","FiberMargin",5,0.750083333333333,0.781166666666667,0.0310833333333334,0.124374791597199,0.307895514434632,0.676257500648342,0.429429429429429,0.714723926380368,0.797989288734379,0.714583333333333,0.7978125,0.186728909636546,0.0207754693922897,0.302866414277988,0.154083333333333,0,0.0679999999999996,12000,32.6472392638037
"Branching tubes","uniform","random",1,31,1,12000,"primary","FiberMargin",5,0.75,0.980333333333333,0.230333333333333,0.921333333333333,0.904256137204862,0.888004865979477,0.836842105263158,0.843076923076923,0.996314148001134,0.905416666666667,0.9990625,0.943666666666667,0.00744444444444444,0.95063801208865,0.248166666666667,0,0.069,12000,32.5569230769231
"Branching tubes","uniform","random",2,32,1,12000,"primary","FiberMargin",5,0.75,0.979083333333333,0.229083333333333,0.916333333333333,0.894711308662919,0.876328963628669,0.806646525679758,0.806646525679758,0.996416108648496,0.900833333333333,0.998645833333333,0.941,0.00822222222222222,0.950185122854258,0.247583333333333,0,0.0650000000000004,12000,32.0332326283988
"Branching tubes","uniform","random",3,33,3,12000,"primary","FiberMargin",5,0.750083333333333,0.956083333333333,0.206,0.824274758252751,0.760494757809901,0.727295578215055,0.621387283236994,0.664723032069971,0.996401174353632,0.808333333333333,0.993020833333333,0.910303434478159,0.0286634818353516,0.87894397939472,0.258833333333333,0,0.0980000000000008,12000,30.7842565597668
"Branching tubes","uniform","region",1,34,1,12000,"primary","FiberMargin",5,0.75,0.751333333333333,0.0013333333333333,0.00533333333333319,0.351742912606024,0.624864366759528,0.571830985915493,0.597014925373134,0.772864416368094,0.543333333333333,0.803333333333333,0.0133333333333333,0.00266666666666667,0.533333333333333,0.00625,0,0.0649999999999995,12000,31.6597014925373
"Branching tubes","uniform","region",2,35,1,12000,"primary","FiberMargin",5,0.75,0.754416666666667,0.00441666666666662,0.0176666666666665,0.366954292791944,0.624902134629399,0.470760233918129,0.643916913946588,0.777009097801365,0.652916666666667,0.779791666666667,0.0196666666666667,0.000666666666666667,0.67816091954023,0.00725,0,0.108,12000,31.3115727002967
"Branching tubes","uniform","region",3,36,3,12000,"primary","FiberMargin",5,0.750083333333333,0.7455,-0.00458333333333327,-0.0183394464821605,0.313205393785088,0.737566161055864,0.475,0.475,0.745823501651723,0.752083333333333,0.743854166666667,0.0133377792597533,0.0105543828463504,0.287769784172662,0.0115833333333333,0,0.0640000000000001,12000,33.109375
"Concentric shells","class_imbalanced","boundary",1,37,1,12000,"primary","FiberMargin",5,0.75,0.847583333333333,0.0975833333333334,0.390333333333333,0.581110746924389,0.772808543054858,0.410714285714286,0.410714285714286,0.880532706619663,0.402083333333333,0.958958333333333,0.427666666666667,0.0124444444444444,0.769646070785843,0.138916666666667,0,0.077,12000,68.3839285714286
"Concentric shells","class_imbalanced","boundary",2,38,1,12000,"primary","FiberMargin",5,0.75,0.921,0.171,0.684,0.852016674414796,0.782001321270043,0.453156822810591,0.938356164383562,0.988545095457538,0.792916666666667,0.953020833333333,0.791333333333333,0.0357777777777778,0.832982456140351,0.2375,0,0.0810000000000004,12000,52.0205479452055
"Concentric shells","class_imbalanced","boundary",3,39,3,12000,"primary","FiberMargin",5,0.750083333333333,0.808666666666667,0.0585833333333333,0.234411470490163,0.485114250302768,0.611854951206939,0.119565217391304,0.834586466165414,0.970986208691127,0.6275,0.853958333333333,0.633211070356786,0.132874125097211,0.543347639484979,0.29125,0,0.0710000000000015,12000,57.7894736842105
"Concentric shells","class_imbalanced","patch",1,40,1,12000,"primary","FiberMargin",5,0.75,0.73875,-0.01125,-0.0449999999999999,0.538420768736523,0.579922937461722,0.229607250755287,0.328467153284672,0.754285714285714,0.715416666666667,0.744583333333333,0.0713333333333333,0.0387777777777778,0.172441579371475,0.103416666666667,0,0.0640000000000001,12000,56.2043795620438
"Concentric shells","class_imbalanced","patch",2,41,1,12000,"primary","FiberMargin",5,0.75,0.716083333333333,-0.0339166666666667,-0.135666666666667,0.475400017559307,0.563472267732078,0.185840707964602,0.72992700729927,0.770912423092028,0.714166666666667,0.7165625,0.128666666666667,0.0881111111111111,0.178455848358761,0.18025,0,0.0630000000000006,12000,55.7591240875912
"Concentric shells","class_imbalanced","patch",3,42,3,12000,"primary","FiberMargin",5,0.750083333333333,0.73275,-0.0173333333333333,-0.0693564521507168,0.538591034753686,0.501456514713019,0.108187134502924,0.192592592592593,0.772566022861648,0.72875,0.73375,0.0866955651883961,0.0519942228641262,0.172071475843812,0.125916666666667,0,0.0689999999999991,12000,56.3777777777778
"Concentric shells","class_imbalanced","random",1,43,1,12000,"primary","FiberMargin",5,0.75,0.91925,0.16925,0.677,0.789041731632839,0.623005684761216,0.137724550898204,0.270676691729323,0.990642058747076,0.86,0.9340625,0.830333333333333,0.0511111111111111,0.805366957646298,0.25775,0,0.065999999999999,12000,57.8496240601504
"Concentric shells","class_imbalanced","random",2,44,1,12000,"primary","FiberMargin",5,0.75,0.907083333333333,0.157083333333333,0.628333333333333,0.784494103419198,0.593558453140109,0.135593220338983,0.135593220338983,0.998418347172796,0.91375,0.905416666666667,0.865333333333333,0.079,0.777245508982036,0.278333333333333,0,0.0640000000000001,12000,64.2966101694915
"Concentric shells","class_imbalanced","random",3,45,3,12000,"primary","FiberMargin",5,0.75,0.88925,0.13925,0.557,0.730139964999698,0.49668033301946,0,0,0.999610136452242,0.903333333333333,0.885729166666667,0.859666666666667,0.100888888888889,0.727503526093089,0.295416666666667,0,0.0550000000000015,12000,58.2954545454545
"Concentric shells","class_imbalanced","region",1,46,1,12000,"primary","FiberMargin",5,0.75,0.715583333333333,-0.0344166666666667,-0.137666666666667,0.296536532559694,0.541196136661452,0.197771587743733,0.368794326241135,0.75701788745267,0.687916666666667,0.7225,0.041,0.0595555555555556,0.0970031545741325,0.105666666666667,0,0.0599999999999987,12000,54.3191489361702
"Concentric shells","class_imbalanced","region",2,47,1,12000,"primary","FiberMargin",5,0.75,0.699666666666667,-0.0503333333333333,-0.201333333333333,0.489148591882031,0.476647361738557,0.0215384615384615,0.393700787401575,0.759447485014334,0.69125,0.701770833333333,0.0193333333333333,0.0735555555555556,0.0805555555555556,0.06,0,0.052999999999999,12000,60.4251968503937
"Concentric shells","class_imbalanced","region",3,48,3,12000,"primary","FiberMargin",5,0.750083333333333,0.722583333333333,-0.0275,-0.110036678892964,0.557853500382373,0.482644374182623,0.156441717791411,0.197183098591549,0.787870967741935,0.710416666666667,0.725625,0.0223407802600867,0.0441062104210643,0.142250530785563,0.03925,0,0.0570000000000004,12000,54.5774647887324
"Concentric shells","irregular_z","boundary",1,49,1,12000,"primary","FiberMargin",5,0.75,0.875416666666667,0.125416666666667,0.501666666666666,0.723618470807783,0.875957784987577,0.803995006242197,0.933361994840929,0.831423895253682,0.51,0.966770833333333,0.543,0.0137777777777778,0.769848771266541,0.176333333333333,0,0.0609999999999999,12000,1.05073086844368
"Concentric shells","irregular_z","boundary",2,50,1,12000,"primary","FiberMargin",5,0.75,0.878166666666667,0.128166666666667,0.512666666666667,0.729429717295808,0.878330693603484,0.798593879239041,0.848847139197267,0.877115229653505,0.51875,0.968020833333333,0.555666666666667,0.0143333333333333,0.7807962529274,0.177916666666667,0,0.0620000000000012,12000,1.0597779675491
"Concentric shells","irregular_z","boundary",3,51,3,12000,"primary","FiberMargin",5,0.750083333333333,0.816333333333333,0.06625,0.265088362787596,0.618569529875445,0.816980722552246,0.727460711331679,0.885155253083794,0.73440065681445,0.4425,0.909791666666667,0.464821607202401,0.0665481613154094,0.563459983831851,0.206166666666667,0,0.0589999999999993,12000,1.03615482773288
"Concentric shells","irregular_z","patch",1,52,1,12000,"primary","FiberMargin",5,0.75,0.738,-0.012,-0.048,0.502619491343736,0.736597632602323,0.575601374570447,0.575601374570447,0.824897959183673,0.7125,0.744375,0.0863333333333333,0.0447777777777778,0.208032128514056,0.10375,0,0.0599999999999987,12000,1.05240549828179
"Concentric shells","irregular_z","patch",2,53,1,12000,"primary","FiberMargin",5,0.75,0.736166666666667,-0.0138333333333334,-0.0553333333333335,0.526159120976287,0.736856822343171,0.457627118644068,0.85459940652819,0.457627118644068,0.734166666666667,0.736666666666667,0.0783333333333333,0.0445555555555556,0.21190261496844,0.0924166666666667,0,0.0630000000000006,12000,1.02543450614667
"Concentric shells","irregular_z","patch",3,54,3,12000,"primary","FiberMargin",5,0.750083333333333,0.722583333333333,-0.0275,-0.110036678892964,0.467957350722273,0.722875724134978,0.660826032540676,0.782423208191126,0.720115416323166,0.652083333333333,0.740208333333333,0.179726575525175,0.0965448283524053,0.279419388284085,0.16075,0,0.0639999999999983,12000,1.03498293515358
"Concentric shells","irregular_z","random",1,55,1,12000,"primary","FiberMargin",5,0.75,0.897916666666667,0.147916666666667,0.591666666666667,0.769171258957747,0.897966559958372,0.823748448489864,0.931472081218274,0.948212083847102,0.72875,0.940208333333333,0.794,0.0674444444444444,0.765916398713826,0.259166666666667,0,0.0690000000000008,12000,1.02918781725888
"Concentric shells","irregular_z","random",2,56,1,12000,"primary","FiberMargin",5,0.75,0.8995,0.1495,0.598,0.770861689097736,0.899902361057771,0.834821428571429,0.92863321799308,0.834821428571429,0.73125,0.9415625,0.796666666666667,0.0662222222222222,0.774465327284511,0.257166666666667,0,0.0620000000000012,12000,1.06574394463668
"Concentric shells","irregular_z","random",3,57,3,12000,"primary","FiberMargin",5,0.750083333333333,0.819083333333333,0.0690000000000001,0.276092030676893,0.623751442989835,0.818428442561769,0.699530516431925,0.699530516431925,0.91414554374489,0.665,0.857604166666667,0.677892630876959,0.133874013998445,0.589788221642008,0.28725,0,0.059000000000001,12000,1.04396073410158
"Concentric shells","irregular_z","region",1,58,1,12000,"primary","FiberMargin",5,0.75,0.7265,-0.0235,-0.0939999999999999,0.542948688395397,0.723911518780456,0.299957930164072,0.716358839050132,0.801461632155907,0.745833333333333,0.721666666666667,0.0526666666666667,0.0488888888888889,0.194581280788177,0.0676666666666667,0,0.059000000000001,12000,1.08311345646438
"Concentric shells","irregular_z","region",2,59,1,12000,"primary","FiberMargin",5,0.75,0.742,-0.00800000000000001,-0.032,0.439652805361244,0.742480418808049,0.586617405582923,0.719747899159664,0.586617405582923,0.7125,0.749375,0.0803333333333333,0.0374444444444444,0.359701492537313,0.0558333333333333,0,0.0619999999999994,12000,1.02352941176471
"Concentric shells","irregular_z","region",3,60,3,12000,"primary","FiberMargin",5,0.750083333333333,0.716416666666667,-0.0336666666666666,-0.134711570523508,0.422430245179271,0.716559536696811,0.665697674418605,0.733126110124334,0.713771016813451,0.639583333333333,0.735625,0.101700566855619,0.0787690256638151,0.285580524344569,0.089,0,0.0579999999999998,12000,1.10923623445826
"Concentric shells","uniform","boundary",1,61,1,12000,"primary","FiberMargin",5,0.75,0.842166666666667,0.0921666666666666,0.368666666666666,0.667178223842715,0.841705428364934,0.701079913606911,0.701079913606911,0.798227950060411,0.45375,0.939270833333333,0.48,0.0371111111111111,0.653357531760436,0.183666666666667,0,0.0609999999999999,12000,1.07257019438445
"Concentric shells","uniform","boundary",2,62,1,12000,"primary","FiberMargin",5,0.75,0.835916666666667,0.0859166666666666,0.343666666666667,0.65683516587938,0.836236729659444,0.68976897689769,0.930401366353544,0.874439461883408,0.451666666666667,0.931979166666667,0.465666666666667,0.0406666666666667,0.632412856496152,0.184083333333333,0,0.0629999999999988,12000,1.04739538855679
"Concentric shells","uniform","boundary",3,63,3,12000,"primary","FiberMargin",5,0.750083333333333,0.763666666666667,0.0135833333333334,0.0543514504834947,0.554798373796243,0.763623263937875,0.575659229208925,0.641550522648084,0.575659229208925,0.429166666666667,0.847291666666667,0.427142380793598,0.124208421286524,0.446497037295225,0.239083333333333,0,0.0609999999999999,12000,1.073606271777
"Concentric shells","uniform","patch",1,64,1,12000,"primary","FiberMargin",5,0.75,0.762083333333333,0.0120833333333333,0.0483333333333333,0.520136010957597,0.762770445232341,0.707386363636364,0.777155172413793,0.707386363636364,0.693333333333333,0.779270833333333,0.238333333333333,0.0633333333333333,0.403726708074534,0.147583333333333,0,0.0609999999999999,12000,1.06206896551724
"Concentric shells","uniform","patch",2,65,1,12000,"primary","FiberMargin",5,0.75,0.758,0.00800000000000001,0.032,0.51918361855544,0.757967335183195,0.702990577632118,0.735705209656925,0.702990577632118,0.700416666666667,0.772395833333333,0.222333333333333,0.0634444444444444,0.380925185608224,0.145916666666667,0,0.0600000000000005,12000,1.03388394747988
"Concentric shells","uniform","patch",3,66,3,12000,"primary","FiberMargin",5,0.750083333333333,0.7035,-0.0465833333333333,-0.186395465155052,0.44238459560875,0.703372679577962,0.664983164983165,0.705303678357571,0.702492848385779,0.637083333333333,0.720104166666667,0.260420140046682,0.148872347516943,0.30748031496063,0.211666666666667,0,0.0709999999999997,12000,1.04662104362703
"Concentric shells","uniform","random",1,67,1,12000,"primary","FiberMargin",5,0.75,0.858,0.108,0.432,0.68897348324718,0.857902326926271,0.775603663613655,0.810902896081772,0.850813008130081,0.6875,0.900625,0.735666666666667,0.101222222222222,0.677617439361376,0.271416666666667,0,0.0760000000000005,12000,1.04770017035775
"Concentric shells","uniform","random",2,68,1,12000,"primary","FiberMargin",5,0.75,0.843666666666667,0.0936666666666667,0.374666666666667,0.665003115177105,0.843887327029428,0.703963666391412,0.814485387547649,0.860245901639344,0.677916666666667,0.885104166666667,0.706,0.110444444444444,0.648102815177479,0.272333333333333,0,0.0649999999999995,12000,1.03346039813638
"Concentric shells","uniform","random",3,69,3,12000,"primary","FiberMargin",5,0.750083333333333,0.762916666666667,0.0128333333333334,0.0513504501500501,0.541227503223153,0.761942500925073,0.564322469982847,0.564322469982847,0.697303921568627,0.61375,0.800208333333333,0.577192397465822,0.175202755249417,0.485962942167322,0.296833333333333,0,0.0670000000000002,12000,1.04974271012007
"Concentric shells","uniform","region",1,70,1,12000,"primary","FiberMargin",5,0.75,0.71325,-0.03675,-0.147,0.381859706727957,0.713284167953563,0.660480809784901,0.660480809784901,0.675420599097251,0.640416666666667,0.731458333333333,0.03,0.059,0.144694533762058,0.0518333333333333,0,0.0609999999999999,12000,1.02783635596795
"Concentric shells","uniform","region",2,71,1,12000,"primary","FiberMargin",5,0.75,0.71125,-0.03875,-0.155,0.388365063562874,0.711185446588297,0.673259167696745,0.673339011925043,0.707236842105263,0.637916666666667,0.729583333333333,0.0266666666666667,0.0605555555555556,0.128,0.0520833333333333,0,0.0609999999999999,12000,1.03577512776831
"Concentric shells","uniform","region",3,72,3,12000,"primary","FiberMargin",5,0.750083333333333,0.674416666666667,-0.0756666666666667,-0.302767589196399,0.369847263263549,0.67553362667002,0.467516447368421,0.802798982188295,0.665714285714286,0.641666666666667,0.682604166666667,0.159386462154051,0.153982890789912,0.249608355091384,0.159583333333333,0,0.0850000000000009,12000,1.03901611535199
"Disconnected volumes","class_imbalanced","boundary",1,73,1,12000,"primary","FiberMargin",5,0.75,0.885666666666667,0.135666666666667,0.542666666666667,0.728023672953011,0.892938615564083,0.839701113774143,0.865248226950355,0.839701113774143,0.462916666666667,0.991354166666667,0.543,0.000111111111111111,0.717937417364478,0.189083333333333,0,0.0579999999999998,12000,50.3049645390071
"Disconnected volumes","class_imbalanced","boundary",2,74,1,12000,"primary","FiberMargin",5,0.75,0.901666666666667,0.151666666666667,0.606666666666666,0.766378345027172,0.90100698500813,0.827586206896552,0.827586206896552,0.88687723007797,0.53625,0.993020833333333,0.607666666666667,0.000333333333333333,0.785775862068966,0.193333333333333,0,0.0549999999999997,12000,52.1862068965517
"Disconnected volumes","class_imbalanced","boundary",3,75,3,12000,"primary","FiberMargin",5,0.750083333333333,0.92525,0.175166666666667,0.700900300100033,0.822609718094026,0.890825239136722,0.83288409703504,0.875,0.932290224314594,0.664583333333333,0.990416666666667,0.704234744914972,0.00111098766803688,0.86451084731887,0.203583333333333,0,0.0579999999999998,12000,41.0340909090909
"Disconnected volumes","class_imbalanced","patch",1,76,1,12000,"primary","FiberMargin",5,0.75,0.780166666666667,0.0301666666666667,0.120666666666667,0.475877063584918,0.851693343311331,0.6819650937298,0.75609756097561,0.6819650937298,0.783333333333333,0.779375,0.157666666666667,0.0123333333333333,0.22438330170778,0.175666666666667,0,0.0569999999999986,12000,62.8861788617886
"Disconnected volumes","class_imbalanced","patch",2,77,1,12000,"primary","FiberMargin",5,0.75,0.79275,0.04275,0.171,0.532103625797901,0.804230495725846,0.696,0.696,0.763697705802969,0.709583333333333,0.813541666666667,0.201,0.01,0.300598205383848,0.167166666666667,0,0.0740000000000016,12000,59.28
"Disconnected volumes","class_imbalanced","patch",3,78,3,12000,"primary","FiberMargin",5,0.750083333333333,0.78475,0.0346666666666666,0.138712904301434,0.489083735693969,0.805929402211642,0.553571428571429,0.553571428571429,0.718027734976888,0.812916666666667,0.777708333333333,0.199066355451817,0.0201088767914676,0.277674418604651,0.179166666666667,0,0.0730000000000004,12000,69.5357142857143
"Disconnected volumes","class_imbalanced","random",1,79,1,12000,"primary","FiberMargin",5,0.75,0.98475,0.23475,0.939,0.964595328049398,0.926775073749311,0.85,0.85,0.999595741813772,0.944583333333333,0.994791666666667,0.966333333333333,0.00911111111111111,0.955189456342669,0.252916666666667,0,0.0960000000000001,12000,46.38125
"Disconnected volumes","class_imbalanced","random",2,80,1,12000,"primary","FiberMargin",5,0.75,0.986416666666667,0.236416666666667,0.945666666666667,0.975004988417906,0.899028965221322,0.695652173913043,0.695652173913043,0.998233215547703,0.948333333333333,0.9959375,0.968666666666667,0.00766666666666667,0.962570387545545,0.251583333333333,0,0.0730000000000004,12000,63.9826086956522
"Disconnected volumes","class_imbalanced","random",3,81,3,12000,"primary","FiberMargin",5,0.750083333333333,0.977666666666667,0.227583333333333,0.910636878959653,0.954851129027164,0.841981707679526,0.559633027522936,0.559633027522936,0.998902305159166,0.926666666666667,0.990416666666667,0.955318439479827,0.0148872347516943,0.936580581889506,0.254916666666667,0,0.0650000000000013,12000,66.8623853211009
"Disconnected volumes","class_imbalanced","region",1,82,1,12000,"primary","FiberMargin",5,0.75,0.74475,-0.00524999999999998,-0.0209999999999999,0.861394114958488,0.66191542363648,0.249401913875598,0.897058823529412,0.988679245283019,0.761666666666667,0.740520833333333,0.00666666666666667,0.00922222222222222,0.194174757281553,0.00858333333333333,0,0.0670000000000002,12000,54.5588235294118
"Disconnected volumes","class_imbalanced","region",2,83,1,12000,"primary","FiberMargin",5,0.75,0.748083333333333,-0.00191666666666668,-0.00766666666666671,0.475637384752995,0.786355637290165,0.577586206896552,0.577586206896552,0.675541878512176,0.714583333333333,0.756458333333333,0.026,0.0112222222222222,0.433333333333333,0.015,0,0.065999999999999,12000,64.4310344827586
"Disconnected volumes","class_imbalanced","region",3,84,3,12000,"primary","FiberMargin",5,0.750166666666667,0.737833333333333,-0.0123333333333333,-0.0493662441627751,0.473657402245653,0.760125437585609,0.551470588235294,0.551470588235294,0.713789751423413,0.7075,0.745416666666667,0.0263509006004003,0.0252166185292157,0.255663430420712,0.02575,0,0.0569999999999986,12000,52.9485294117647
"Disconnected volumes","irregular_z","boundary",1,85,1,12000,"primary","FiberMargin",5,0.75,0.88075,0.13075,0.523,0.731015136034944,0.876560789077912,0.803655107778819,0.803655107778819,0.939628482972136,0.447083333333333,0.989166666666667,0.528,0.00166666666666667,0.658627858627859,0.200416666666667,0,0.0869999999999997,12000,1.21087160262418
"Disconnected volumes","irregular_z","boundary",2,86,1,12000,"primary","FiberMargin",5,0.75,0.889,0.139,0.556,0.744650471621163,0.886819808651594,0.826199740596628,0.839856050382366,0.946708463949843,0.48125,0.9909375,0.559,0.001,0.682817589576547,0.204666666666667,0,0.120000000000001,12000,1.14799820062978
"Disconnected volumes","irregular_z","boundary",3,87,3,12000,"primary","FiberMargin",5,0.750083333333333,0.902333333333333,0.15225,0.60920306768923,0.775110375325769,0.899846198807857,0.840625,0.840625,0.95830085736555,0.558333333333333,0.988333333333333,0.617872624208069,0.0028885679368959,0.736193881605085,0.20975,0,0.0990000000000002,12000,1.14553571428571
"Disconnected volumes","irregular_z","patch",1,88,1,12000,"primary","FiberMargin",5,0.75,0.770916666666667,0.0209166666666667,0.0836666666666668,0.526730509838919,0.770011951211106,0.674813587406794,0.693620844564241,0.720912547528517,0.735,0.779895833333333,0.123333333333333,0.0132222222222222,0.179176755447942,0.172083333333333,0,0.075999999999997,12000,1.18149146451033
"Disconnected volumes","irregular_z","patch",2,89,1,12000,"primary","FiberMargin",5,0.75,0.765666666666667,0.0156666666666667,0.0626666666666669,0.513372548709393,0.770087591530092,0.550182852498984,0.885486018641811,0.701597195169459,0.77,0.764583333333333,0.103,0.0134444444444444,0.155120481927711,0.166,0,0.0799999999999983,12000,1.13936972924989
"Disconnected volumes","irregular_z","patch",3,90,3,12000,"primary","FiberMargin",5,0.750083333333333,0.777,0.0269166666666667,0.107702567522508,0.52275686890845,0.778064847848903,0.691921144182451,0.827507943713118,0.691921144182451,0.697916666666667,0.796770833333333,0.169389796598866,0.0205532718586824,0.22841726618705,0.185333333333333,0,0.065999999999999,12000,1.17430776214253
"Disconnected volumes","irregular_z","random",1,91,1,12000,"primary","FiberMargin",5,0.75,0.9805,0.2305,0.922,0.952527890260106,0.980342035224103,0.97506678539626,0.981046931407942,0.9841881989973,0.904583333333333,0.999479166666667,0.962,0.0133333333333333,0.93579766536965,0.257,0,0.0749999999999993,12000,1.17012635379061
"Disconnected volumes","irregular_z","random",2,92,1,12000,"primary","FiberMargin",5,0.75,0.981083333333333,0.231083333333333,0.924333333333333,0.953985026173697,0.980862559496906,0.972427983539095,0.978928080622996,0.989093644227153,0.910416666666667,0.99875,0.963333333333333,0.013,0.943211488250653,0.255333333333333,0,0.0750000000000028,12000,1.21804855703161
"Disconnected volumes","irregular_z","random",3,93,3,12000,"primary","FiberMargin",5,0.750166666666667,0.967916666666667,0.21775,0.871581054036024,0.922156829592788,0.967661909514001,0.957298474945534,0.963523131672598,0.97558093737692,0.855,0.996145833333333,0.935623749166111,0.0213285936458565,0.904838709677419,0.258333333333333,0,0.0719999999999992,12000,1.12944839857651
"Disconnected volumes","irregular_z","region",1,94,1,12000,"primary","FiberMargin",5,0.75,0.755416666666667,0.00541666666666663,0.0216666666666665,0.489080373399824,0.761664565458086,0.467537608867775,0.889438202247191,0.744582043343653,0.722916666666667,0.763541666666667,0.0523333333333333,0.0102222222222222,0.423180592991914,0.0309166666666667,0,0.0689999999999991,12000,1.16134831460674
"Disconnected volumes","irregular_z","region",2,95,1,12000,"primary","FiberMargin",5,0.75,0.751583333333333,0.00158333333333338,0.00633333333333352,0.547524523060603,0.743057825943815,0.395529197080292,0.395529197080292,0.799540933435348,0.687083333333333,0.767708333333333,0.0406666666666667,0.0114444444444444,0.187403993855607,0.05425,0,0.065999999999999,12000,1.19251824817518
"Disconnected volumes","irregular_z","region",3,96,3,12000,"primary","FiberMargin",5,0.750083333333333,0.751166666666667,0.00108333333333333,0.00433477825941977,0.483064399931552,0.746805456564233,0.564743298500682,0.564743298500682,0.754067347710935,0.683333333333333,0.768125,0.0616872290763588,0.0191089878902344,0.362745098039216,0.0425,0,0.0739999999999981,12000,1.20081781008632
"Disconnected volumes","uniform","boundary",1,97,1,12000,"primary","FiberMargin",5,0.75,0.924833333333333,0.174833333333333,0.699333333333333,0.824928598975701,0.921569454228854,0.87589928057554,0.912751677852349,0.973924822214697,0.643333333333333,0.995208333333333,0.700333333333333,0.000333333333333333,0.816556548775748,0.214416666666667,0,0.0660000000000025,12000,1.41562799616491
"Disconnected volumes","uniform","boundary",2,98,1,12000,"primary","FiberMargin",5,0.75,0.922833333333333,0.172833333333333,0.691333333333333,0.818447631443272,0.920527226272391,0.87917042380523,0.908800729594163,0.959332638164755,0.63375,0.995104166666667,0.692666666666667,0.000444444444444444,0.808560311284047,0.214166666666667,0,0.0670000000000002,12000,1.31190150478796
"Disconnected volumes","uniform","boundary",3,99,3,12000,"primary","FiberMargin",5,0.750083333333333,0.924166666666667,0.174083333333333,0.696565521840614,0.823496595381143,0.921487479530166,0.890581717451524,0.894542090656799,0.964856230031949,0.657083333333333,0.9909375,0.700900300100033,0.00144428396844795,0.804131599081867,0.217833333333333,0,0.0689999999999991,12000,1.30296022201665
"Disconnected volumes","uniform","patch",1,100,1,12000,"primary","FiberMargin",5,0.75,0.783083333333333,0.0330833333333334,0.132333333333333,0.537384653831201,0.79295269253871,0.606647034076567,0.885969028625059,0.643526553280111,0.75375,0.790416666666667,0.189333333333333,0.019,0.25794732061762,0.1835,0,0.065999999999999,12000,1.35194744251525
"Disconnected volumes","uniform","patch",2,101,1,12000,"primary","FiberMargin",5,0.75,0.7815,0.0315,0.126,0.5537220900505,0.772250961838105,0.607125662012518,0.607125662012518,0.883919062832801,0.692083333333333,0.803854166666667,0.154333333333333,0.00944444444444444,0.226516634050881,0.170333333333333,0,0.0700000000000003,12000,1.3562831006259
"Disconnected volumes","uniform","patch",3,102,3,12000,"primary","FiberMargin",5,0.750083333333333,0.786166666666667,0.0360833333333334,0.144381460486829,0.549329622226338,0.784436702595811,0.684516396845164,0.809967396367024,0.856465809072444,0.717083333333333,0.8034375,0.229076358786262,0.0282190867681369,0.295103092783505,0.194,0,0.0649999999999977,12000,1.37587331159758
"Disconnected volumes","uniform","random",1,103,1,12000,"primary","FiberMargin",5,0.75,0.9775,0.2275,0.91,0.945387929021528,0.976959320941969,0.961100569259962,0.961100569259962,0.982365145228216,0.895833333333333,0.997916666666667,0.953666666666667,0.0145555555555556,0.928896103896104,0.256666666666667,0,0.0719999999999992,12000,1.3719165085389
"Disconnected volumes","uniform","random",2,104,1,12000,"primary","FiberMargin",5,0.75,0.973583333333333,0.223583333333333,0.894333333333333,0.936189765177039,0.972689745047997,0.961466165413534,0.961466165413534,0.985749044143205,0.875833333333333,0.998020833333333,0.946666666666667,0.0174444444444444,0.919987042436022,0.25725,0,0.0790000000000006,12000,1.35197368421053
"Disconnected volumes","uniform","random",3,105,3,12000,"primary","FiberMargin",5,0.750083333333333,0.96425,0.214166666666667,0.856952317439147,0.91499846659736,0.962722184690961,0.939350525310411,0.939350525310411,0.982068965517241,0.845,0.9940625,0.93297765921974,0.025330518831241,0.89193496971629,0.261416666666667,0,0.0809999999999995,12000,1.38490926456543
"Disconnected volumes","uniform","region",1,106,1,12000,"primary","FiberMargin",5,0.75,0.755083333333333,0.00508333333333333,0.0203333333333333,0.544876757813952,0.744623922923942,0.400172860847018,0.773026315789474,0.991101984941821,0.74625,0.757291666666667,0.0693333333333333,0.0163333333333333,0.403883495145631,0.0429166666666667,0,0.0839999999999996,12000,1.37312030075188
"Disconnected volumes","uniform","region",2,107,1,12000,"primary","FiberMargin",5,0.75,0.765833333333333,0.0158333333333334,0.0633333333333335,0.517319766381883,0.757306215616082,0.569694026226323,0.569694026226323,0.76566757493188,0.725,0.776041666666667,0.104666666666667,0.0137777777777778,0.381995133819951,0.0685,0,0.0770000000000017,12000,1.42593491986401
"Disconnected volumes","uniform","region",3,108,3,12000,"primary","FiberMargin",5,0.750083333333333,0.743083333333333,-0.00700000000000001,-0.0280093364454819,0.463494850893504,0.730750839780816,0.584914611005693,0.669245647969052,0.881680672268908,0.686666666666667,0.7571875,0.0446815605201734,0.0242195311632041,0.378531073446328,0.0295,0,0.065999999999999,12000,1.43858800773694
"Folded layers","class_imbalanced","boundary",1,109,1,12000,"primary","FiberMargin",5,0.75,0.908416666666667,0.158416666666667,0.633666666666667,0.800249022392892,0.882582722677602,0.823076923076923,0.823076923076923,0.905299055613851,0.587083333333333,0.98875,0.638666666666667,0.00166666666666667,0.896164639850327,0.178166666666667,0,0.0630000000000024,12000,58.6461538461538
"Folded layers","class_imbalanced","boundary",2,110,1,12000,"primary","FiberMargin",5,0.75,0.830083333333333,0.0800833333333333,0.320333333333333,0.699644635290706,0.855725745887822,0.809737569060773,0.872881355932203,0.828322269946635,0.288333333333333,0.965520833333333,0.331666666666667,0.00377777777777778,0.827787021630616,0.100166666666667,0,0.0829999999999984,12000,65.1101694915254
"Folded layers","class_imbalanced","boundary",3,111,3,12000,"primary","FiberMargin",5,0.750083333333333,0.91975,0.169666666666667,0.67889296432144,0.783312717703504,0.827878687324432,0.67741935483871,0.703448275862069,0.947732012513034,0.665416666666667,0.983333333333333,0.693897965988663,0.00499944450616598,0.936965330932013,0.185083333333333,0,0.0640000000000001,12000,52.9103448275862
"Folded layers","class_imbalanced","patch",1,112,1,12000,"primary","FiberMargin",5,0.75,0.761083333333333,0.0110833333333333,0.0443333333333333,0.454415616993072,0.820542736969394,0.698224852071006,0.93006993006993,0.737446197991392,0.730416666666667,0.76875,0.0916666666666667,0.0157777777777778,0.214676034348165,0.10675,0,0.0609999999999999,12000,53.6153846153846
"Folded layers","class_imbalanced","patch",2,113,1,12000,"primary","FiberMargin",5,0.75,0.74725,-0.00275000000000003,-0.0110000000000001,0.405022846389129,0.732047168573805,0.468253968253968,0.468253968253968,0.752633632461959,0.743333333333333,0.748229166666667,0.0416666666666667,0.0175555555555556,0.140449438202247,0.0741666666666667,0,0.0659999999999954,12000,61.0238095238095
"Folded layers","class_imbalanced","patch",3,114,3,12000,"primary","FiberMargin",5,0.750083333333333,0.741333333333333,-0.00875000000000004,-0.0350116705568524,0.567626688430951,0.718000209527339,0.288135593220339,0.288135593220339,0.666624024561852,0.81125,0.723854166666667,0.0643547849283094,0.0331074325074992,0.320598006644518,0.0501666666666667,0,0.0840000000000032,12000,66.2457627118644
"Folded layers","class_imbalanced","random",1,115,1,12000,"primary","FiberMargin",5,0.75,0.96325,0.21325,0.853,0.908997205710505,0.885803746312633,0.648,0.648,0.971599791558103,0.863333333333333,0.988229166666667,0.879666666666667,0.00888888888888889,0.960334788937409,0.229,0,0.0820000000000007,12000,61.408
"Folded layers","class_imbalanced","random",2,116,1,12000,"primary","FiberMargin",5,0.75,0.975333333333333,0.225333333333333,0.901333333333334,0.956744134920614,0.849243834390494,0.550724637681159,0.550724637681159,0.994765768123528,0.902916666666667,0.9934375,0.944666666666667,0.0144444444444444,0.939032471835653,0.2515,0,0.0640000000000001,12000,55.3768115942029
"Folded layers","class_imbalanced","random",3,117,3,12000,"primary","FiberMargin",5,0.750083333333333,0.938666666666667,0.188583333333333,0.75458486162054,0.847968678162175,0.786816869384803,0.573770491803279,0.573770491803279,0.98920626563117,0.865416666666667,0.956979166666667,0.852284094698233,0.0325519386734807,0.872950819672131,0.244,0,0.0650000000000048,12000,62.2704918032787
"Folded layers","class_imbalanced","region",1,118,1,12000,"primary","FiberMargin",5,0.75,0.73725,-0.01275,-0.0510000000000002,0.5416384861729,0.725222608837351,0.396551724137931,0.396551724137931,0.731058110422981,0.713333333333333,0.743229166666667,0.00966666666666667,0.0202222222222222,0.136792452830189,0.0176666666666667,0,0.0919999999999987,12000,65.4224137931034
"Folded layers","class_imbalanced","region",2,119,1,12000,"primary","FiberMargin",5,0.75,0.737416666666667,-0.0125833333333333,-0.0503333333333331,0.566780020262359,0.771664133047165,0.621827744904668,0.710344827586207,0.621827744904668,0.809166666666667,0.719479166666667,0.023,0.0244444444444444,0.231543624161074,0.0248333333333333,0,0.0930000000000035,12000,52.448275862069
"Folded layers","class_imbalanced","region",3,120,3,12000,"primary","FiberMargin",5,0.750083333333333,0.736083333333333,-0.014,-0.0560186728909637,0.60463086283387,0.630908866283142,0.271317829457364,0.271317829457364,0.753234989648033,0.764583333333333,0.728958333333333,0.0283427809269757,0.0281079880013332,0.247093023255814,0.0286666666666667,0,0.0690000000000026,12000,59.906976744186
"Folded layers","irregular_z","boundary",1,121,1,12000,"primary","FiberMargin",5,0.75,0.881583333333333,0.131583333333333,0.526333333333334,0.731440190271129,0.881688038329327,0.834707337180544,0.885328836424958,0.834707337180544,0.488333333333333,0.979895833333333,0.541666666666667,0.00511111111111111,0.819878910191726,0.165166666666667,0,0.0839999999999961,12000,1.02276559865093
"Folded layers","irregular_z","boundary",2,122,1,12000,"primary","FiberMargin",5,0.75,0.875083333333333,0.125083333333333,0.500333333333333,0.7184196624104,0.875278915007044,0.853808353808354,0.909633418584825,0.853808353808354,0.464583333333333,0.977708333333333,0.514666666666667,0.00477777777777778,0.819532908704883,0.157,0,0.119,12000,1.04092071611253
"Folded layers","irregular_z","boundary",3,123,3,12000,"primary","FiberMargin",5,0.750083333333333,0.8935,0.143416666666667,0.573857952650883,0.757029705890727,0.893203218750881,0.829588808817295,0.829588808817295,0.916018025399426,0.544583333333333,0.980729166666667,0.593197732577526,0.00644372847461393,0.832086061739944,0.178166666666667,0,0.070999999999998,12000,1.03476049173379
"Folded layers","irregular_z","patch",1,124,1,12000,"primary","FiberMargin",5,0.75,0.744083333333333,-0.00591666666666668,-0.0236666666666667,0.509099731723436,0.745697415736086,0.547696038803557,0.794344473007712,0.547696038803557,0.719166666666667,0.7503125,0.0493333333333333,0.0243333333333333,0.194736842105263,0.0633333333333333,0,0.0790000000000006,12000,1.05998286203942
"Folded layers","irregular_z","patch",2,125,1,12000,"primary","FiberMargin",5,0.75,0.748916666666667,-0.00108333333333333,-0.0043333333333333,0.511957777900401,0.748199837773241,0.599489795918367,0.848911651728553,0.860652436568667,0.617083333333333,0.781875,0.063,0.0224444444444444,0.161125319693095,0.09775,0,0.0640000000000001,12000,1.05975245411865
"Folded layers","irregular_z","patch",3,126,3,12000,"primary","FiberMargin",5,0.750083333333333,0.750083333333333,0,0,0.510011613089203,0.749789188101287,0.694029850746269,0.736618521665251,0.839819746005735,0.67375,0.769166666666667,0.100366788929643,0.0334407288079102,0.249378624689312,0.100583333333333,0,0.0870000000000033,12000,1.03695836873407
"Folded layers","irregular_z","random",1,127,1,12000,"primary","FiberMargin",5,0.75,0.96175,0.21175,0.847,0.907468601250556,0.961714813120521,0.959465106560802,0.960324232081911,0.964430072756669,0.8275,0.9953125,0.932666666666667,0.0285555555555556,0.902871894159406,0.25825,0,0.0949999999999989,12000,1.05546075085324
"Folded layers","irregular_z","random",2,128,1,12000,"primary","FiberMargin",5,0.75,0.96525,0.21525,0.861,0.915644554735883,0.965192886949135,0.951919021509911,0.951919021509911,0.967280163599182,0.847916666666667,0.994583333333333,0.935666666666667,0.0248888888888889,0.912845528455285,0.25625,0,0.0660000000000025,12000,1.03121045972164
"Folded layers","irregular_z","random",3,129,3,12000,"primary","FiberMargin",5,0.750083333333333,0.937083333333333,0.187,0.748249416472158,0.850840420165885,0.937013207989488,0.930919683728673,0.936487638533674,0.945804897631473,0.765416666666667,0.98,0.882960986995665,0.0448839017886901,0.844387755102041,0.261333333333333,0,0.0579999999999998,12000,1.0618073316283
"Folded layers","irregular_z","region",1,130,1,12000,"primary","FiberMargin",5,0.75,0.743583333333333,-0.00641666666666663,-0.0256666666666665,0.467362521288095,0.743732448141182,0.668447000821693,0.722927241962775,0.788998357963875,0.648333333333333,0.767395833333333,0.0363333333333333,0.0206666666666667,0.209213051823417,0.0434166666666667,0,0.0619999999999976,12000,1.03045685279188
"Folded layers","irregular_z","region",2,131,1,12000,"primary","FiberMargin",5,0.75,0.739333333333333,-0.0106666666666667,-0.0426666666666669,0.551810945983889,0.737228591450409,0.460091934809862,0.636015325670498,0.892320195042666,0.707916666666667,0.7471875,0.0343333333333333,0.0256666666666667,0.160686427457098,0.0534166666666667,0,0.070999999999998,12000,1.04767986377182
"Folded layers","irregular_z","region",3,132,3,12000,"primary","FiberMargin",5,0.750083333333333,0.734833333333333,-0.01525,-0.0610203401133711,0.456306075849856,0.734870363239458,0.634465820712239,0.712121212121212,0.634465820712239,0.638333333333333,0.758958333333333,0.0370123374458153,0.0326630374402844,0.234177215189873,0.0395,0,0.0640000000000001,12000,1.05757575757576
"Folded layers","uniform","boundary",1,133,1,12000,"primary","FiberMargin",5,0.75,0.904,0.154,0.616,0.777589053015253,0.903899873431379,0.877111486486487,0.877111486486487,0.894305612453912,0.572083333333333,0.986979166666667,0.622666666666667,0.00222222222222222,0.89377990430622,0.174166666666667,0,0.0730000000000004,12000,1.0308277027027
"Folded layers","uniform","boundary",2,134,1,12000,"primary","FiberMargin",5,0.75,0.90625,0.15625,0.625,0.78305484764591,0.906187662212029,0.884434968017058,0.884434968017058,0.888387361510053,0.587083333333333,0.986041666666667,0.633666666666667,0.00288888888888889,0.892907468294974,0.177416666666667,0,0.068000000000005,12000,1.03923240938166
"Folded layers","uniform","boundary",3,135,3,12000,"primary","FiberMargin",5,0.750083333333333,0.884333333333333,0.13425,0.537179059686562,0.738159010777716,0.884214861954598,0.850506756756757,0.850506756756757,0.89642567018684,0.525,0.974166666666667,0.558186062020674,0.00699922230863237,0.823413674372848,0.169416666666667,0,0.0700000000000003,12000,1.03969594594595
"Folded layers","uniform","patch",1,136,1,12000,"primary","FiberMargin",5,0.75,0.75575,0.00575000000000003,0.0230000000000001,0.516877677429642,0.755643346740388,0.687263556116015,0.784380305602716,0.705059646236117,0.687916666666667,0.772708333333333,0.102,0.0263333333333333,0.245192307692308,0.104,0,0.0859999999999985,12000,1.03183361629881
"Folded layers","uniform","patch",2,137,1,12000,"primary","FiberMargin",5,0.75,0.75975,0.00975000000000004,0.0390000000000001,0.543487997157594,0.760466489853333,0.579554822753504,0.738869863013699,0.672265464973372,0.682083333333333,0.779166666666667,0.120333333333333,0.0271111111111111,0.250346740638003,0.120166666666667,0,0.0739999999999981,12000,1.04494863013699
"Folded layers","uniform","patch",3,138,3,12000,"primary","FiberMargin",5,0.750083333333333,0.758416666666667,0.0083333333333333,0.033344448149383,0.537663195847508,0.758107328951798,0.534824820599409,0.780456852791878,0.74033374033374,0.696666666666667,0.773854166666667,0.198066022007336,0.0548827908010221,0.372647427854454,0.132833333333333,0,0.0640000000000001,12000,1.03934010152284
"Folded layers","uniform","random",1,139,1,12000,"primary","FiberMargin",5,0.75,0.9435,0.1935,0.774,0.865020488914744,0.943498522806981,0.935139573070608,0.942381562099872,0.935139573070608,0.781666666666667,0.983958333333333,0.879,0.035,0.875788774493524,0.250916666666667,0,0.0940000000000012,12000,1.03969270166453
"Folded layers","uniform","random",2,140,1,12000,"primary","FiberMargin",5,0.75,0.944416666666667,0.194416666666667,0.777666666666667,0.86640831899378,0.944279869707752,0.933132010353753,0.933132010353753,0.946990833001196,0.786666666666667,0.983854166666667,0.880666666666667,0.0343333333333333,0.875124213315667,0.251583333333333,0,0.0779999999999959,12000,1.08239861949957
"Folded layers","uniform","random",3,141,3,12000,"primary","FiberMargin",5,0.750083333333333,0.915916666666667,0.165833333333333,0.663554518172724,0.80383238945591,0.915968592814958,0.892445582586428,0.940696175333047,0.907137064071371,0.74875,0.957708333333333,0.829943314438146,0.0554382846350406,0.811013359400456,0.25575,0,0.0630000000000024,12000,1.05973356252686
"Folded layers","uniform","region",1,142,1,12000,"primary","FiberMargin",5,0.75,0.745583333333333,-0.00441666666666662,-0.0176666666666665,0.555357365004785,0.74323963564578,0.439915074309979,0.439915074309979,0.893823173193379,0.73375,0.748541666666667,0.0546666666666667,0.0241111111111111,0.25705329153605,0.0531666666666667,0,0.0779999999999959,12000,1.05180467091295
"Folded layers","uniform","region",2,143,1,12000,"primary","FiberMargin",5,0.75,0.7355,-0.0145,-0.0579999999999998,0.419655174051479,0.734947735278553,0.675540765391015,0.770560944749051,0.842340511986997,0.639583333333333,0.759479166666667,0.0113333333333333,0.0231111111111111,0.140495867768595,0.0201666666666667,0,0.0670000000000002,12000,1.03795866722902
"Folded layers","uniform","region",3,144,3,12000,"primary","FiberMargin",5,0.750083333333333,0.745583333333333,-0.00449999999999995,-0.0180060020006667,0.511801095395166,0.744243623570337,0.537620849096259,0.722881355932203,0.851263243683782,0.680416666666667,0.761875,0.113037679226409,0.0436618153538496,0.372937293729373,0.07575,0,0.0749999999999957,12000,1.03983050847458
"Helical channels","class_imbalanced","boundary",1,145,1,12000,"primary","FiberMargin",5,0.75,0.898083333333333,0.148083333333333,0.592333333333333,0.34100679403813,0.21473559953634,0.00492610837438424,0.0238095238095238,0.982659487085881,0.588333333333333,0.975520833333333,0.621,0.00955555555555555,0.839567372690401,0.184916666666667,0,0.0700000000000003,12000,260.880952380952
"Helical channels","class_imbalanced","boundary",2,146,1,12000,"primary","FiberMargin",5,0.75,0.820166666666667,0.0701666666666667,0.280666666666667,0.517550963179078,0.491236802459274,0.0490196078431373,0.0490196078431373,0.990689963014922,0.303333333333333,0.949375,0.336,0.0184444444444444,0.511156186612576,0.164333333333333,0,0.0590000000000046,12000,76.8725490196078
"Helical channels","class_imbalanced","boundary",3,147,3,12000,"primary","FiberMargin",5,0.750166666666667,0.814,0.0638333333333333,0.255503669112742,0.188646457611144,0.23911532951251,0,0,0.995737159492618,0.375416666666667,0.923645833333333,0.404936624416278,0.0497667185069984,0.493897477624085,0.204833333333333,0,0.0629999999999953,12000,157.672131147541
"Helical channels","class_imbalanced","patch",1,148,1,12000,"primary","FiberMargin",5,0.75,0.759833333333333,0.00983333333333336,0.0393333333333334,0.205837947071152,0.275500319591116,0,0.0232558139534884,0.794422238372093,0.564166666666667,0.80875,0.105333333333333,0.022,0.181192660550459,0.145333333333333,0,0.0659999999999954,12000,256
"Helical channels","class_imbalanced","patch",2,149,1,12000,"primary","FiberMargin",5,0.75,0.7575,0.00749999999999995,0.0299999999999998,-0.00555675910189175,0.174022205167562,0,0,0.77411102583781,0.662916666666667,0.781145833333333,0.09,0.02,0.148026315789474,0.152,0,0.0589999999999975,12000,316.945945945946
"Helical channels","class_imbalanced","patch",3,150,3,12000,"primary","FiberMargin",5,0.750083333333333,0.75175,0.0016666666666667,0.00666888962987678,0.496326086158774,0.666829120005179,0.490153172866521,0.490153172866521,0.841124447252053,0.614166666666667,0.786145833333333,0.208402800933645,0.0672147539162315,0.283189850475759,0.183916666666667,0,0.0599999999999952,12000,13.855579868709
"Helical channels","class_imbalanced","random",1,151,1,12000,"primary","FiberMargin",5,0.75,0.96425,0.21425,0.857,0.714339410116785,0.378288238508647,0,0,0.996167183792663,0.85,0.9928125,0.937,0.0266666666666667,0.891531874405328,0.26275,0,0.0630000000000024,12000,243.511111111111
"Helical channels","class_imbalanced","random",2,152,1,12000,"primary","FiberMargin",5,0.75,0.935416666666667,0.185416666666667,0.741666666666667,0.823369962265247,0.921936953510257,0.745222929936306,0.745222929936306,0.902602717302341,0.895833333333333,0.9453125,0.887666666666667,0.0486666666666667,0.810654490106545,0.27375,0,0.0619999999999976,12000,12.9702760084926
"Helical channels","class_imbalanced","random",3,153,3,12000,"primary","FiberMargin",5,0.750083333333333,0.974583333333333,0.2245,0.898299433144382,-0.000325598888656149,0.199965803197401,0,0,0.999829015987005,0.887916666666667,0.99625,0.968322774258086,0.0233307410287746,0.915799432355724,0.26425,0,0.0600000000000023,12000,307.815789473684
"Helical channels","class_imbalanced","region",1,154,1,12000,"primary","FiberMargin",5,0.75,0.732083333333333,-0.0179166666666667,-0.0716666666666668,0.233519086092834,0.351501068995817,0,0.238095238095238,0.748137379611121,0.679166666666667,0.7453125,0.00233333333333333,0.0246666666666667,0.0305676855895196,0.0190833333333333,0,0.0810000000000031,12000,262.047619047619
"Helical channels","class_imbalanced","region",2,155,1,12000,"primary","FiberMargin",5,0.75,0.741833333333333,-0.00816666666666666,-0.0326666666666666,0.182533890060684,0.339208548477485,0,0,0.755258126195029,0.677083333333333,0.758020833333333,0.0123333333333333,0.015,0.2,0.0154166666666667,0,0.0600000000000023,12000,233.68085106383
"Helical channels","class_imbalanced","region",3,156,3,12000,"primary","FiberMargin",5,0.750083333333333,0.735416666666667,-0.0146666666666666,-0.0586862287429141,0.0214975824524616,0.278670785192939,0.0405405405405405,0.105263157894737,0.751111871365036,0.637083333333333,0.76,0.00400133377792598,0.0208865681590934,0.06,0.0166666666666667,0,0.0670000000000002,12000,307.684210526316
"Helical channels","irregular_z","boundary",1,157,1,12000,"primary","FiberMargin",5,0.75,0.82975,0.07975,0.319,0.466007948215506,0.237775768427039,0.0338983050847458,0.037593984962406,0.909894969596462,0.275833333333333,0.968229166666667,0.341,0.00733333333333333,0.613677264547091,0.138916666666667,0,0.0790000000000006,12000,40.8045112781955
"Helical channels","irregular_z","boundary",2,158,1,12000,"primary","FiberMargin",5,0.75,0.8265,0.0765,0.306,0.469695797296295,0.209614679382622,0.00677966101694915,0.0701107011070111,0.910842706988752,0.252916666666667,0.969895833333333,0.326333333333333,0.00677777777777778,0.595136778115501,0.137083333333333,0,0.100999999999999,12000,40.0221402214022
"Helical channels","irregular_z","boundary",3,159,3,12000,"primary","FiberMargin",5,0.750083333333333,0.864083333333333,0.114,0.456152050683561,0.482616740763949,0.21319681380453,0.0069204152249135,0.047970479704797,0.95421397581464,0.426666666666667,0.9734375,0.484161387129043,0.00933229641150983,0.759414225941423,0.159333333333333,0,0.0840000000000032,12000,39.9741697416974
"Helical channels","irregular_z","patch",1,160,1,12000,"primary","FiberMargin",5,0.75,0.7605,0.0105,0.0419999999999998,0.299536207390268,0.584497233569761,0.389830508474576,0.49290780141844,0.784987982991311,0.575,0.806875,0.0676666666666667,0.00855555555555556,0.11700288184438,0.144583333333333,0,0.0949999999999989,12000,38.3617021276596
"Helical channels","irregular_z","patch",2,161,1,12000,"primary","FiberMargin",5,0.75,0.762,0.012,0.048,0.283215800227421,0.733862819909332,0.666666666666667,0.666666666666667,0.765688445921004,0.739166666666667,0.767708333333333,0.0733333333333333,0.00844444444444444,0.118406889128095,0.154833333333333,0,0.0720000000000027,12000,40.1333333333333
"Helical channels","irregular_z","patch",3,162,3,12000,"primary","FiberMargin",5,0.750166666666667,0.754916666666667,0.00475000000000003,0.0190126751167446,0.246303202237942,0.683314958254973,0.592465753424658,0.592465753424658,0.765076424270496,0.7275,0.761770833333333,0.0927284856571047,0.0245500999777827,0.142345110087046,0.16275,0,0.0649999999999977,12000,36.9691780821918
"Helical channels","irregular_z","random",1,163,1,12000,"primary","FiberMargin",5,0.75,0.9805,0.2305,0.922,0.87426486219838,0.88153327054042,0.802768166089965,0.881889763779528,0.993566767760316,0.904166666666667,0.999583333333333,0.953,0.0103333333333333,0.947630096121975,0.251416666666667,0,0.0859999999999985,12000,42.8385826771654
"Helical channels","irregular_z","random",2,164,1,12000,"primary","FiberMargin",5,0.75,0.976833333333333,0.226833333333333,0.907333333333333,0.851774474223501,0.851560478383131,0.758389261744966,0.806338028169014,0.994274104174363,0.88875,0.998854166666667,0.943,0.0118888888888889,0.939554965127865,0.250916666666667,0,0.125,12000,38.1267605633803
"Helical channels","irregular_z","random",3,165,3,12000,"primary","FiberMargin",5,0.750083333333333,0.95775,0.207666666666667,0.830943647882628,0.700253892474644,0.682066684327791,0.48339483394834,0.48339483394834,0.995752147012651,0.820416666666667,0.992083333333333,0.91730576858953,0.0287745806021553,0.881165919282511,0.260166666666667,0,0.0590000000000046,12000,39.9594095940959
"Helical channels","irregular_z","region",1,166,1,12000,"primary","FiberMargin",5,0.75,0.747833333333333,-0.00216666666666665,-0.0086666666666666,0.31369543418225,0.722391064152129,0.563573883161512,0.83955223880597,0.751592356687898,0.725833333333333,0.753333333333333,0.004,0.00422222222222222,0.184615384615385,0.00541666666666667,0,0.080999999999996,12000,40.4216417910448
"Helical channels","irregular_z","region",2,167,1,12000,"primary","FiberMargin",5,0.75,0.749,-0.001,-0.004,0.313099378260625,0.62629628059188,0.395522388059701,0.395522388059701,0.765340961520716,0.61375,0.7828125,0.0106666666666667,0.00488888888888889,0.359550561797753,0.00741666666666667,0,0.0820000000000007,12000,40.4365671641791
"Helical channels","irregular_z","region",3,168,3,12000,"primary","FiberMargin",5,0.750083333333333,0.7485,-0.00158333333333327,-0.00633544514838254,0.279683005934964,0.722695412201701,0.643356643356643,0.643356643356643,0.751985226223453,0.70625,0.7590625,0.0223407802600867,0.00955449394511721,0.421383647798742,0.01325,0,0.0640000000000001,12000,37.8671328671329
"Helical channels","uniform","boundary",1,169,1,12000,"primary","FiberMargin",5,0.75,0.88775,0.13775,0.551,0.29104212265373,0.217689367166052,0.00313479623824451,0.0273972602739726,0.986166558351128,0.55125,0.971875,0.592666666666667,0.0138888888888889,0.75820895522388,0.195416666666667,0,0.0579999999999998,12000,36.8869863013699
"Helical channels","uniform","boundary",2,170,1,12000,"primary","FiberMargin",5,0.75,0.881,0.131,0.524,0.2952622551652,0.226164703902255,0.00317460317460317,0.0431893687707641,0.977887206169284,0.524166666666667,0.970208333333333,0.560666666666667,0.0122222222222222,0.762466001813237,0.183833333333333,0,0.0630000000000024,12000,35.7574750830565
"Helical channels","uniform","boundary",3,171,3,12000,"primary","FiberMargin",5,0.750083333333333,0.890583333333333,0.1405,0.562187395798599,0.104322515716348,0.20425009966765,0,0,0.991549818924691,0.57625,0.969166666666667,0.606535511837279,0.0147761359848906,0.722685736988478,0.20975,0,0.0630000000000024,12000,37.5226480836237
"Helical channels","uniform","patch",1,172,1,12000,"primary","FiberMargin",5,0.75,0.7255,-0.0245,-0.0979999999999999,0.0924922850300811,0.364671189835851,0.225913621262458,0.31438127090301,0.778944434120052,0.586666666666667,0.760208333333333,0.125666666666667,0.0745555555555556,0.161525278491859,0.1945,0,0.0619999999999976,12000,35.9933110367893
"Helical channels","uniform","patch",2,173,1,12000,"primary","FiberMargin",5,0.75,0.72525,-0.02475,-0.0990000000000002,0.108261368397225,0.414154945755479,0.28428093645485,0.329710144927536,0.769508469869481,0.595833333333333,0.757604166666667,0.104333333333333,0.0677777777777778,0.135497835497836,0.1925,0,0.0659999999999954,12000,39.1413043478261
"Helical channels","uniform","patch",3,174,3,12000,"primary","FiberMargin",5,0.750083333333333,0.72,-0.0300833333333334,-0.120373457819273,0.0160354094775349,0.230593328506629,0.0584415584415584,0.059016393442623,0.794575449715724,0.513333333333333,0.771666666666667,0.15838612870957,0.0928785690478836,0.188866799204771,0.209583333333333,0,0.0679999999999978,12000,35.1770491803279
"Helical channels","uniform","random",1,175,1,12000,"primary","FiberMargin",5,0.75,0.92875,0.17875,0.715,0.385731810776614,0.419931217129343,0.210884353741497,0.244444444444444,0.998247717421378,0.714166666666667,0.982395833333333,0.91,0.065,0.786063921681543,0.289416666666667,0,0.106999999999999,12000,40.1592592592593
"Helical channels","uniform","random",2,176,1,12000,"primary","FiberMargin",5,0.75,0.929333333333333,0.179333333333333,0.717333333333333,0.368527378134667,0.407432229055239,0.197231833910035,0.258555133079848,0.998804157851164,0.706666666666667,0.985,0.904,0.0622222222222222,0.789749563191613,0.286166666666667,0,0.0690000000000026,12000,41.3346007604563
"Helical channels","uniform","random",3,177,3,12000,"primary","FiberMargin",5,0.750083333333333,0.908666666666667,0.158583333333333,0.634544848282761,0.0734040419767044,0.235999949847273,0.0333333333333333,0.0333333333333333,0.999355373422967,0.64375,0.974895833333333,0.903301100366789,0.0895456060437729,0.735142469470828,0.307083333333333,0,0.0619999999999976,12000,40.2185185185185
"Helical channels","uniform","region",1,178,1,12000,"primary","FiberMargin",5,0.75,0.73425,-0.01575,-0.0630000000000002,0.243486640350672,0.639378881893084,0.5,0.553956834532374,0.748074603321889,0.684166666666667,0.746770833333333,0.025,0.0293333333333333,0.219941348973607,0.0284166666666667,0,0.111999999999995,12000,38.7661870503597
"Helical channels","uniform","region",2,179,1,12000,"primary","FiberMargin",5,0.75,0.733666666666667,-0.0163333333333333,-0.0653333333333332,0.246169747191526,0.64462398943857,0.5,0.552542372881356,0.746450116009281,0.710833333333333,0.739375,0.0196666666666667,0.0283333333333333,0.187898089171975,0.0261666666666667,0,0.0749999999999957,12000,36.5254237288136
"Helical channels","uniform","region",3,180,3,12000,"primary","FiberMargin",5,0.750083333333333,0.701,-0.0490833333333334,-0.196398799599867,0.108529285675425,0.366117622422528,0.222222222222222,0.260869565217391,0.751279426816786,0.538333333333333,0.741666666666667,0.023674558186062,0.0733251860904344,0.096862210095498,0.0610833333333333,0,0.0690000000000026,12000,35.943143812709
"Thin folded sheets","class_imbalanced","boundary",1,181,1,12000,"primary","FiberMargin",5,0.75,0.946166666666667,0.196166666666667,0.784666666666667,0.304144847907886,0.282558821108854,0.0476190476190476,0.0476190476190476,0.995830746030338,0.852916666666667,0.969479166666667,0.848,0.0211111111111111,0.856565656565657,0.2475,0,0.0900000000000034,12000,268.404761904762
"Thin folded sheets","class_imbalanced","boundary",2,182,1,12000,"primary","FiberMargin",5,0.75,0.96625,0.21625,0.865,0.949943933992449,0.928403406483108,0.781345565749236,0.891221374045801,0.994459304547191,0.913333333333333,0.979479166666667,0.916,0.017,0.903056194544857,0.253583333333333,0,0.0649999999999977,12000,9.98854961832061
"Thin folded sheets","class_imbalanced","boundary",3,183,3,12000,"primary","FiberMargin",5,0.750083333333333,0.874083333333333,0.124,0.496165388462821,0.555247851628298,0.347187514646583,0,0,0.979398337820438,0.602916666666667,0.941875,0.613204401467156,0.0389956671480947,0.651203966005666,0.235333333333333,0,0.0670000000000002,12000,142.383333333333
"Thin folded sheets","class_imbalanced","patch",1,184,1,12000,"primary","FiberMargin",5,0.75,0.73875,-0.01125,-0.0449999999999999,0.0365534931510437,0.215541727782053,0.0196078431372549,0.0196078431372549,0.781531330778144,0.65125,0.760625,0.115333333333333,0.0534444444444444,0.16523400191022,0.1745,0,0.0649999999999977,12000,219.980392156863
"Thin folded sheets","class_imbalanced","patch",2,185,1,12000,"primary","FiberMargin",5,0.75,0.7345,-0.0155,-0.0619999999999998,0.486707900263579,0.503099745987338,0.0478723404255319,0.0537634408602151,0.815530441122858,0.641666666666667,0.757708333333333,0.122666666666667,0.0615555555555556,0.163773920783267,0.18725,0,0.0600000000000023,12000,58.989247311828
"Thin folded sheets","class_imbalanced","patch",3,186,3,12000,"primary","FiberMargin",5,0.750083333333333,0.722333333333333,-0.0277499999999999,-0.111037012337446,0.394557898455663,0.603944061026782,0,0,0.691650651291907,0.699166666666667,0.728125,0.16105368456152,0.0906565937118098,0.200414937759336,0.200833333333333,0,0.0640000000000001,12000,31.8571428571429
"Thin folded sheets","class_imbalanced","random",1,187,1,12000,"primary","FiberMargin",5,0.75,0.9325,0.1825,0.73,0.821525318697356,0.613227605341759,0,0,0.91183879093199,0.868333333333333,0.948541666666667,0.888,0.0526666666666667,0.799279927992799,0.27775,0,0.0739999999999981,12000,78.2816901408451
"Thin folded sheets","class_imbalanced","random",2,188,1,12000,"primary","FiberMargin",5,0.75,0.93775,0.18775,0.751,0.792350357773701,0.425821028037626,0,0.0153846153846154,0.969080553295362,0.85375,0.95875,0.897333333333333,0.0487777777777778,0.820982006709363,0.27325,0,0.0570000000000022,12000,132.353846153846
"Thin folded sheets","class_imbalanced","random",3,189,3,12000,"primary","FiberMargin",5,0.750083333333333,0.947333333333333,0.19725,0.789263087695899,0.0084984867590612,0.201791044776119,0,0,1,0.87875,0.964479166666667,0.944648216072024,0.0517720253305188,0.835693215339233,0.2825,0,0.0589999999999975,12000,236.770833333333
"Thin folded sheets","class_imbalanced","region",1,190,1,12000,"primary","FiberMargin",5,0.75,0.738166666666667,-0.0118333333333334,-0.0473333333333334,0.519456177557399,0.766644574974498,0.685294117647059,0.924698795180723,0.71605504587156,0.716666666666667,0.743541666666667,0.0623333333333333,0.0365555555555556,0.359615384615385,0.0433333333333333,0,0.0730000000000004,12000,19.6987951807229
"Thin folded sheets","class_imbalanced","region",2,191,1,12000,"primary","FiberMargin",5,0.75,0.707416666666667,-0.0425833333333333,-0.170333333333333,0.446533603995839,0.299248841737983,0,0,0.757187754626935,0.656666666666667,0.720104166666667,0.002,0.0574444444444444,0.0114285714285714,0.04375,0,0.0600000000000023,12000,122.728571428571
"Thin folded sheets","class_imbalanced","region",3,192,3,12000,"primary","FiberMargin",5,0.750083333333333,0.684833333333333,-0.06525,-0.26108702900967,0.466232101200991,0.516635257483135,0.144981412639405,0.314285714285714,0.660550458715596,0.632916666666667,0.6978125,0.0283427809269757,0.0964337295856016,0.0885416666666667,0.08,0,0.0549999999999997,12000,58.1333333333333
"Thin folded sheets","irregular_z","boundary",1,193,1,12000,"primary","FiberMargin",5,0.75,0.893583333333333,0.143583333333333,0.574333333333333,0.736956941639743,0.805095113159875,0.713523131672598,0.713523131672598,0.941366519085796,0.534166666666667,0.9834375,0.584666666666667,0.00344444444444444,0.77886323268206,0.187666666666667,0,0.0679999999999978,12000,14.8701067615658
"Thin folded sheets","irregular_z","boundary",2,194,1,12000,"primary","FiberMargin",5,0.75,0.8955,0.1455,0.582,0.744429613877801,0.809677413153522,0.707272727272727,0.707272727272727,0.94183820009574,0.545833333333333,0.982916666666667,0.593333333333333,0.00377777777777778,0.781044317683194,0.189916666666667,0,0.0590000000000046,12000,15.1927272727273
"Thin folded sheets","irregular_z","boundary",3,195,3,12000,"primary","FiberMargin",5,0.750083333333333,0.878416666666667,0.128333333333333,0.5135045015005,0.67225210037486,0.745312435001213,0.580152671755725,0.580152671755725,0.940887276132506,0.5025,0.972395833333333,0.539846615538513,0.00877680257749139,0.723737147966026,0.186416666666667,0,0.0679999999999978,12000,16.3034351145038
"Thin folded sheets","irregular_z","patch",1,196,1,12000,"primary","FiberMargin",5,0.75,0.752,0.002,0.00800000000000001,0.444339019311702,0.777630369401319,0.720689655172414,0.720689655172414,0.733695652173913,0.70125,0.7646875,0.104,0.032,0.146754468485419,0.177166666666667,0,0.0670000000000002,12000,14.5931034482759
"Thin folded sheets","irregular_z","patch",2,197,1,12000,"primary","FiberMargin",5,0.75,0.75725,0.00724999999999998,0.0289999999999999,0.486125627053912,0.723165797979028,0.577812018489985,0.714555765595463,0.780635221616497,0.69125,0.77375,0.107333333333333,0.0261111111111111,0.167533818938606,0.160166666666667,0,0.0720000000000027,12000,15.9508506616257
"Thin folded sheets","irregular_z","patch",3,198,3,12000,"primary","FiberMargin",5,0.750083333333333,0.75275,0.00266666666666671,0.0106702234078028,0.45011748581948,0.72899950397854,0.598848368522073,0.598848368522073,0.763513513513513,0.675416666666667,0.772083333333333,0.132044014671557,0.0404399511165426,0.18452935694315,0.178833333333333,0,0.0779999999999959,12000,16.1919385796545
"Thin folded sheets","irregular_z","random",1,199,1,12000,"primary","FiberMargin",5,0.75,0.955083333333333,0.205083333333333,0.820333333333333,0.863063276693524,0.917873126654391,0.863468634686347,0.863468634686347,0.973220661747203,0.8125,0.990729166666667,0.907333333333333,0.029,0.87215636014098,0.260083333333333,0,0.0929999999999964,12000,15.5018450184502
"Thin folded sheets","irregular_z","random",2,200,1,12000,"primary","FiberMargin",5,0.75,0.9595,0.2095,0.838,0.876249996340793,0.924088339402477,0.859929078014184,0.859929078014184,0.975725281231498,0.824166666666667,0.993333333333333,0.919333333333333,0.0271111111111111,0.887101962045674,0.259083333333333,0,0.0820000000000007,12000,14.9734042553191
"Thin folded sheets","irregular_z","random",3,201,3,12000,"primary","FiberMargin",5,0.750083333333333,0.936666666666667,0.186583333333333,0.746582194064688,0.808165497602953,0.874643645052714,0.799307958477509,0.799307958477509,0.967399007795889,0.784583333333333,0.9746875,0.871957319106369,0.0417731363181869,0.825181445250868,0.264083333333333,0,0.0679999999999978,12000,14.6470588235294
"Thin folded sheets","irregular_z","region",1,202,1,12000,"primary","FiberMargin",5,0.75,0.739083333333333,-0.0109166666666667,-0.0436666666666667,0.46655675659606,0.713060954845799,0.13780260707635,0.13780260707635,0.726418460806471,0.694166666666667,0.7503125,0.032,0.0252222222222222,0.209150326797386,0.03825,0,0.166999999999994,12000,15.6554934823091
"Thin folded sheets","irregular_z","region",2,203,1,12000,"primary","FiberMargin",5,0.75,0.733666666666667,-0.0163333333333333,-0.0653333333333332,0.471365033826937,0.729643212802426,0.512647554806071,0.512647554806071,0.730111257327432,0.656666666666667,0.752916666666667,0.0193333333333333,0.0282222222222222,0.159779614325069,0.03025,0,0.0649999999999977,12000,14.0961214165261
"Thin folded sheets","irregular_z","region",3,204,3,12000,"primary","FiberMargin",5,0.750083333333333,0.730666666666667,-0.0194166666666666,-0.0776925641880626,0.457147286642521,0.701982551311488,0.576146788990826,0.576146788990826,0.745588936576061,0.643333333333333,0.7525,0.0333444481493831,0.0369958893456283,0.194174757281553,0.0429166666666667,0,0.0760000000000005,12000,15.3908256880734
"Thin folded sheets","uniform","boundary",1,205,1,12000,"primary","FiberMargin",5,0.75,0.83475,0.08475,0.339,0.488867063707135,0.594884471098616,0.441830065359477,0.441830065359477,0.97869539198085,0.470833333333333,0.925729166666667,0.487333333333333,0.0494444444444444,0.539085545722714,0.226,0,0.0649999999999977,12000,10.921568627451
"Thin folded sheets","uniform","boundary",2,206,1,12000,"primary","FiberMargin",5,0.75,0.834333333333333,0.0843333333333334,0.337333333333333,0.482696298450427,0.590128464185129,0.451612903225806,0.451612903225806,0.976970560303894,0.475,0.924166666666667,0.485,0.0492222222222222,0.533162330524001,0.227416666666667,0,0.0799999999999983,12000,11.3225806451613
"Thin folded sheets","uniform","boundary",3,207,3,12000,"primary","FiberMargin",5,0.750083333333333,0.737333333333333,-0.01275,-0.0510170056685563,0.144865426447001,0.311434985468065,0.11968085106383,0.11968085106383,0.995103308252717,0.484166666666667,0.800625,0.492164054684895,0.180979891123209,0.370854271356784,0.331666666666667,0,0.0579999999999998,12000,11.1343085106383
"Thin folded sheets","uniform","patch",1,208,1,12000,"primary","FiberMargin",5,0.75,0.738083333333333,-0.0119166666666667,-0.0476666666666667,0.440241715675195,0.666175147230944,0.317941952506596,0.317941952506596,0.77823064013426,0.66,0.757604166666667,0.101333333333333,0.0496666666666667,0.140871177015755,0.179833333333333,0,0.0690000000000026,12000,11.0052770448549
"Thin folded sheets","uniform","patch",2,209,1,12000,"primary","FiberMargin",5,0.75,0.747166666666667,-0.00283333333333335,-0.0113333333333334,0.448638588477119,0.661049941995429,0.483026188166828,0.634615384615385,0.803509609645458,0.64625,0.772395833333333,0.129666666666667,0.047,0.183750590458196,0.176416666666667,0,0.105000000000004,12000,10.7397435897436
"Thin folded sheets","uniform","patch",3,210,3,12000,"primary","FiberMargin",5,0.750166666666667,0.662833333333333,-0.0873333333333333,-0.349566377585056,0.207907342892925,0.405602515497852,0.262944162436548,0.283967391304348,0.813521193464362,0.520833333333333,0.698333333333333,0.19346230820547,0.180848700288825,0.169343065693431,0.285416666666667,0,0.0629999999999953,12000,11.4755434782609
"Thin folded sheets","uniform","random",1,211,1,12000,"primary","FiberMargin",5,0.75,0.888583333333333,0.138583333333333,0.554333333333333,0.653976416236824,0.732601946631257,0.644295302013423,0.644295302013423,0.981185996665873,0.743333333333333,0.924895833333333,0.774333333333333,0.0733333333333333,0.696342925659472,0.278,0,0.070999999999998,12000,11.2724832214765
"Thin folded sheets","uniform","random",2,212,1,12000,"primary","FiberMargin",5,0.75,0.886916666666667,0.136916666666667,0.547666666666667,0.648625884867863,0.726582564822819,0.588983050847458,0.588983050847458,0.980156844106464,0.731666666666667,0.925729166666667,0.765666666666667,0.0726666666666667,0.694587239189598,0.275583333333333,0,0.0760000000000005,12000,11.8870056497175
"Thin folded sheets","uniform","random",3,213,3,12000,"primary","FiberMargin",5,0.750083333333333,0.77775,0.0276666666666667,0.110703567855952,0.289249115732699,0.434430812573841,0.238095238095238,0.321187584345479,0.988422057770351,0.617916666666667,0.817708333333333,0.694898299433144,0.194645039440062,0.480627306273063,0.361333333333333,0,0.0640000000000001,12000,11.306342780027
"Thin folded sheets","uniform","region",1,214,1,12000,"primary","FiberMargin",5,0.75,0.773333333333333,0.0233333333333333,0.0933333333333333,0.39303165949756,0.67604675225701,0.48036253776435,0.87741935483871,0.837030819043051,0.717083333333333,0.787395833333333,0.241,0.0492222222222222,0.400332225913621,0.1505,0,0.0740000000000052,12000,10.76
"Thin folded sheets","uniform","region",2,215,1,12000,"primary","FiberMargin",5,0.75,0.73775,-0.01225,-0.0489999999999999,0.452170879691433,0.759444887635138,0.578646329837941,0.8777633289987,0.728661812104572,0.729166666666667,0.739895833333333,0.109,0.0526666666666667,0.389749702026222,0.0699166666666667,0,0.0649999999999977,12000,10.8933680104031
"Thin folded sheets","uniform","region",3,216,3,12000,"primary","FiberMargin",5,0.750083333333333,0.646083333333333,-0.104,-0.416138712904301,0.188563716641282,0.411933869600629,0.201960784313725,0.226466575716235,0.784882338958878,0.54,0.672604166666667,0.153051017005669,0.189645594933896,0.199738903394256,0.1915,0,0.0659999999999954,12000,11.4788540245566
"Toroidal compartments","class_imbalanced","boundary",1,217,1,12000,"primary","FiberMargin",5,0.75,0.844583333333333,0.0945833333333334,0.378333333333333,0.748608474804086,0.778539887055634,0.598484848484849,0.598484848484849,0.890231228890621,0.40875,0.953541666666667,0.439,0.0202222222222222,0.762152777777778,0.144,0,0.0859999999999985,12000,58.3181818181818
"Toroidal compartments","class_imbalanced","boundary",2,218,1,12000,"primary","FiberMargin",5,0.75,0.96225,0.21225,0.849,0.916745973024879,0.806878856823304,0.352459016393443,0.352459016393443,0.991696938245978,0.879166666666667,0.983020833333333,0.883666666666667,0.0115555555555556,0.935757147899753,0.236083333333333,0,0.0640000000000001,12000,63.1803278688525
"Toroidal compartments","class_imbalanced","boundary",3,219,3,12000,"primary","FiberMargin",5,0.750083333333333,0.892416666666667,0.142333333333333,0.569523174391464,0.694891512056828,0.714349931579174,0.21969696969697,0.21969696969697,0.956345044572627,0.70625,0.938958333333333,0.718572857619206,0.0496611487612487,0.748783877692842,0.239833333333333,0,0.0640000000000001,12000,57.7878787878788
"Toroidal compartments","class_imbalanced","patch",1,220,1,12000,"primary","FiberMargin",5,0.75,0.722166666666667,-0.0278333333333334,-0.111333333333334,0.543063530116181,0.607634274525802,0.111111111111111,0.111111111111111,0.65576344367395,0.77625,0.708645833333333,0.0363333333333333,0.0492222222222222,0.167950693374422,0.0540833333333333,0,0.0749999999999957,12000,53.0763888888889
"Toroidal compartments","class_imbalanced","patch",2,221,1,12000,"primary","FiberMargin",5,0.75,0.733833333333333,-0.0161666666666667,-0.0646666666666667,0.47811689262223,0.684392763473334,0.479224376731302,0.895833333333333,0.757054731592072,0.707083333333333,0.740520833333333,0.131,0.0652222222222222,0.227694090382387,0.143833333333333,0,0.0730000000000004,12000,52.9097222222222
"Toroidal compartments","class_imbalanced","patch",3,222,3,12000,"primary","FiberMargin",5,0.750083333333333,0.728833333333333,-0.02125,-0.0850283427809269,0.533257313042931,0.538792213560917,0.18,0.357142857142857,0.763790849673203,0.725416666666667,0.7296875,0.111037012337446,0.0653260748805688,0.207605985037406,0.133666666666667,0,0.0899999999999963,12000,60.7142857142857
"Toroidal compartments","class_imbalanced","random",1,223,1,12000,"primary","FiberMargin",5,0.75,0.94675,0.19675,0.787,0.876419138653278,0.667593181443644,0.0916030534351145,0.0916030534351145,0.999870011698947,0.926666666666667,0.951770833333333,0.904666666666667,0.0392222222222222,0.8749194068343,0.2585,0,0.0649999999999977,12000,58.7251908396947
"Toroidal compartments","class_imbalanced","random",2,224,1,12000,"primary","FiberMargin",5,0.75,0.932916666666667,0.182916666666667,0.731666666666666,0.819768762220456,0.723210570793777,0.168,0.168,0.992713077423552,0.8825,0.945520833333333,0.839333333333333,0.0358888888888889,0.876740947075209,0.239333333333333,0,0.0770000000000053,12000,61.48
"Toroidal compartments","class_imbalanced","random",3,225,3,12000,"primary","FiberMargin",5,0.750083333333333,0.952833333333333,0.20275,0.811270423474491,0.926802055944627,0.659376870167699,0.128378378378378,0.128378378378378,0.994206714944042,0.904583333333333,0.964895833333333,0.920306768922974,0.0363292967448061,0.876747141041931,0.262333333333333,0,0.0619999999999976,12000,51.3175675675676
"Toroidal compartments","class_imbalanced","region",1,226,1,12000,"primary","FiberMargin",5,0.75,0.7215,-0.0285,-0.114,0.496516316233383,0.562244139812003,0.24031007751938,0.24031007751938,0.726984126984127,0.655,0.738125,0.045,0.053,0.218800648298217,0.0514166666666667,0,0.0649999999999977,12000,58.6046511627907
"Toroidal compartments","class_imbalanced","region",2,227,1,12000,"primary","FiberMargin",5,0.75,0.728,-0.022,-0.0880000000000001,0.528027451378938,0.562301876189661,0.00757575757575758,0.00757575757575758,0.704979846573918,0.72125,0.7296875,0.038,0.042,0.231237322515213,0.0410833333333333,0,0.0620000000000047,12000,58.2651515151515
"Toroidal compartments","class_imbalanced","region",3,228,3,12000,"primary","FiberMargin",5,0.750083333333333,0.698583333333333,-0.0515,-0.206068689563188,0.497061117350856,0.577410087404228,0.25077399380805,0.544117647058823,0.692637319828594,0.70625,0.696666666666667,0.021673891297099,0.0758804577269192,0.0863213811420983,0.06275,0,0.0649999999999977,12000,56.625
"Toroidal compartments","irregular_z","boundary",1,229,1,12000,"primary","FiberMargin",5,0.75,0.890583333333333,0.140583333333333,0.562333333333333,0.7516520366788,0.890279029184248,0.849462365591398,0.849462365591398,0.900205338809035,0.570833333333333,0.970520833333333,0.608333333333333,0.0153333333333333,0.804673721340388,0.189,0,0.0700000000000003,12000,1.04731182795699
"Toroidal compartments","irregular_z","boundary",2,230,1,12000,"primary","FiberMargin",5,0.75,0.88825,0.13825,0.553,0.747733863020202,0.887967581871625,0.835081829626521,0.886266094420601,0.894543973941368,0.562916666666667,0.969583333333333,0.6,0.0156666666666667,0.796107916850951,0.188416666666667,0,0.0870000000000033,12000,1.05407725321888
"Toroidal compartments","irregular_z","boundary",3,231,3,12000,"primary","FiberMargin",5,0.750083333333333,0.845916666666667,0.0958333333333333,0.383461153717906,0.672450046803055,0.845426278962253,0.717318900915903,0.834119159879983,0.909725071809602,0.493333333333333,0.9340625,0.524508169389797,0.0469947783579602,0.647591601482091,0.202416666666667,0,0.0730000000000004,12000,1.04457779682812
"Toroidal compartments","irregular_z","patch",1,232,1,12000,"primary","FiberMargin",5,0.75,0.732083333333333,-0.0179166666666667,-0.0716666666666668,0.485348965659446,0.731898006863469,0.647357293868922,0.647357293868922,0.787484762291751,0.66875,0.747916666666667,0.0756666666666667,0.0491111111111111,0.183212267958031,0.10325,0,0.0690000000000026,12000,1.04059196617336
"Toroidal compartments","irregular_z","patch",2,233,1,12000,"primary","FiberMargin",5,0.75,0.734833333333333,-0.0151666666666667,-0.0606666666666666,0.481728721337632,0.734531070104026,0.674841437632135,0.674841437632135,0.775770020533881,0.660833333333333,0.753333333333333,0.0863333333333333,0.049,0.199537750385208,0.108166666666667,0,0.0779999999999959,12000,1.02959830866808
"Toroidal compartments","irregular_z","patch",3,234,3,12000,"primary","FiberMargin",5,0.75,0.716416666666667,-0.0335833333333333,-0.134333333333333,0.469392278576091,0.715547989873563,0.584063412599082,0.672236503856041,0.833735909822866,0.620833333333333,0.7403125,0.124,0.0861111111111111,0.220771513353116,0.140416666666667,0,0.0629999999999953,12000,1.06426735218509
"Toroidal compartments","irregular_z","random",1,235,1,12000,"primary","FiberMargin",5,0.75,0.916,0.166,0.664,0.804123986966136,0.915790154843236,0.889311364596536,0.903681506849315,0.918019480519481,0.72125,0.9646875,0.858333333333333,0.0647777777777778,0.788667687595712,0.272083333333333,0,0.0739999999999981,12000,1.05479452054795
"Toroidal compartments","irregular_z","random",2,236,1,12000,"primary","FiberMargin",5,0.75,0.919833333333333,0.169833333333333,0.679333333333333,0.812357944691646,0.91993103245,0.881814398668331,0.942699490662139,0.913437757625721,0.735416666666667,0.9659375,0.867333333333333,0.0626666666666667,0.795962067910676,0.272416666666667,0,0.0790000000000006,12000,1.02971137521222
"Toroidal compartments","irregular_z","random",3,237,3,12000,"primary","FiberMargin",5,0.750166666666667,0.8625,0.112333333333333,0.449633088725817,0.695185545517498,0.862758073587654,0.825234789710086,0.888795282224094,0.825234789710086,0.662083333333333,0.912604166666667,0.775517011340894,0.108531437458343,0.672548452415389,0.288083333333333,0,0.0769999999999982,12000,1.03159224936816
"Toroidal compartments","irregular_z","region",1,238,1,12000,"primary","FiberMargin",5,0.75,0.728083333333333,-0.0219166666666667,-0.0876666666666668,0.402677477590514,0.726366810147811,0.583262531860663,0.671109200343938,0.741831383622428,0.645833333333333,0.748645833333333,0.056,0.0478888888888889,0.254545454545455,0.055,0,0.103000000000002,12000,1.06577815993121
"Toroidal compartments","irregular_z","region",2,239,1,12000,"primary","FiberMargin",5,0.75,0.721166666666667,-0.0288333333333334,-0.115333333333334,0.459442244266336,0.720638551093619,0.617458279845956,0.617458279845956,0.756472491909385,0.649583333333333,0.7390625,0.033,0.0494444444444444,0.181651376146789,0.0454166666666667,0,0.100000000000001,12000,1.05776636713736
"Toroidal compartments","irregular_z","region",3,240,3,12000,"primary","FiberMargin",5,0.750083333333333,0.715166666666667,-0.0349166666666667,-0.139713237745915,0.405097659357647,0.714966415326338,0.662736842105263,0.662736842105263,0.689256198347107,0.622083333333333,0.7384375,0.0996998999666556,0.0797689145650483,0.266964285714286,0.0933333333333333,0,0.0829999999999984,12000,1.01894736842105
"Toroidal compartments","uniform","boundary",1,241,1,12000,"primary","FiberMargin",5,0.75,0.8495,0.0995,0.398,0.67611933792933,0.849360085637246,0.71661101836394,0.915647406157739,0.916292364230298,0.4775,0.9425,0.504333333333333,0.0354444444444444,0.676352257487707,0.186416666666667,0,0.0690000000000026,12000,1.03289751159848
"Toroidal compartments","uniform","boundary",2,242,1,12000,"primary","FiberMargin",5,0.75,0.85,0.1,0.4,0.675936198843011,0.850133109642348,0.716110424392254,0.856598984771574,0.912847790507365,0.485,0.94125,0.501333333333333,0.0337777777777778,0.667554371948513,0.18775,0,0.0630000000000024,12000,1.03384094754653
"Toroidal compartments","uniform","boundary",3,243,3,12000,"primary","FiberMargin",5,0.750083333333333,0.793333333333333,0.04325,0.173057685895298,0.589418987428098,0.791995612244969,0.548081069426477,0.548081069426477,0.79415347137637,0.444583333333333,0.880520833333333,0.448816272090697,0.0918786801466504,0.500371747211896,0.224166666666667,0,0.0609999999999999,12000,1.0620957309185
"Toroidal compartments","uniform","patch",1,244,1,12000,"primary","FiberMargin",5,0.75,0.744333333333333,-0.00566666666666671,-0.0226666666666668,0.50321834387892,0.744975002087775,0.617536534446764,0.818534482758621,0.711802748585287,0.6975,0.756041666666667,0.190666666666667,0.0711111111111111,0.362944162436548,0.131333333333333,0,0.0649999999999977,12000,1.06637931034483
"Toroidal compartments","uniform","patch",2,245,1,12000,"primary","FiberMargin",5,0.75,0.74975,-0.000249999999999972,-0.00099999999999989,0.530744121937193,0.750354643872499,0.523789649415693,0.959813874788494,0.73429158110883,0.664583333333333,0.771041666666667,0.197,0.066,0.349704142011834,0.140833333333333,0,0.0820000000000007,12000,1.03003384094755
"Toroidal compartments","uniform","patch",3,246,3,12000,"primary","FiberMargin",5,0.750083333333333,0.724166666666667,-0.0259166666666667,-0.103701233744582,0.463514178735621,0.724390433192639,0.679966749792186,0.800590219224283,0.715116279069767,0.629166666666667,0.747916666666667,0.278426142047349,0.127319186757027,0.356990166737922,0.194916666666667,0,0.0599999999999952,12000,1.01517706576728
"Toroidal compartments","uniform","random",1,247,1,12000,"primary","FiberMargin",5,0.75,0.873416666666667,0.123416666666667,0.493666666666666,0.717961399061523,0.873232351259417,0.816506074570591,0.867007672634271,0.902715849209566,0.675416666666667,0.922916666666667,0.758,0.0881111111111111,0.698832206515058,0.271166666666667,0,0.0870000000000033,12000,1.05157715260017
"Toroidal compartments","uniform","random",2,248,1,12000,"primary","FiberMargin",5,0.75,0.873083333333333,0.123083333333333,0.492333333333333,0.714410601220655,0.873295771589489,0.838656838656839,0.893418259023355,0.838656838656839,0.689166666666667,0.9190625,0.752666666666667,0.0867777777777778,0.707615167659041,0.265916666666667,0,0.0640000000000001,12000,1.03694267515924
"Toroidal compartments","uniform","random",3,249,3,12000,"primary","FiberMargin",5,0.750083333333333,0.796333333333333,0.04625,0.185061687229076,0.576516691223395,0.796337179975621,0.701995012468828,0.811914893617021,0.862211221122112,0.64375,0.834479166666667,0.649883294431477,0.154871680924342,0.544109436069235,0.2985,0,0.0730000000000075,12000,1.03148936170213
"Toroidal compartments","uniform","region",1,250,1,12000,"primary","FiberMargin",5,0.75,0.722916666666667,-0.0270833333333333,-0.108333333333333,0.418239301540709,0.723190624042238,0.620987654320988,0.824105621805792,0.620987654320988,0.6325,0.745520833333333,0.086,0.0647777777777778,0.280434782608696,0.0766666666666667,0,0.0730000000000004,12000,1.03492333901193
"Toroidal compartments","uniform","region",2,251,1,12000,"primary","FiberMargin",5,0.75,0.7525,0.00249999999999995,0.00999999999999979,0.463521496730789,0.752531855398647,0.61709258483452,0.897597977243995,0.740131578947368,0.666666666666667,0.773958333333333,0.186,0.0586666666666667,0.496883348174533,0.0935833333333333,0,0.061000000000007,12000,1.02486304256216
"Toroidal compartments","uniform","region",3,252,3,12000,"primary","FiberMargin",5,0.750083333333333,0.705,-0.0450833333333334,-0.180393464488163,0.39273873308533,0.705653324362213,0.626865671641791,0.767599660729432,0.687832855387136,0.615,0.7275,0.192397465821941,0.124208421286524,0.334686774941995,0.143666666666667,0,0.0580000000000069,12000,1.03519932145886
"Warped ellipsoids","class_imbalanced","boundary",1,253,1,12000,"primary","FiberMargin",5,0.75,0.820666666666667,0.0706666666666667,0.282666666666667,0.677495485396336,0.701806650657043,0.29041095890411,0.653846153846154,0.827730542838456,0.291666666666667,0.952916666666667,0.325,0.0141111111111111,0.817267393126572,0.0994166666666667,0,0.0630000000000024,12000,58.8076923076923
"Warped ellipsoids","class_imbalanced","boundary",2,254,1,12000,"primary","FiberMargin",5,0.75,0.855166666666667,0.105166666666667,0.420666666666667,0.637327828246673,0.815931016253841,0.582352941176471,0.887218045112782,0.85632183908046,0.413333333333333,0.965625,0.446666666666667,0.00866666666666667,0.863958736299162,0.12925,0,0.0660000000000025,12000,57.5639097744361
"Warped ellipsoids","class_imbalanced","boundary",3,255,3,12000,"primary","FiberMargin",5,0.750083333333333,0.876833333333333,0.12675,0.507169056352118,0.703368058743207,0.74450296579346,0.564885496183206,0.564885496183206,0.963511232307493,0.62,0.941041666666667,0.635878626208736,0.0428841239862238,0.735441573467027,0.216083333333333,0,0.0640000000000072,12000,58.7862595419847
"Warped ellipsoids","class_imbalanced","patch",1,256,1,12000,"primary","FiberMargin",5,0.75,0.751333333333333,0.0013333333333333,0.00533333333333319,0.458454989231359,0.630776096174181,0.24031007751938,0.24031007751938,0.726867042919018,0.72375,0.758229166666667,0.091,0.0285555555555556,0.204954954954955,0.111,0,0.0719999999999885,12000,59.062015503876
"Warped ellipsoids","class_imbalanced","patch",2,257,1,12000,"primary","FiberMargin",5,0.75,0.7265,-0.0235,-0.0939999999999999,0.464745559439934,0.672706105984471,0.459214501510574,0.807692307692308,0.700961288646402,0.660416666666667,0.743020833333333,0.104333333333333,0.0661111111111111,0.174860335195531,0.149166666666667,0,0.0589999999999975,12000,59.2153846153846
"Warped ellipsoids","class_imbalanced","patch",3,258,3,12000,"primary","FiberMargin",5,0.750083333333333,0.706166666666667,-0.0439166666666666,-0.175725241747249,0.539092743708889,0.551591858150498,0.115015974440895,0.325,0.638983050847458,0.779583333333333,0.6878125,0.0460153384461487,0.0738806799244528,0.159722222222222,0.072,0,0.063999999999993,12000,63.9166666666667
"Warped ellipsoids","class_imbalanced","random",1,259,1,12000,"primary","FiberMargin",5,0.75,0.920333333333333,0.170333333333333,0.681333333333333,0.804790123614834,0.752111435756317,0.44574780058651,0.68421052631579,0.988697594953345,0.854166666666667,0.936875,0.814,0.0442222222222222,0.825836996956375,0.246416666666667,0,0.0679999999999978,12000,57.2105263157895
"Warped ellipsoids","class_imbalanced","random",2,260,1,12000,"primary","FiberMargin",5,0.75,0.919916666666667,0.169916666666667,0.679666666666667,0.798937901073747,0.72652732308837,0.335347432024169,0.688,0.986188925081433,0.846666666666667,0.938229166666667,0.829,0.0497777777777778,0.809306866254474,0.256083333333333,0,0.0660000000000025,12000,61.4
"Warped ellipsoids","class_imbalanced","random",3,261,3,12000,"primary","FiberMargin",5,0.750083333333333,0.85475,0.104666666666667,0.418806268756252,0.616143796463198,0.573531365576249,0.329153605015674,0.368852459016393,0.985795080889123,0.8425,0.8578125,0.731577192397466,0.10421064326186,0.649881516587678,0.281333333333333,0,0.0699999999999932,12000,62.3196721311475
"Warped ellipsoids","class_imbalanced","region",1,262,1,12000,"primary","FiberMargin",5,0.75,0.74475,-0.00524999999999998,-0.0209999999999999,0.498086110827841,0.551783974722827,0,0,0.726558407543216,0.710416666666667,0.753333333333333,0.098,0.0396666666666667,0.439461883408072,0.05575,0,0.0690000000000026,12000,57.4135338345865
"Warped ellipsoids","class_imbalanced","region",2,263,1,12000,"primary","FiberMargin",5,0.75,0.713583333333333,-0.0364166666666667,-0.145666666666667,0.447061332818805,0.539684787852235,0.0454545454545455,0.462686567164179,0.707387862796834,0.702916666666667,0.71625,0.0153333333333333,0.0536666666666667,0.0869565217391304,0.0440833333333333,0,0.0849999999999937,12000,56.5671641791045
"Warped ellipsoids","class_imbalanced","region",3,264,3,12000,"primary","FiberMargin",5,0.750083333333333,0.713416666666667,-0.0366666666666666,-0.146715571857286,0.553850988408022,0.559637468634931,0.0707964601769911,0.291338582677165,0.632343320685595,0.74125,0.706458333333333,0.0203401133711237,0.0556604821686479,0.108348134991119,0.0469166666666667,0,0.0589999999999975,12000,60.1811023622047
"Warped ellipsoids","irregular_z","boundary",1,265,1,12000,"primary","FiberMargin",5,0.75,0.892166666666667,0.142166666666667,0.568666666666667,0.754386772990561,0.891802491431421,0.82757148954332,0.82757148954332,0.872585285655569,0.55625,0.976145833333333,0.594333333333333,0.00855555555555556,0.832788416627744,0.178416666666667,0,0.0700000000000074,12000,1.03841229193342
"Warped ellipsoids","irregular_z","boundary",2,266,1,12000,"primary","FiberMargin",5,0.75,0.896083333333333,0.146083333333333,0.584333333333333,0.761565159669219,0.896069513672581,0.869620253164557,0.869620253164557,0.891836734693878,0.5675,0.978229166666667,0.611333333333333,0.009,0.837442922374429,0.1825,0,0.0620000000000118,12000,1.0337552742616
"Warped ellipsoids","irregular_z","boundary",3,267,3,12000,"primary","FiberMargin",5,0.750166666666667,0.856333333333333,0.106166666666667,0.424949966644429,0.68345341495962,0.856228847783456,0.769007062733693,0.863481228668942,0.900691900691901,0.49875,0.945729166666667,0.524683122081388,0.0332148411464119,0.710799819249887,0.184416666666667,0,0.063999999999993,12000,1.04820819112628
"Warped ellipsoids","irregular_z","patch",1,268,1,12000,"primary","FiberMargin",5,0.75,0.733,-0.017,-0.0680000000000001,0.520288514895289,0.732253302684985,0.491198658843252,0.776699029126214,0.845208845208845,0.687916666666667,0.744270833333333,0.0733333333333333,0.0471111111111111,0.192475940507437,0.09525,0,0.0720000000000027,12000,1.03081468974251
"Warped ellipsoids","irregular_z","patch",2,269,1,12000,"primary","FiberMargin",5,0.75,0.749583333333333,-0.000416666666666621,-0.00166666666666648,0.503854206165717,0.750263420389804,0.691619202603743,0.85261353898886,0.691619202603743,0.645833333333333,0.775520833333333,0.112,0.0378888888888889,0.238128986534373,0.117583333333333,0,0.0799999999999983,12000,1.05312767780634
"Warped ellipsoids","irregular_z","patch",3,270,3,12000,"primary","FiberMargin",5,0.750166666666667,0.733083333333333,-0.0170833333333333,-0.0683789192795197,0.488478454182596,0.73327411013205,0.556384742951907,0.751481795088908,0.765688671556642,0.6775,0.746979166666667,0.147765176784523,0.0719840035547656,0.2893533638145,0.127583333333333,0,0.0630000000000024,12000,1.038950042337
"Warped ellipsoids","irregular_z","random",1,271,1,12000,"primary","FiberMargin",5,0.75,0.929416666666667,0.179416666666667,0.717666666666667,0.832790197682033,0.929237537670209,0.904377390565236,0.92578125,0.926790660862683,0.755416666666667,0.972916666666667,0.869666666666667,0.0506666666666667,0.830627188793378,0.26175,0,0.078000000000003,12000,1.09678819444444
"Warped ellipsoids","irregular_z","random",2,272,1,12000,"primary","FiberMargin",5,0.75,0.922666666666667,0.172666666666667,0.690666666666667,0.818792523127367,0.92278253702036,0.900082576383154,0.932001699957501,0.909502262443439,0.735416666666667,0.969479166666667,0.855333333333333,0.0548888888888889,0.814344652491273,0.262583333333333,0,0.0760000000000076,12000,1.03314917127072
"Warped ellipsoids","irregular_z","random",3,273,3,12000,"primary","FiberMargin",5,0.750083333333333,0.874666666666667,0.124583333333333,0.498499499833278,0.719538177179143,0.874853800821667,0.849829351535836,0.915915915915916,0.857490864799026,0.675416666666667,0.924479166666667,0.772924308102701,0.0914342850794356,0.701361573373676,0.275416666666667,0,0.0679999999999978,12000,1.05662805662806
"Warped ellipsoids","irregular_z","region",1,274,1,12000,"primary","FiberMargin",5,0.75,0.730583333333333,-0.0194166666666666,-0.0776666666666666,0.453318852287474,0.730046470177742,0.658808933002481,0.66046511627907,0.865793780687398,0.629583333333333,0.755833333333333,0.031,0.0362222222222222,0.147619047619048,0.0525,0,0.0730000000000075,12000,1.03340380549683
"Warped ellipsoids","irregular_z","region",2,275,1,12000,"primary","FiberMargin",5,0.75,0.742166666666667,-0.00783333333333336,-0.0313333333333334,0.439973689510252,0.741915956860274,0.651490066225166,0.705199828104856,0.80742834073476,0.694583333333333,0.7540625,0.065,0.0321111111111111,0.31502423263328,0.0515833333333333,0,0.0830000000000126,12000,1.06446067898582
"Warped ellipsoids","irregular_z","region",3,276,3,12000,"primary","FiberMargin",5,0.750083333333333,0.725666666666667,-0.0244166666666666,-0.0976992330776925,0.426126815671107,0.725361902668745,0.660226795464091,0.750850340136054,0.730582524271845,0.6325,0.748958333333333,0.08702900966989,0.0615487168092434,0.306698002350176,0.0709166666666667,0,0.0600000000000023,12000,1.05102040816327
"Warped ellipsoids","uniform","boundary",1,277,1,12000,"primary","FiberMargin",5,0.75,0.8705,0.1205,0.482,0.711666532935465,0.870791269599162,0.785148101793909,0.919127086007702,0.853658536585366,0.5125,0.96,0.539,0.019,0.762735849056604,0.176666666666667,0,0.0870000000000033,12000,1.05263157894737
"Warped ellipsoids","uniform","boundary",2,278,1,12000,"primary","FiberMargin",5,0.75,0.859666666666667,0.109666666666667,0.438666666666667,0.690114669286572,0.859867389421561,0.75376254180602,0.892281594571671,0.853786958282706,0.4825,0.953958333333333,0.515,0.0254444444444444,0.710998619420157,0.181083333333333,0,0.0729999999999933,12000,1.0470737913486
"Warped ellipsoids","uniform","boundary",3,279,3,12000,"primary","FiberMargin",5,0.750083333333333,0.811666666666667,0.0615833333333333,0.246415471823941,0.613602130978881,0.811863521203422,0.672660400490396,0.835705045278137,0.672660400490396,0.463333333333333,0.89875,0.477159053017673,0.0768803466281524,0.551445086705202,0.21625,0,0.0650000000000119,12000,1.05519620526089
"Warped ellipsoids","uniform","patch",1,280,1,12000,"primary","FiberMargin",5,0.75,0.761583333333333,0.0115833333333333,0.0463333333333331,0.526768745300799,0.7613313210043,0.6548561900792,0.746419545071609,0.806584362139918,0.677083333333333,0.782708333333333,0.208666666666667,0.0541111111111111,0.398726114649682,0.130833333333333,0,0.0669999999999931,12000,1.02358887952822
"Warped ellipsoids","uniform","patch",2,281,1,12000,"primary","FiberMargin",5,0.75,0.74875,-0.00124999999999997,-0.00499999999999989,0.525778735837805,0.747930083840149,0.535834738617201,0.535834738617201,0.858610768598438,0.695833333333333,0.761979166666667,0.192666666666667,0.0658888888888889,0.366751269035533,0.131333333333333,0,0.0869999999999891,12000,1.02571669477234
"Warped ellipsoids","uniform","patch",3,282,3,12000,"primary","FiberMargin",5,0.750083333333333,0.717416666666667,-0.0326666666666666,-0.130710236745582,0.480228896011738,0.716810552055521,0.456,0.791843670348343,0.776561232765612,0.647083333333333,0.735,0.241413804601534,0.123986223752916,0.342155009451796,0.176333333333333,0,0.0619999999999976,12000,1.04757858963466
"Warped ellipsoids","uniform","random",1,283,1,12000,"primary","FiberMargin",5,0.75,0.89025,0.14025,0.561,0.748944074813856,0.89025344322917,0.852706672261855,0.909633418584825,0.89669252756227,0.710416666666667,0.935208333333333,0.8,0.0796666666666667,0.738688827331487,0.27075,0,0.0789999999999935,12000,1.04390451832907
"Warped ellipsoids","uniform","random",2,284,1,12000,"primary","FiberMargin",5,0.75,0.88225,0.13225,0.529,0.733043648775795,0.882310114588955,0.852506162695152,0.877716233489561,0.852506162695152,0.699583333333333,0.927916666666667,0.779333333333333,0.0834444444444444,0.722273710225517,0.26975,0,0.0750000000000028,12000,1.03706859821048
"Warped ellipsoids","uniform","random",3,285,3,12000,"primary","FiberMargin",5,0.750083333333333,0.826583333333333,0.0765,0.306102034011337,0.627149666796888,0.826752147072788,0.726819126819127,0.877490462060195,0.846440397350993,0.669583333333333,0.865833333333333,0.682560853617873,0.125430507721364,0.60669828097214,0.281166666666667,0,0.0550000000000068,12000,1.02416278083934
"Warped ellipsoids","uniform","region",1,286,1,12000,"primary","FiberMargin",5,0.75,0.74225,-0.00775000000000003,-0.0310000000000001,0.432968302749581,0.742718463078109,0.69727463312369,0.710492505353319,0.732072498029945,0.677083333333333,0.758541666666667,0.126,0.0523333333333333,0.409534127843987,0.0769166666666667,0,0.0760000000000076,12000,1.08693790149893
"Warped ellipsoids","uniform","region",2,287,1,12000,"primary","FiberMargin",5,0.75,0.738,-0.012,-0.048,0.563895826171313,0.738657527865653,0.353923205342237,0.917825537294564,0.669543773119605,0.692083333333333,0.749479166666667,0.154333333333333,0.0674444444444444,0.352896341463415,0.109333333333333,0,0.056999999999988,12000,1.02528445006321
"Warped ellipsoids","uniform","region",3,288,3,12000,"primary","FiberMargin",5,0.750083333333333,0.719,-0.0310833333333334,-0.124374791597199,0.410843563576668,0.717991052974525,0.610284742881428,0.610284742881428,0.857260049220673,0.645,0.7375,0.187729243081027,0.103988445728252,0.369908015768725,0.126833333333333,0,0.0589999999999975,12000,1.03612409689758
